"Time (s)","Linear Acceleration x (m/s^2)","Linear Acceleration y (m/s^2)","Linear Acceleration z (m/s^2)","Absolute acceleration (m/s^2)"
6.028083328E-3,1.418364948E-1,-1.183166546E-1,-1.769825293E0,1.779437549E0
1.610808333E-2,-1.177611691E-1,-1.721046066E-1,-1.226175740E0,1.243782390E0
2.618808334E-2,-2.188943186E-1,-3.139399320E-1,-3.297160122E-1,5.051590367E-1
3.626808332E-2,-2.140879074E-1,-4.222210103E-1,2.157637194E-1,5.202482064E-1
4.634908334E-2,-1.951739189E-1,-4.052833807E-1,4.421038824E-1,6.307165133E-1
5.642908334E-2,-2.126082695E-1,-3.111642587E-1,5.113229290E-1,6.351980871E-1
6.650908332E-2,-3.306772944E-1,-2.192138690E-1,3.868716681E-1,5.541406689E-1
7.658908333E-2,-4.653690764E-1,-1.488496453E-1,8.612246990E-2,4.961266713E-1
8.666908334E-2,-4.257346022E-1,-7.894676685E-2,-1.633598033E-1,4.627839332E-1
9.674908334E-2,-3.079070672E-1,8.754100442E-2,-2.892670208E-1,4.314459397E-1
1.068290833E-1,-1.053007525E-1,2.205622369E-1,-2.921818578E-1,3.809280600E-1
1.169090833E-1,1.011705717E-1,2.634246665E-1,-1.730109251E-1,3.309997277E-1
1.269890833E-1,1.359667674E-1,2.194056576E-1,-2.537983954E-3,2.581322254E-1
1.370690833E-1,2.840197295E-2,9.766779721E-2,1.187534416E-1,1.563587240E-1
1.471500833E-1,-1.890436980E-1,-8.898292780E-3,1.208783197E-1,2.245623912E-1
1.572300833E-1,-3.801324597E-1,-1.242030466E-1,1.289550787E-1,4.201862635E-1
1.673100833E-1,-4.089998710E-1,-2.329992646E-1,2.256931686E-1,5.220219901E-1
1.773900833E-1,-3.921812323E-1,-3.255764759E-1,2.554514033E-1,5.701417192E-1
1.874700833E-1,-3.345797262E-1,-3.413920248E-1,2.475108844E-1,5.382877907E-1
1.975500833E-1,-2.672510844E-1,-2.989944488E-1,2.370557705E-1,4.658500412E-1
2.076300833E-1,-1.885031229E-1,-2.354796535E-1,1.168741465E-1,3.234867241E-1
2.177100833E-1,-1.147252947E-1,-2.234449142E-1,-2.972607493E-2,2.529291649E-1
2.277900833E-1,3.371796906E-3,-2.237887305E-1,3.341099024E-2,2.262941872E-1
2.378700833E-1,8.495828927E-2,-2.604496032E-1,2.397826195E-2,2.750033886E-1
2.479500833E-1,4.546034753E-2,-3.110642713E-1,-2.273865223E-2,3.151898958E-1
2.580300833E-1,8.213057578E-2,-2.572804123E-1,-3.287450820E-2,2.720650204E-1
2.681110833E-1,1.536326677E-2,-1.864367169E-1,-7.367199361E-2,2.010528339E-1
2.781910833E-1,-9.782362550E-2,-1.361313665E-1,-1.085845488E-1,1.997293541E-1
2.882710833E-1,-1.534607595E-1,-1.528047019E-1,-1.580677807E-1,2.681136046E-1
2.983510833E-1,-2.003437346E-1,-1.492039865E-1,-1.761646208E-1,3.056687999E-1
3.084310833E-1,-2.999399436E-1,-9.807359397E-2,-2.052267444E-1,3.764311573E-1
3.185110833E-1,-4.073331222E-1,-1.998303491E-1,-2.207654276E-1,5.045689397E-1
3.285910833E-1,-5.473549336E-1,-3.747515595E-1,-2.546018028E-1,7.105337661E-1
3.386710833E-1,-7.801206020E-1,-5.471567130E-1,-3.971607211E-1,1.032330015E0
3.487510833E-1,-1.085602244E0,-8.672467464E-1,-2.568591204E-1,1.413020085E0
3.588310833E-1,-1.167157162E0,-1.087806644E0,3.046446133E-1,1.624311385E0
3.689110833E-1,-8.425106853E-1,-9.542726111E-1,6.968126893E-1,1.451209287E0
3.789920833E-1,-1.050901943E0,-7.330858916E-1,4.774204803E-1,1.367384413E0
3.890720833E-1,-2.400496911E0,-1.169268883E0,6.161737382E-1,2.740300205E0
3.991520833E-1,-2.718396577E0,-1.810725982E0,1.233644681E0,3.491459255E0
4.092334167E-1,-3.063134963E0,-2.777394106E0,1.771211084E0,4.498211036E0
4.193134167E-1,-4.140728568E0,-3.259197659E0,2.078329069E0,5.664578905E0
4.293934167E-1,-5.299511640E0,-3.439088418E0,2.700127244E0,6.870432294E0
4.394734167E-1,-6.699994633E0,-3.178762776E0,2.585755706E0,7.853699347E0
4.495534167E-1,-7.689148809E0,-1.981551803E0,1.466865263E0,8.074729138E0
4.596334167E-1,-8.667792031E0,-1.015789998E-1,-7.719727993E-1,8.702693777E0
4.697134167E-1,-6.926893498E0,1.638176402E0,-4.023386352E0,8.176375309E0
4.797934167E-1,3.240975396E0,-7.523483741E-1,-6.943223602E0,7.699240454E0
4.898734167E-1,1.175351625E1,-2.707217578E0,-8.833536036E0,1.495010134E1
4.999544167E-1,1.203035501E1,-1.060105460E0,-3.266134796E0,1.251083138E1
5.100344167E-1,5.718235431E0,1.432581868E0,2.971356189E0,6.601474445E0
5.201144167E-1,3.846910660E0,1.660557790E0,3.384955480E0,5.386473559E0
5.301944167E-1,5.185994380E0,4.487568444E-1,1.307835615E0,5.367155151E0
5.402744167E-1,3.255610977E0,-8.760280949E-1,7.165283310E-1,3.446714509E0
5.503544167E-1,3.027987935E-1,-6.349286824E-1,1.083808611E0,1.292076873E0
5.604344167E-1,-1.842919728E0,2.193354911E-1,1.617210918E0,2.461672671E0
5.705144167E-1,-3.157544399E0,5.141790015E-1,1.851115917E0,3.696092101E0
5.805944167E-1,-2.869980673E0,9.861855447E-1,1.431584918E0,3.355411505E0
5.906744167E-1,-1.010651464E0,2.303920496E0,2.062005982E-1,2.524279050E0
6.007544167E-1,-6.941579072E-1,2.438597660E0,-1.767109262E0,3.090515959E0
6.108344167E-1,-9.490859847E-1,8.806327772E-1,-2.291871139E0,2.632290184E0
6.209154167E-1,-8.226896475E-1,-1.410960034E0,-2.117983716E0,2.674599315E0
6.309954167E-1,-7.641964410E-1,-1.909076734E0,-2.782083280E0,3.459560313E0
6.410754167E-1,-1.206651887E-1,-2.041657671E0,-2.783429602E0,3.454042050E0
6.511554166E-1,1.093525806E-1,-2.316517153E0,-1.868780648E0,2.978346994E0
6.612354167E-1,-2.441250542E-1,-2.221811555E0,-2.844801977E-1,2.253213841E0
6.713154167E-1,-4.368875813E-1,-1.310469786E0,1.814675776E0,2.280624913E0
6.813954167E-1,2.104176978E0,2.962511106E0,5.148253527E0,6.301471827E0
6.914754167E-1,1.442692289E-1,1.937272593E0,4.327271412E0,4.743323369E0
7.015554167E-1,-1.126298865E0,1.777360600E-1,2.559290915E0,2.801804638E0
7.116354167E-1,-8.236455211E-1,-7.025675189E-1,9.618544033E-1,1.448156399E0
7.217154167E-1,-2.694107243E0,-2.985895291E0,-1.619259198E0,4.335410578E0
7.317954167E-1,-5.418421787E0,-5.886736398E0,-2.728311993E0,8.453203323E0
7.418764167E-1,-6.457942125E0,-6.783848383E0,-3.209917325E0,9.900968872E0
7.519564167E-1,-1.927994816E0,3.122264054E0,-1.333793452E0,3.904446415E0
7.620364167E-1,4.971820226E-1,5.092067047E0,-8.559078258E-1,5.187380358E0
7.721164167E-1,1.485598865E0,1.570271518E0,-1.485175234E-1,2.166751966E0
7.821964167E-1,3.301406662E0,1.829717154E0,1.655838210E0,4.121765518E0
7.922764167E-1,3.564951781E0,2.264102712E0,2.244715391E0,4.782655066E0
8.023564167E-1,4.776959133E0,4.321085351E0,3.281217981E0,7.228935510E0
8.124364167E-1,5.095439721E0,4.276618445E-1,4.790493391E0,7.006798665E0
8.225164167E-1,-2.385478922E0,-1.024450426E1,2.676697743E0,1.085380523E1
8.325964167E-1,2.650060460E0,-1.256459640E0,3.863876648E0,4.850881778E0
8.426764167E-1,8.080012956E-1,-5.242841595E-1,2.692753905E0,2.859836283E0
8.527564167E-1,-7.311183035E-1,4.411110252E-1,7.772601441E-1,1.154662826E0
8.628374167E-1,-1.790266575E0,1.357693654E0,-7.493870518E-1,2.368536979E0
8.729174167E-1,-1.373080309E0,3.233392727E0,7.740719497E-2,3.513711703E0
8.829974167E-1,-1.790590510E0,1.319204941E0,-4.463296652E-2,2.224524254E0
8.930774167E-1,-1.930038710E0,-4.204715234E-1,3.999349326E-1,2.015389212E0
9.031574167E-1,-1.725097017E0,-9.972987628E-1,1.103860175E0,2.277953430E0
9.132374167E-1,-1.308619727E0,-1.831663692E0,-2.166141969E-1,2.261503743E0
9.233174167E-1,-1.450769340E0,-3.096825158E0,6.185023919E-1,3.475284585E0
9.333974167E-1,-1.480410630E0,-4.463021833E0,2.354888921E0,5.258866926E0
9.434774167E-1,-1.307552902E0,-3.941976446E0,1.807833949E0,4.529584582E0
9.535574167E-1,-1.965196263E0,-1.856760526E0,7.485853985E-1,2.805340640E0
9.636374167E-1,-2.888405249E0,-6.088547784E-1,9.035743278E-1,3.087075572E0
9.737174167E-1,-4.530395498E0,1.706657238E0,1.798983604E-1,4.844535655E0
9.837974167E-1,-5.193201073E0,1.252467746E-1,1.771308147E0,5.488402017E0
9.938784167E-1,-3.981128232E0,-1.601434838E0,2.192553842E0,4.818845079E0
1.003958417E0,-3.064519876E0,-2.807554044E0,1.651640201E0,4.472310045E0
1.014038417E0,-2.652308714E0,-4.346087460E0,1.223922223E0,5.236525884E0
1.024118417E0,-2.638583545E0,-4.970832047E0,9.078612140E-1,5.700482992E0
1.034198417E0,-2.817079743E0,-5.431216080E0,2.128485900E-1,6.122038133E0
1.044278417E0,-2.800314022E0,-5.572057963E0,-1.025852179E0,6.319965289E0
1.054358417E0,-2.685985753E0,-4.085841925E0,-1.251200654E0,5.047189988E0
1.064438417E0,-2.742061720E0,-2.995249667E0,1.815826508E-1,4.064897945E0
1.074518417E0,-2.889278238E0,-2.365012205E0,8.512937880E-1,3.829609978E0
1.084598417E0,-3.178608994E0,-1.778497299E0,1.046245805E0,3.789622417E0
1.094678417E0,-2.837403495E0,-2.038874397E0,7.005698177E-1,3.563518692E0
1.104758417E0,-2.093226605E0,-2.244044423E0,3.285380906E-1,3.086303658E0
1.114839417E0,-1.446549112E0,-2.984082069E0,-3.971396711E-1,3.339905695E0
1.124919417E0,-7.056425697E-1,-3.565067264E0,-7.620632306E-1,3.713270311E0
1.134999417E0,-8.662649989E-1,-2.939364318E0,-1.092852499E0,3.253398873E0
1.145079417E0,-8.800784612E-1,-3.132873827E0,-1.674986087E0,3.659920068E0
1.155159417E0,4.376067889E-1,-3.050994682E0,-1.765905612E0,3.552251523E0
1.165239417E0,2.459023154E0,-2.674360319E0,-1.132298401E0,3.805403744E0
1.175319417E0,5.363939770E0,-2.372833441E0,-5.829232541E-1,5.894233446E0
1.185399417E0,1.406928262E1,3.356901124E0,1.901704565E0,1.458869353E1
1.195479417E0,9.818939223E0,4.504593197E0,1.418822200E0,1.089568648E1
1.205559417E0,4.245577916E0,-6.703768426E-1,1.534467116E0,4.563871852E0
1.215639417E0,-1.817595291E-1,1.705649763E0,3.486285388E0,3.885416767E0
1.225719417E0,-2.834976901E0,1.437252975E1,-2.092351569E-1,1.465095508E1
1.235799417E0,-8.429334390E0,1.798723987E1,-6.092993422E0,2.077784987E1
1.245880417E0,-5.066968458E0,1.481988034E1,2.132579536E0,1.580667321E1
1.255960417E0,-1.269405960E0,-4.483954865E-1,1.149286843E1,1.157145084E1
1.266040417E0,3.933854079E0,-4.289741351E0,7.182822034E0,9.244999791E0
1.276120417E0,1.056771963E1,5.415080103E0,-3.928244260E0,1.250723365E1
1.286200417E0,8.232447529E0,3.047539562E-1,-5.651548521E0,9.990298693E0
1.296280417E0,3.154122609E0,4.118156562E0,-1.023325772E1,1.147289268E1
1.306360417E0,-2.320983256E0,2.479594243E0,-1.274463567E1,1.318943097E1
1.316440417E0,-8.029072013E0,-8.019039361E0,-2.569227381E0,1.163494388E1
1.326520417E0,-5.193582897E0,-2.574040809E0,2.306685644E0,6.238572597E0
1.336600417E0,-8.458558774E-1,8.430996754E0,1.504496773E0,8.605852019E0
1.346680417E0,-1.914278417E0,6.742506230E0,5.922410846E-1,7.033960593E0
1.356760417E0,-1.247463698E0,4.290959326E0,2.112604278E0,4.942832634E0
1.366841417E0,-1.978820568E-1,4.211778671E0,2.408320777E0,4.855743593E0
1.376921417E0,5.335765547E-1,3.073051549E0,1.091310296E0,3.304437611E0
1.387001417E0,6.945866543E-1,2.222604437E0,-5.556620729E-1,2.393988606E0
1.397081417E0,9.871257770E-1,1.385044590E0,-5.112244399E-1,1.775983176E0
1.407163917E0,1.419832599E0,6.629953176E-1,-6.155048168E-1,1.683547914E0
1.417243917E0,1.831401152E0,1.355139005E-1,2.691998883E-1,1.856034153E0
1.427323917E0,1.947721567E0,-3.769530362E-1,9.290254303E-1,2.190616613E0
1.437403917E0,1.462227252E0,-6.850714803E-2,8.961057524E-1,1.716335423E0
1.447483917E0,9.663675767E-1,-4.111294270E-2,4.453904562E-1,1.064861130E0
1.457563917E0,1.023103403E0,-8.631729913E-1,1.255639275E0,1.835330536E0
1.467643917E0,1.524501560E0,-1.486268663E0,2.098336633E0,2.989333734E0
1.477723917E0,2.201530195E0,-2.028661065E0,2.713504504E0,4.040458837E0
1.487804917E0,2.725893877E0,-2.742186851E0,2.629461596E0,4.675912151E0
1.497884917E0,3.054791864E0,-3.711339456E0,2.378158500E0,5.362968557E0
1.507964917E0,3.010814078E0,-4.535253657E0,2.352093659E0,5.930081933E0
1.518044917E0,2.521599179E0,-5.254165898E0,1.866019592E0,6.119375035E0
1.528124917E0,1.685654332E0,-5.664518230E0,1.828525491E0,6.186412755E0
1.538204917E0,9.261960357E-1,-5.590688362E0,2.856387358E0,6.346068404E0
1.548284917E0,3.835071802E-2,-5.680433766E0,1.358756385E0,5.840806234E0
1.558364917E0,-6.957715926E-1,-5.279198413E0,1.412170408E0,5.508925417E0
1.568444917E0,-9.614635170E-2,-4.395305813E0,2.256284984E0,4.941536122E0
1.578524917E0,1.364852985E0,-3.534851777E0,4.064701316E0,5.556959380E0
1.588604917E0,5.817190200E-1,-2.709663468E0,6.869782573E0,7.407738233E0
1.598684917E0,-1.394677877E0,-3.075507379E0,6.497036608E0,7.322250796E0
1.608764917E0,-2.303602992E0,-2.467665339E0,9.096856037E0,9.703027813E0
1.618845917E0,1.305110813E0,-2.383518643E0,-1.071676662E0,2.921124137E0
1.628925917E0,-2.517814568E0,-5.545288240E0,8.810345979E0,1.071035985E1
1.639005917E0,-3.926121136E0,-5.689566532E0,9.035489509E0,1.137654012E1
1.649085917E0,-1.049548897E0,-3.818770350E0,-4.891301143E-1,3.990464652E0
1.659165917E0,-3.806826827E0,-2.650455147E-1,-1.231828244E0,4.009935216E0
1.669245917E0,-9.150603644E0,4.588342867E0,-4.525686443E0,1.119233108E1
1.679325917E0,-1.242447957E1,8.472083384E0,-4.694742311E0,1.575387237E1
1.689405917E0,-1.186001977E1,1.028322686E1,7.282533140E-1,1.571417120E1
1.699485917E0,-8.667130710E0,9.980356289E0,5.217918423E0,1.421102878E1
1.709565917E0,-6.025552222E0,7.552931489E0,-1.204933391E0,9.736833064E0
1.719645917E0,-3.198181379E0,6.869323567E0,-6.064756633E0,9.705526437E0
1.729725917E0,-7.871550947E-1,8.951239318E0,-6.127140577E0,1.087594364E1
1.739805917E0,6.705645382E-1,1.199962790E1,-2.882093765E0,1.235909345E1
1.749886917E0,1.861753464E0,1.422504075E1,2.030649118E0,1.448935631E1
1.759966917E0,2.709319652E0,1.407371481E1,4.038408726E0,1.489021849E1
1.770046917E0,3.149620838E0,1.114552510E1,2.551912022E0,1.185981013E1
1.780126917E0,3.759347436E0,7.676784287E0,1.324174490E0,8.649806253E0
1.790206917E0,4.235020768E0,4.915254847E0,6.892937547E-1,6.524588646E0
1.800286917E0,4.253786822E0,3.054435768E0,1.694990873E-1,5.239562017E0
1.810366917E0,4.040724224E0,1.827413936E0,-6.843995621E-1,4.487237090E0
1.820446917E0,3.840988600E0,1.061526918E0,-1.644532326E0,4.310976617E0
1.830526917E0,3.963642134E0,5.252746779E-1,-2.816429533E0,4.890669460E0
1.840606917E0,4.092089090E0,8.610434353E-2,-3.551014650E0,5.418700225E0
1.850686917E0,3.971568035E0,-4.169994467E-1,-3.518095996E0,5.322052295E0
1.860766917E0,3.608407996E0,-6.648675960E-1,-2.910417677E0,4.683288187E0
1.870847917E0,3.036506451E0,-8.347297955E-1,-1.906085737E0,3.681074313E0
1.880927917E0,2.478384454E0,-1.062166019E0,-9.136379707E-1,2.846984457E0
1.891007917E0,2.096610389E0,-1.294383511E0,-6.836687332E-1,2.557069951E0
1.901087917E0,1.889100891E0,-1.442087102E0,-1.402956073E0,2.759819402E0
1.911167917E0,1.667703087E0,-1.617097190E0,-2.369637645E0,3.318345895E0
1.921247917E0,1.571157956E0,-1.841233245E0,-2.915825767E0,3.789553679E0
1.931327917E0,1.594018230E0,-2.037994975E0,-2.661349387E0,3.711751365E0
1.941407917E0,1.756049838E0,-2.395365102E0,-1.791856140E0,3.468750990E0
1.951487917E0,2.420295290E0,-3.033978699E0,-1.180933494E0,4.056779506E0
1.961567917E0,3.112857639E0,-3.970282232E0,-6.445584619E-1,5.086106496E0
1.971647917E0,3.617015682E0,-4.659180130E0,2.715008408E-2,5.898431915E0
1.981727917E0,4.258010851E0,-5.146909837E0,7.808056033E-1,6.725399219E0
1.991807917E0,4.850729068E0,-5.876192699E0,2.031882881E0,7.885921707E0
2.001888917E0,5.050600348E0,-6.750245605E0,3.728151371E0,9.218106760E0
2.011968917E0,4.438875171E0,-7.199387780E0,5.987987954E0,1.036295310E1
2.022048917E0,3.053520094E0,-7.461455893E0,8.235895048E0,1.152507164E1
2.032128917E0,1.556974949E0,-8.992134744E0,9.161996943E0,1.293154462E1
2.042208917E0,7.669237286E-1,-1.062751676E1,7.515699928E0,1.303909621E1
2.052288917E0,1.174455948E0,-1.050470535E1,5.765918305E0,1.204051474E1
2.062368917E0,2.763330383E0,-7.932295332E0,4.737394533E0,9.643661701E0
2.072448917E0,4.203703666E0,-3.366270118E0,1.998912186E0,5.744436347E0
2.082528917E0,2.769703263E0,3.537801113E0,3.025059941E0,5.416482302E0
2.092608917E0,-3.962531748E0,7.086259945E0,5.624995145E0,9.877110319E0
2.102688917E0,-7.340838944E0,9.707271438E0,-2.825435999E0,1.249408355E1
2.112768917E0,-7.644839194E0,1.478008419E1,-1.074977853E1,1.981040619E1
2.122848917E0,-6.843551379E0,1.284972183E1,-6.334674633E0,1.587695340E1
2.132929917E0,-3.548434859E0,3.306453102E0,-1.508605612E0,5.079361471E0
2.143009917E0,-1.289951321E0,4.101394933E-1,-8.166378670E0,8.277797376E0
2.153089917E0,-4.608249128E-1,7.543919760E-1,-1.069076960E1,1.072725601E1
2.163169917E0,3.452166885E-1,6.748780292E-1,-7.833800154E0,7.870391335E0
2.173249917E0,1.749697423E-1,1.152866859E0,-3.865625258E0,4.037669506E0
2.183329917E0,-1.999628470E0,3.186041390E0,-4.144546800E0,5.597020809E0
2.193409917E0,-3.336703087E0,5.447240374E0,-6.065686340E0,8.809004823E0
2.203489917E0,-4.388930009E0,6.517053967E0,-5.323753611E0,9.490893085E0
2.213569917E0,-4.988611091E0,6.292505098E0,-2.493168847E0,8.408195521E0
2.223649917E0,-4.430891967E0,5.597450666E0,2.584565797E-1,7.143602550E0
2.233729917E0,-2.991277653E0,4.734544308E0,4.629297642E-1,5.619426641E0
2.243809917E0,-1.552738057E0,2.764082335E0,-2.381098773E-1,3.179283400E0
2.253890917E0,-6.381078136E-1,8.689915556E-1,-2.484867847E-1,1.106378591E0
2.263970917E0,-7.254231155E-2,-2.133052576E-1,1.989941972E-1,3.005997512E-1
2.274050917E0,1.493583530E-1,-3.141521859E-1,4.198688217E-1,5.452424607E-1
2.284130917E0,1.853801250E-1,-1.042277884E-1,1.520205903E-1,2.614182138E-1
2.294210917E0,4.432189465E-4,-2.220573699E-1,-3.081277996E-1,3.798057568E-1
2.304290917E0,-2.842477709E-1,-7.792473203E-1,-4.555325979E-1,9.463261220E-1
2.314370917E0,-3.734330124E-1,-1.281077587E0,-3.820051767E-1,1.387998542E0
2.324450917E0,-2.842085946E-1,-2.108836332E0,-3.151193154E-1,2.151107943E0
2.334530917E0,-1.100831902E-1,-3.026521745E0,-1.017129010E-1,3.030230634E0
2.344610917E0,9.451380908E-2,-3.687514392E0,3.442804031E-1,3.704756975E0
2.354690917E0,2.186420113E-1,-4.131533822E0,8.220990787E-1,4.218201387E0
2.364770917E0,1.444396752E-1,-4.203775586E0,1.215712586E0,4.378418561E0
2.374850917E0,-3.857115805E-2,-3.964943140E0,1.357286103E0,4.191000763E0
2.384931917E0,-2.536715108E-1,-3.792629787E0,1.338246545E0,4.029800709E0
2.395011917E0,-3.562883914E-1,-3.800020668E0,1.468818379E0,4.089563048E0
2.405091917E0,-3.832902485E-1,-3.863067686E0,1.579665070E0,4.191126948E0
2.415168667E0,-2.129631954E-1,-4.063055910E0,1.626347485E0,4.381641564E0
2.425248667E0,-3.905992681E-1,-4.030539544E0,1.482069193E0,4.312116174E0
2.435328667E0,-5.518046647E-1,-4.039443099E0,1.542108403E0,4.358863070E0
2.445408667E0,-6.202913475E-1,-4.233084170E0,1.806913598E0,4.644211418E0
2.455488667E0,-6.126478672E-1,-4.338662081E0,1.913611835E0,4.781342522E0
2.465568667E0,-3.765688741E-1,-4.280376450E0,1.607447530E0,4.587735197E0
2.475648667E0,6.629806995E-2,-3.919123773E0,1.221941772E0,4.105736021E0
2.485728667E0,4.849715745E-1,-3.550469105E0,1.192276508E0,3.776579347E0
2.495808667E0,9.017733854E-1,-3.413306875E0,1.378783245E0,3.790105842E0
2.505889667E0,1.146398084E0,-3.260916740E0,1.018752124E0,3.603562466E0
2.515969667E0,9.294909418E-1,-2.478789666E0,-5.288128281E-1,2.699628609E0
2.526049667E0,-7.656344175E-3,-7.938764691E-1,-2.441573747E0,2.567407414E0
2.536129667E0,-9.712821615E-1,5.373228657E-1,-2.959667605E0,3.160970932E0
2.546209667E0,-1.582237844E0,1.318595077E0,-1.266817982E0,2.418056528E0
2.556289667E0,-1.829808955E0,9.178590757E-1,1.048863603E0,2.300169766E0
2.566369667E0,-1.714838662E0,7.176644450E-1,1.572352542E0,2.434749763E0
2.576449667E0,-1.420163552E0,1.639323041E0,-1.352022439E-1,2.173136948E0
2.586529667E0,-1.972288059E0,2.590452189E0,-1.870347847E0,3.754805428E0
2.596609667E0,-2.772820414E0,3.517800711E0,-2.589906060E0,5.174076564E0
2.606689667E0,-3.757140697E0,4.303705671E0,-2.532661818E0,6.249189116E0
2.616769667E0,-4.919626225E0,4.716699191E0,-1.864565390E0,7.065874153E0
2.626849667E0,-5.601285855E0,4.359824908E0,-7.553294308E-1,7.138136943E0
2.636930667E0,-5.447816910E0,3.086622351E0,4.899539870E-1,6.280605188E0
2.647010667E0,-4.374879735E0,1.025365983E0,1.524798306E0,4.745098309E0
2.657090667E0,-3.340080439E0,-7.508310217E-1,1.764996663E0,3.851635728E0
2.667170667E0,-2.516734003E0,-1.832252507E0,1.562667214E0,3.483249648E0
2.677250667E0,-1.687782426E0,-2.576901852E0,1.580985956E0,3.462448449E0
2.687330667E0,-7.840320969E-1,-3.032181265E0,1.788477765E0,3.606588731E0
2.697410667E0,1.902789223E-1,-2.895339462E0,1.796683601E0,3.412809493E0
2.707490667E0,8.628075403E-1,-2.362692615E0,1.307328515E0,2.834759441E0
2.717570667E0,1.287208393E0,-2.025336338E0,3.993244833E-1,2.432766485E0
2.727650667E0,1.494003360E0,-1.929699279E0,-5.593465497E-1,2.503728003E0
2.737730667E0,1.591199287E0,-1.765970224E0,-1.353157530E0,2.735251598E0
2.747810667E0,1.491850415E0,-1.576370748E0,-1.821796516E0,2.833638111E0
2.757891667E0,1.210854281E0,-1.465092387E0,-1.654079806E0,2.519651523E0
2.767971667E0,7.439511877E-1,-1.200159724E0,-1.072174113E0,1.772964766E0
2.778051667E0,2.553543395E-1,-6.439164376E-1,-5.698643750E-1,8.969836248E-1
2.788131667E0,5.040299892E-3,-2.081550300E-2,-5.939706910E-1,5.943566871E-1
2.798211667E0,-4.790799201E-2,5.620162421E-1,-1.312729150E0,1.428781038E0
2.808291667E0,6.150510728E-2,1.016605684E0,-2.150647432E0,2.379612232E0
2.818371667E0,1.916173500E-1,1.283462082E0,-2.464884403E0,2.785614338E0
2.828451667E0,3.099895531E-1,1.450848570E0,-2.151571000E0,2.613486725E0
2.838531667E0,4.603939730E-1,1.556411278E0,-1.757955592E0,2.392652615E0
2.848611667E0,6.581333578E-1,1.907905537E0,-1.701408777E0,2.639703559E0
2.858691667E0,8.593483275E-1,2.216493512E0,-1.930652375E0,3.062473124E0
2.868771667E0,1.106943412E0,2.535563791E0,-2.003841389E0,3.416107107E0
2.878851667E0,1.526846586E0,2.423244626E0,-2.060765203E0,3.528473924E0
2.888932667E0,2.140729970E0,1.431244025E0,-2.220489500E0,3.400258502E0
2.899012667E0,2.510741192E0,-2.220152700E-1,-1.277006755E0,2.825572219E0
2.909092667E0,2.060069384E0,-1.510684297E0,3.001232538E-1,2.572183290E0
2.919172667E0,1.591032057E0,-1.967026150E0,1.334586042E0,2.860366197E0
2.929252667E0,1.112674853E0,-2.511368598E0,1.737352197E0,3.250140030E0
2.939332667E0,7.096508360E-1,-3.133765528E0,1.768199183E0,3.667508560E0
2.949412667E0,6.429265040E-1,-3.800384949E0,1.357469121E0,4.086441321E0
2.959492667E0,7.741924024E-1,-4.648386755E0,5.305178761E-1,4.742185416E0
2.969572667E0,8.218431169E-1,-5.610679407E0,-1.678045642E-1,5.673033394E0
2.979652667E0,6.284563994E-1,-6.626375265E0,-1.620491499E-1,6.658082796E0
2.989732667E0,2.429991728E-1,-7.451415639E0,5.847057778E-1,7.478270152E0
2.999812667E0,3.659602708E-1,-8.005137606E0,8.680244261E-1,8.060373528E0
3.009893667E0,7.711957043E-1,-7.404387068E0,1.438288166E0,7.582108118E0
3.019973667E0,-7.609619075E-1,-5.916741970E0,3.390471159E0,6.861646540E0
3.030053667E0,-5.470439787E0,-6.543137226E0,4.501760221E0,9.643868586E0
3.040133667E0,-7.176588902E0,-5.292720684E0,-1.390598567E0,9.024970076E0
3.050213667E0,-5.881954545E0,2.254945387E0,-4.829460113E0,7.937622626E0
3.060293667E0,-3.679180940E0,1.413190864E1,1.982221894E0,1.473690666E1
3.070373667E0,-5.032552332E0,1.818257196E1,2.854628808E0,1.908091747E1
3.080453667E0,-6.145135968E0,1.314630197E1,-4.622471603E0,1.523007535E1
3.090533667E0,-2.912091150E0,9.000199808E0,-4.770876275E0,1.059458031E1
3.100613667E0,1.248691029E0,6.120079479E0,-5.768157204E0,8.502131477E0
3.110693667E0,2.159796571E0,4.218495367E0,-7.622608080E0,8.975777311E0
3.120773667E0,2.023569310E0,4.729509856E0,-5.470169646E0,7.509051350E0
3.130853667E0,1.991154685E0,6.231636752E0,-2.888068449E0,7.151149066E0
3.140934667E0,2.177675602E0,6.910548776E0,-3.393213210E0,8.000740672E0
3.151014667E0,3.022643872E0,6.697291465E0,-4.868532085E0,8.814345898E0
3.161094667E0,3.886936605E0,5.500397412E0,-4.110919463E0,7.890646785E0
3.171174667E0,4.144381909E0,3.546649119E0,-1.845452011E0,5.758499328E0
3.181254667E0,3.638229380E0,2.436101484E0,-1.272335707E0,4.559620775E0
3.191334667E0,2.805806896E0,2.110197564E0,-2.288937591E0,4.191028679E0
3.201414667E0,1.762884064E0,1.623274189E0,-3.065338486E0,3.890896985E0
3.211494667E0,2.353942841E-1,9.572441661E-1,-3.121770257E0,3.273709883E0
3.221574667E0,-1.266120409E0,9.444188833E-2,-2.240759165E0,2.575457590E0
3.231654667E0,-1.903627714E0,-1.130172061E0,-3.388119408E-1,2.239616238E0
3.241734667E0,-1.814046031E0,-2.333032613E0,1.684818911E0,3.401825825E0
3.251815667E0,-1.388296811E0,-3.103547702E0,2.768435002E0,4.384473598E0
3.261895667E0,-9.803798443E-1,-3.657027594E0,3.046833803E0,4.859855109E0
3.271975667E0,-9.047303224E-1,-4.254794297E0,2.700713427E0,5.120123483E0
3.282055667E0,-1.003806129E0,-4.839611172E0,2.439145544E0,5.511705183E0
3.292135667E0,-1.402894385E0,-5.200896594E0,2.353575051E0,5.878499261E0
3.302215667E0,-1.797732300E0,-5.320851638E0,2.045644303E0,5.977287361E0
3.312295667E0,-1.826342141E0,-5.039531568E0,1.496386101E0,5.565211174E0
3.322375667E0,-1.202039019E0,-4.501583050E0,1.361155352E0,4.854059297E0
3.332455667E0,-4.636140347E-2,-3.661213031E0,1.891032811E0,4.120999312E0
3.342535667E0,6.322997743E-1,-2.317839208E0,2.074365680E0,3.174141549E0
3.352615667E0,6.346719897E-1,-1.089151504E0,1.748862441E0,2.155824522E0
3.362695667E0,4.461653584E-1,-3.878569239E-1,1.151174090E0,1.294101351E0
3.372775667E0,2.420332128E-1,-3.548406208E-1,5.756764343E-1,7.182585184E-1
3.382856667E0,4.937271953E-2,-8.592220277E-1,2.710785256E-1,9.023212983E-1
3.392936667E0,-1.481573349E-1,-1.515929250E0,2.423261583E-2,1.523344776E0
3.403016667E0,-3.701749438E-1,-1.955243425E0,2.209083190E-1,2.002200496E0
3.413097042E0,-6.981025851E-1,-2.340105990E0,8.057444166E-1,2.571510710E0
3.423177042E0,-1.167256272E0,-2.768526219E0,1.303702219E0,3.275189170E0
3.433257042E0,-1.678588264E0,-3.290234680E0,1.630293771E0,4.037469577E0
3.443337042E0,-2.140747511E0,-3.891790379E0,1.797789164E0,4.791751051E0
3.453417042E0,-2.375188115E0,-4.349810382E0,1.891335112E0,5.304669400E0
3.463497042E0,-2.284047564E0,-4.658346902E0,1.633967723E0,5.439385963E0
3.473577042E0,-1.946310049E0,-4.884220750E0,1.256649236E0,5.405821163E0
3.483657042E0,-1.781650118E0,-4.863533301E0,8.984802336E-1,5.256947787E0
3.493737042E0,-2.074143047E0,-4.367268999E0,7.285362462E-1,4.889363246E0
3.503818042E0,-2.726856621E0,-3.202407746E0,1.329939260E0,4.411337761E0
3.513898042E0,-3.765001109E0,-1.204433454E0,1.931027182E0,4.399404422E0
3.523978042E0,-4.741707732E0,8.778816622E-1,2.040606342E0,5.236271829E0
3.534058042E0,-4.653539906E0,2.343739450E0,2.081609942E0,5.610850935E0
3.544138042E0,-2.947432306E0,2.923165192E0,1.430361680E0,4.390693166E0
3.554218042E0,-1.794391785E0,3.538246670E0,-4.572300081E-1,3.993506061E0
3.564298042E0,-1.339763167E0,4.166961517E0,-2.650985489E0,5.117250990E0
3.574378042E0,-1.269986004E0,5.509460011E0,-3.868209143E0,6.850551513E0
3.584458042E0,-7.201290464E-1,6.426194082E0,-3.247776293E0,7.236201149E0
3.594538042E0,5.294606996E-1,6.404992663E0,-1.801439434E0,6.674536964E0
3.604618042E0,1.449971488E0,6.681749566E0,6.600325334E-1,6.869049245E0
3.614698042E0,1.846104560E0,7.076968719E0,2.250702063E0,7.652270779E0
3.624779042E0,2.149817712E0,6.945891101E0,2.042583286E0,7.552434433E0
3.634859042E0,2.313380122E0,6.194409285E0,1.022950498E0,6.690953721E0
3.644939042E0,2.362770383E0,5.354549142E0,-7.422568839E-2,5.853152129E0
3.655019042E0,2.104269657E0,4.786007992E0,-7.909318113E-1,5.287664552E0
3.665099042E0,1.594679550E0,3.716828238E0,-1.327872269E0,4.256883811E0
3.675179042E0,8.603072709E-1,2.123194170E0,-1.198058234E0,2.585232217E0
3.685259042E0,3.104029512E-1,9.392891210E-1,-1.905103990E-1,1.007426552E0
3.695339042E0,5.450131238E-2,-2.427471578E-2,8.572661340E-1,8.593397928E-1
3.705419042E0,4.963759840E-2,-7.461550033E-1,1.615309696E0,1.780010279E0
3.715499042E0,3.785873330E-1,-1.183491651E0,1.952384137E0,2.314256830E0
3.725579042E0,8.481053013E-1,-1.398710702E0,1.793842732E0,2.427662657E0
3.735659042E0,1.267892116E0,-1.490120224E0,1.285373536E0,2.340981381E0
3.745740042E0,1.630465094E0,-1.555182778E0,6.431890440E-1,2.343224710E0
3.755820042E0,1.894051729E0,-1.496099587E0,8.352806945E-2,2.415103075E0
3.765900042E0,2.108055144E0,-1.336452473E0,-2.000466961E-1,2.504000875E0
3.775980042E0,2.195685026E0,-1.279280153E0,-2.648250929E-1,2.554940855E0
3.786060042E0,2.154922916E0,-1.289318068E0,-3.385941321E-1,2.533906044E0
3.796140042E0,2.000755813E0,-1.288398301E0,-3.550289011E-1,2.406042295E0
3.806220042E0,1.782184553E0,-1.411434828E0,-1.558494202E-1,2.278731905E0
3.816300042E0,1.690188555E0,-1.713296167E0,6.927247547E-2,2.407679335E0
3.826380042E0,1.676978526E0,-1.805080495E0,-2.115961895E-1,2.472922465E0
3.836460042E0,1.750572751E0,-1.594819883E0,-6.013107008E-1,2.443262159E0
3.846540042E0,1.783979064E0,-1.277720701E0,-8.148083317E-1,2.340740076E0
3.856620042E0,1.696818128E0,-8.862344098E-1,-9.237947305E-1,2.125558725E0
3.866701042E0,1.495786761E0,-7.125428689E-1,-6.921413487E-1,1.795593223E0
3.876781042E0,1.246793023E0,-5.763951302E-1,-1.539987034E-1,1.382186597E0
3.886861042E0,9.682503802E-1,-4.892996836E-1,6.437895530E-1,1.261502266E0
3.896941042E0,6.468318594E-1,-5.700930011E-1,1.538572007E0,1.763689685E0
3.907021042E0,2.485464263E-1,-6.761158848E-1,2.019935850E0,2.144539310E0
3.917101042E0,-6.298503757E-2,-8.237311828E-1,1.959110628E0,2.126173706E0
3.927181042E0,-3.613368773E-1,-1.058304518E0,1.844948712E0,2.157407829E0
3.937261042E0,-6.841628230E-1,-1.462457047E0,2.205850703E0,2.733612391E0
3.947341042E0,-9.479634655E-1,-1.812072011E0,2.746416727E0,3.424185238E0
3.957421042E0,-1.095345460E0,-1.833065854E0,2.902576853E0,3.603451747E0
3.967501042E0,-9.893424565E-1,-1.649860893E0,2.511208092E0,3.163385140E0
3.977581042E0,-5.529472107E-1,-1.759151201E0,1.755218656E0,2.545811481E0
3.987662042E0,1.178132093E-1,-2.246137726E0,1.012216764E0,2.466494966E0
3.997742042E0,6.044664431E-1,-3.030480895E0,8.500202644E-1,3.204953757E0
4.007822042E0,1.113079480E0,-3.508006625E0,3.946192288E-1,3.701456571E0
4.017902042E0,1.629048899E0,-3.918526188E0,5.256763816E-2,4.243985291E0
4.027982042E0,2.074447687E0,-4.330371898E0,-1.686804771E-1,4.804571478E0
4.038062042E0,2.308476647E0,-4.783741611E0,-2.115680498E-1,5.315826302E0
4.048142042E0,2.221300508E0,-5.177428209E0,6.071602553E-1,5.666443539E0
4.058222042E0,1.852599063E0,-5.454184527E0,2.152474102E0,6.149259867E0
4.068302042E0,1.151689230E0,-5.612349957E0,3.427355687E0,6.676198553E0
4.078382042E0,5.779797256E-2,-5.363222902E0,4.570141654E0,7.046537819E0
4.088462042E0,-1.522017370E0,-5.065803693E0,5.581798840E0,7.689953330E0
4.098542042E0,-3.767913022E0,-5.288948060E0,5.795065506E0,8.703615590E0
4.108623042E0,-6.514563637E0,-4.754846426E0,3.733660617E0,8.887537652E0
4.118703042E0,-8.339946250E0,-2.001820006E0,-1.653978503E-1,8.578423121E0
4.128783042E0,-7.492146758E0,3.727635062E-1,-6.579932585E0,9.978312909E0
4.138863042E0,-4.346175753E0,4.482231106E0,-5.220686495E0,8.138501511E0
4.148943042E0,6.028631365E-1,1.285133567E1,5.089206004E0,1.383547217E1
4.159023042E0,3.479736507E0,1.752011751E1,7.798629152E0,1.949055413E1
4.169103042E0,2.584351205E0,6.085060505E0,-7.612246814E0,1.008231789E1
4.179183042E0,3.109987825E0,-2.207329756E-1,-1.507135622E1,1.539046866E1
4.189263042E0,3.705624388E0,1.995238965E0,-1.330191041E1,1.395182609E1
4.199343042E0,3.083652551E0,7.092876654E0,-3.311788978E0,8.413427276E0
4.209423042E0,4.243856496E-1,8.074769758E0,-5.222019660E-1,8.102759081E0
4.219503042E0,-1.200656737E0,6.992293435E0,-3.348482011E0,7.845130710E0
4.229584042E0,-1.224642600E0,7.476833485E0,-4.727817964E0,8.930568356E0
4.239664042E0,-1.277640009E0,7.240587262E0,-2.696137104E0,7.831195514E0
4.249744042E0,-1.034771229E0,4.799192294E0,-9.728229028E-1,5.004935821E0
4.259824042E0,-1.148691947E0,3.101683609E0,-8.733342826E-1,3.420913207E0
4.269904042E0,-1.503666469E0,2.409365675E0,-1.646575928E-1,2.844849368E0
4.279984042E0,-1.929584674E0,2.054117503E0,1.038945849E0,3.003681775E0
4.290064042E0,-2.113531646E0,1.555714290E0,1.821168525E0,3.194357176E0
4.300144042E0,-1.854752592E0,5.156536692E-1,2.221583806E0,2.939632714E0
4.310224042E0,-1.400758982E0,-2.160756683E-1,1.815409310E0,2.303155527E0
4.320304042E0,-1.024509366E0,-1.873482978E-1,6.662590872E-1,1.236373728E0
4.330384042E0,-8.978896648E-1,1.495647597E-1,-7.406814247E-3,9.102913426E-1
4.340465042E0,-1.086988034E0,6.674140584E-1,2.665730998E-2,1.275811555E0
4.350545042E0,-1.375515382E0,1.034712757E0,3.996693228E-1,1.767033849E0
4.360625042E0,-1.553599352E0,7.396745342E-1,7.473267853E-1,1.875976195E0
4.370705042E0,-1.429399813E0,3.618257046E-3,8.975112037E-1,1.687816127E0
4.380785042E0,-1.079374959E0,-7.907154644E-1,9.336937742E-1,1.631583682E0
4.390865042E0,-6.695699269E-1,-1.395493564E0,7.656085436E-1,1.726812849E0
4.400945042E0,-2.963684642E-1,-1.716032664E0,4.986248231E-1,1.811416320E0
4.411024042E0,4.307643771E-2,-1.940841148E0,4.510173780E-1,1.993021981E0
4.421104042E0,2.936401534E-1,-2.201801798E0,7.772259378E-1,2.353345673E0
4.431184042E0,4.801873827E-1,-2.314308659E0,1.041106760E0,2.582732619E0
4.441264042E0,6.730852729E-1,-2.382890067E0,1.294084134E0,2.793897386E0
4.451344042E0,9.641666847E-1,-2.425841374E0,1.596730168E0,3.060044281E0
4.461425042E0,1.383931280E0,-2.495903297E0,1.857866235E0,3.405358425E0
4.471505042E0,1.850100548E0,-2.535486023E0,1.871211335E0,3.654174773E0
4.481585042E0,2.286869431E0,-2.596025171E0,1.609795772E0,3.815830304E0
4.491665042E0,2.652354323E0,-2.751739447E0,1.203676239E0,4.006980151E0
4.501745042E0,2.987750028E0,-2.597460662E0,8.707082981E-1,4.053589158E0
4.511825042E0,3.170813486E0,-2.300009878E0,5.939870632E-1,3.961934406E0
4.521905042E0,3.080062360E0,-2.039059753E0,3.270511436E-1,3.708303018E0
4.531985042E0,2.856642004E0,-2.020024728E0,4.048085868E-1,3.522041089E0
4.542065042E0,2.545840858E0,-2.082721497E0,8.898573446E-1,3.407474226E0
4.552145042E0,2.110517991E0,-2.394340085E0,1.344176645E0,3.463229921E0
4.562225042E0,1.673786530E0,-3.047110376E0,1.667206074E0,3.855647687E0
4.572305042E0,1.371580791E0,-3.824297723E0,1.982851639E0,4.520861373E0
4.582386042E0,1.179436022E0,-4.509723544E0,2.244744920E0,5.173737095E0
4.592466042E0,9.844980383E-1,-5.156537277E0,2.637717572E0,5.875088686E0
4.602546042E0,5.207828468E-1,-5.610136786E0,3.111798123E0,6.436469303E0
4.612626042E0,-2.617330670E-1,-5.509319093E0,2.855134592E0,6.210708060E0
4.622706042E0,-1.005227587E0,-5.390819421E0,2.100332726E0,5.872206918E0
4.632786042E0,-1.636978308E0,-5.317547377E0,1.650173135E0,5.803367941E0
4.642866042E0,-2.469626495E0,-4.682216991E0,1.084679627E0,5.403585926E0
4.652946042E0,-4.176909385E0,-2.707617527E0,-8.885217675E-1,5.056405404E0
4.663026042E0,-6.517051628E0,-7.411872089E-2,-3.145542405E0,7.236842718E0
4.673106042E0,-7.640780057E0,5.482606673E-1,-2.661504046E0,8.109606243E0
4.683186042E0,-8.017766422E0,3.653660767E0,2.166154833E0,9.073369945E0
4.693266042E0,-7.312681677E0,9.988106189E0,1.133678051E0,1.243072019E1
4.703347042E0,-6.894890517E0,1.212943725E1,-7.161263934E0,1.568268040E1
4.713427042E0,-7.378518401E0,1.411047508E1,-8.963633076E0,1.827278739E1
4.723507042E0,-5.869863088E0,1.443360626E1,-3.635112230E0,1.599994760E1
4.733587042E0,-2.759839010E0,1.163486689E1,9.167229617E-1,1.199279867E1
4.743667042E0,4.972998440E-1,7.805677970E0,2.098392620E0,8.098096523E0
4.753747042E0,3.187957522E0,5.886349897E0,2.155283689E0,7.032598102E0
4.763827042E0,4.502581755E0,4.964041675E0,2.219166859E0,7.059720516E0
4.773907042E0,3.448370873E0,3.985788463E0,1.746912979E0,5.552429766E0
4.783987042E0,1.332741830E0,2.698084812E0,1.598249860E0,3.407383901E0
4.794067042E0,-2.709091026E-1,2.178960820E0,1.855601023E0,2.874807325E0
4.804147042E0,-1.729411678E0,2.404841684E0,1.937762589E0,3.539640113E0
4.814228042E0,-2.658244808E0,2.481824371E0,1.794121059E0,4.055192726E0
4.824308042E0,-2.482847634E0,1.554628462E0,1.391999853E0,3.243310904E0
4.834388042E0,-1.127965322E0,-4.615827119E-1,1.058068875E0,1.613962240E0
4.844468042E0,1.800650060E-2,-2.082592859E0,5.663829428E-1,2.158311119E0
4.854548042E0,5.722032613E-1,-3.039589103E0,2.914568031E-1,3.106680794E0
4.864628042E0,7.756980604E-1,-3.421708154E0,-9.027163586E-2,3.509692742E0
4.874708042E0,7.465005738E-1,-3.257029511E0,-4.093945581E-1,3.366468216E0
4.884788042E0,8.893006897E-1,-2.530239317E0,-9.553631169E-1,2.847048542E0
4.894868042E0,1.293285404E0,-1.867937479E0,-1.228460248E0,2.582807027E0
4.904948042E0,1.637380596E0,-1.522000414E0,-8.151673508E-1,2.379495385E0
4.915028042E0,1.910742021E0,-1.073707838E0,-4.059470763E-1,2.229030422E0
4.925108042E0,2.296645390E0,-5.466064900E-1,-2.158768630E-1,2.370645803E0
4.935189042E0,2.680330326E0,-4.278752679E-1,-2.229327712E-1,2.723407227E0
4.945269042E0,2.960306706E0,-8.356823069E-1,-2.380525015E-1,3.085198487E0
4.955349042E0,3.258939797E0,-1.364380530E0,-1.918962622E-1,3.538226534E0
4.965429042E0,3.387915925E0,-1.909347460E0,-7.379960909E-2,3.889605176E0
4.975509042E0,3.544414898E0,-2.326862631E0,3.205905551E-1,4.252051855E0
4.985589042E0,3.568200787E0,-2.555271247E0,1.076292892E0,4.518835513E0
4.995669042E0,3.322528267E0,-3.086124169E0,1.447727911E0,4.760175687E0
5.005749042E0,2.778361235E0,-3.617168294E0,1.664902125E0,4.855419313E0
5.015829042E0,2.155702935E0,-3.852743257E0,1.880121761E0,4.798493887E0
5.025909042E0,1.646261932E0,-3.850797889E0,1.788398974E0,4.553810890E0
5.035989042E0,1.159457840E0,-3.932280008E0,1.531146628E0,4.376251655E0
5.046070042E0,5.412375766E-1,-3.973824475E0,1.262669090E0,4.204587056E0
5.056150042E0,-1.386006457E-1,-3.762244146E0,1.249729787E0,3.966801696E0
5.066230042E0,-5.923744011E-1,-2.950754694E0,1.372143878E0,3.307663755E0
5.076310042E0,-7.449189019E-1,-2.034417064E0,3.048402026E-1,2.187849289E0
5.086390042E0,-1.173818602E0,-1.386387695E0,-8.967944813E-1,2.025872971E0
5.096470042E0,-2.484283125E0,-3.226746781E0,1.863387761E0,4.478367044E0
5.106550042E0,-2.697376714E0,-4.709037584E0,4.219653701E0,6.874325673E0
5.116630042E0,-2.378484775E0,-3.739542916E0,3.619351937E0,5.721982130E0
5.126710042E0,-2.715763868E0,-3.187397944E0,3.200295147E0,5.270366977E0
5.136790042E0,-2.907287078E0,-3.232083535E0,2.079735617E0,4.819126722E0
5.146870042E0,-2.335044640E0,-3.077611207E0,1.188811448E0,4.041954586E0
5.156951042E0,-1.473355672E0,-3.955039710E0,2.162087217E0,4.742123700E0
5.167031042E0,-5.063583505E-1,-4.455815724E0,2.700384521E0,5.234765430E0
5.177111042E0,2.731941944E-1,-5.252090136E0,1.291726536E0,5.415500283E0
5.187191042E0,8.942959660E-1,-6.208073058E0,-6.978619722E-1,6.310859506E0
5.197271042E0,1.374250630E0,-5.680444876E0,-2.006881064E0,6.179287207E0
5.207351042E0,2.298431130E0,-2.742827121E0,1.683894320E0,3.954919260E0
5.217431042E0,3.050949658E0,5.795207008E0,6.011271567E0,8.889775246E0
5.227511042E0,2.486810877E0,1.131840739E1,6.867785164E0,1.347059937E1
5.237591042E0,2.327677733E0,4.743803374E0,-5.694575257E0,7.768522475E0
5.247671042E0,2.835526539E0,1.184948192E0,-5.579652911E0,6.369995258E0
5.257751042E0,-1.026344222E-1,-1.680796757E0,-7.077952221E-1,1.826632322E0
5.267831042E0,-1.943937834E0,-3.102398724E0,-6.658464199E0,7.598612876E0
5.277912042E0,-1.338978471E0,3.820881779E0,-7.837065239E0,8.821087942E0
5.287992042E0,-2.300520340E0,1.013093028E1,-9.721264994E-1,1.043423078E1
5.298072042E0,-4.214131005E0,7.646632535E0,-6.263189498E0,1.074511200E1
5.308152042E0,-4.516693425E0,6.484232376E0,-9.257177335E0,1.217132372E1
5.318232042E0,-4.906958817E0,7.322581598E0,-4.536507008E0,9.913543358E0
5.328312042E0,-5.683386025E0,6.693046387E0,8.590790632E-1,8.822457905E0
5.338392042E0,-6.162608618E0,6.678728310E0,2.582434780E0,9.447334344E0
5.348472042E0,-6.172380484E0,7.069310036E0,1.500556042E0,9.503951477E0
5.358552042E0,-5.657375856E0,7.117220367E0,5.608336428E-1,9.109075788E0
5.368632042E0,-4.333007823E0,6.413841255E0,-7.270170665E-1,7.774372660E0
5.378712042E0,-2.598086314E0,5.071357963E0,-1.088208641E0,5.801113870E0
5.388793042E0,-7.241735655E-1,3.813749930E0,-9.648104632E-1,3.999996889E0
5.398873042E0,6.443467927E-1,2.901366772E0,-1.507330627E0,3.332440180E0
5.408953042E0,1.534873644E0,2.059545473E0,-2.313280719E0,3.456708310E0
5.419033083E0,1.839611228E0,1.193265857E0,-2.535670795E0,3.352264795E0
5.429113083E0,1.783235298E0,5.506621188E-1,-1.941642802E0,2.693164248E0
5.439193083E0,1.715874789E0,1.526626146E-1,-6.262761189E-1,1.832963159E0
5.449273083E0,1.642959425E0,1.469253266E-1,4.892252778E-1,1.720535991E0
5.459353083E0,1.346182240E0,3.435098863E-1,7.528680454E-1,1.580194912E0
5.469433083E0,8.921172935E-1,2.621213222E-1,2.334787363E-1,9.586934719E-1
5.479513083E0,6.268805748E-1,-3.317751092E-1,-4.922567667E-1,8.633485406E-1
5.489593083E0,7.246150303E-1,-1.290966983E0,-7.858283615E-1,1.676063515E0
5.499674083E0,1.114907320E0,-2.257081960E0,-6.659481615E-1,2.604020787E0
5.509754083E0,1.477611861E0,-2.943406498E0,-5.228970538E-1,3.334726369E0
5.519834083E0,1.648832953E0,-3.325423223E0,-4.935453469E-1,3.744419412E0
5.529914083E0,1.660520368E0,-3.386554109E0,-4.317292408E-1,3.796375477E0
5.539994083E0,1.531636625E0,-3.161438060E0,-6.462291576E-2,3.513513552E0
5.550074083E0,1.379732394E0,-2.747703699E0,6.578029901E-1,3.144239474E0
5.560154083E0,1.327001034E0,-2.328354256E0,1.654526972E0,3.149543584E0
5.570234083E0,1.485266451E0,-2.096004032E0,2.529798437E0,3.605430552E0
5.580314083E0,1.816754462E0,-2.230173073E0,2.970816491E0,4.135216964E0
5.590394083E0,2.139542985E0,-2.530184353E0,3.089413812E0,4.530337156E0
5.600474083E0,2.336498258E0,-2.771901231E0,3.054541603E0,4.740557451E0
5.610555083E0,2.522404048E0,-2.957652655E0,2.879267220E0,4.837397144E0
5.620635083E0,2.716403553E0,-3.077864392E0,2.442399520E0,4.776757571E0
5.630715083E0,2.731968257E0,-3.073978917E0,1.952937284E0,4.552687225E0
5.640795083E0,2.774337181E0,-3.055212278E0,1.917980289E0,4.550815010E0
5.650875083E0,2.736532009E0,-2.957238672E0,2.277816771E0,4.628424920E0
5.660955083E0,2.623265594E0,-2.846543278E0,3.153040874E0,4.992594292E0
5.671035083E0,2.195098550E0,-2.851549664E0,4.368695719E0,5.659973094E0
5.681115083E0,1.349425691E0,-3.360331101E0,5.212724926E0,6.347068297E0
5.691195083E0,2.392364895E-1,-4.036709526E0,4.965025177E0,6.403415721E0
5.701275083E0,-5.583436060E-1,-4.325577182E0,4.127602154E0,6.004953379E0
5.711355083E0,-7.714050347E-1,-4.436105345E0,3.462211232E0,5.679877021E0
5.721436083E0,-5.310797936E-1,-4.118681642E0,2.484667872E0,4.839334525E0
5.731516083E0,-7.059004319E-1,-2.599696637E0,-6.882172823E-2,2.694708603E0
5.741596083E0,-2.782834940E0,5.467415607E-1,-2.849135349E0,4.020033442E0
5.751676083E0,-5.622486690E0,3.749546918E0,-4.332315513E0,8.027478830E0
5.761756083E0,-7.256572965E0,5.569753575E0,-3.605856271E0,9.832710996E0
5.771836083E0,-7.453417141E0,6.567240618E0,1.216293215E0,1.000806902E1
5.781916083E0,-6.187018989E0,8.438902189E0,3.157264903E0,1.092989459E1
5.791996083E0,-4.486182069E0,8.550094596E0,-1.952462490E0,9.850992688E0
5.802076083E0,-3.723340867E0,9.250907366E0,-4.611592566E0,1.098678025E1
5.812156083E0,-3.108275760E0,9.514386411E0,-4.612574898E0,1.102092438E1
5.822236083E0,-2.957300652E0,6.769963000E0,-2.027713816E0,7.660917014E0
5.832317083E0,-3.444502355E0,4.185870243E0,1.943708769E-1,5.424378877E0
5.842397083E0,-4.711082355E0,3.539815478E0,7.001141004E-1,5.934201744E0
5.852477083E0,-5.027038992E0,3.250214581E0,7.534558368E-1,6.033465965E0
5.862557083E0,-4.067165333E0,3.163174683E0,1.705784651E-1,5.155250230E0
5.872637083E0,-3.056254837E0,3.050568420E0,-2.528464687E-1,4.325574256E0
5.882717083E0,-2.544127039E0,3.092690007E0,2.450861354E-2,4.004736513E0
5.892797083E0,-2.357348260E0,3.472533322E0,5.820259988E-1,4.237255333E0
5.902877083E0,-1.874013906E0,3.609572176E0,1.210107592E0,4.243265228E0
5.912957083E0,-8.876576221E-1,3.008746794E0,1.325048649E0,3.405326306E0
5.923037083E0,2.929501820E-1,1.833533047E0,7.614828944E-1,2.006868068E0
5.933117083E0,1.458245882E0,5.294817495E-1,1.067339051E-1,1.555064019E0
5.943198083E0,2.277016872E0,-7.942962992E-1,-4.691647965E-1,2.456792228E0
5.953278083E0,2.836214172E0,-1.999532576E0,-1.018837566E0,3.616665776E0
5.963358083E0,3.122917188E0,-3.129022266E0,-1.511353803E0,4.671999832E0
5.973438083E0,3.160605417E0,-4.123123772E0,-2.218413153E0,5.648976293E0
5.983518083E0,2.956469178E0,-4.657958062E0,-2.931844214E0,6.247639059E0
5.993598083E0,2.781419329E0,-4.874392165E0,-3.115685644E0,6.418994430E0
6.003678083E0,2.778741889E0,-4.823928940E0,-3.038191034E0,6.342105459E0
6.013758083E0,3.008914025E0,-4.661762261E0,-2.524125468E0,6.095637814E0
6.023838083E0,3.720012631E0,-4.717354079E0,-2.109967183E0,6.367408028E0
6.033918083E0,4.325031636E0,-5.033464497E0,-2.053436303E0,6.946816836E0
6.043998083E0,4.920941849E0,-5.276896364E0,-2.102935030E0,7.515559836E0
6.054079083E0,5.436497869E0,-5.478618287E0,-2.277962952E0,8.047352523E0
6.064159083E0,5.914117155E0,-5.508753667E0,-2.517001221E0,8.465131058E0
6.074239083E0,6.391230072E0,-5.583420272E0,-2.346193819E0,8.804943453E0
6.084319083E0,6.514710402E0,-5.786774154E0,-1.264882846E0,8.805006266E0
6.094399083E0,6.093776949E0,-5.530834508E0,1.256302350E0,8.324814920E0
6.104479083E0,5.160205820E0,-5.238829236E0,3.580441933E0,8.178790883E0
6.114559083E0,2.902896404E0,-4.862008347E0,4.982221838E0,7.542444374E0
6.124639083E0,-8.232961500E-1,-5.082398676E0,5.215466101E0,7.328688798E0
6.134719083E0,-3.337514096E0,-5.441269197E0,4.678620953E0,7.914284860E0
6.144799083E0,-3.857949618E0,-4.378053018E0,4.753498350E0,7.526411499E0
6.154880083E0,-3.702228325E0,-2.013188163E0,5.154227042E0,6.657738171E0
6.164960083E0,-3.495117023E0,1.615117908E0,4.022515994E0,5.568220881E0
6.175040083E0,-4.769474405E0,6.748993716E0,2.302311342E0,8.578895022E0
6.185120083E0,-9.668827164E0,1.555680025E1,4.621870217E0,1.889078974E1
6.195200083E0,-1.566187004E1,2.230384158E1,-8.361310222E0,2.850731539E1
6.205280083E0,-1.424789050E1,2.336730276E1,-1.928086266E1,3.347812550E1
6.215360083E0,-3.296858405E0,9.679212404E0,-7.398783097E0,1.262134777E1
6.225440083E0,2.991975226E0,-5.615817940E-1,-1.647666433E-1,3.048678059E0
6.235520083E0,4.723465004E0,-4.210324468E0,-4.025656826E0,7.499591099E0
6.245600083E0,5.019514795E0,-5.600422806E0,-8.924598234E0,1.167084907E1
6.255680083E0,5.237277385E0,-5.532367648E0,-9.078107525E0,1.185108444E1
6.265761083E0,4.660974056E0,-3.439109468E0,-8.083313125E0,9.944450923E0
6.275841083E0,2.058874798E0,1.566332248E0,-6.427531925E0,6.928602225E0
6.285921083E0,-3.720334813E0,6.061196848E0,-5.298678412E0,8.868764923E0
6.296001083E0,-1.030327111E1,9.849191548E0,-6.622524873E0,1.571692735E1
6.306081083E0,-1.169855710E1,1.098814730E1,-6.274488657E0,1.723266744E1
6.316161083E0,-6.680845002E0,7.294679854E0,-2.611333766E0,1.023059667E1
6.326241083E0,-2.231319712E0,3.206400225E0,-8.551523656E-1,3.998884298E0
6.336321083E0,-1.720794636E-1,1.624855860E0,-7.207044125E-1,1.785828312E0
6.346401083E0,9.801009321E-1,8.950514263E-1,-8.167332351E-1,1.558450535E0
6.356481083E0,1.891334528E0,1.609580594E-1,-8.839104339E-1,2.093884297E0
6.366561083E0,2.504718559E0,-5.753619272E-1,-6.858371732E-1,2.659892674E0
6.376641083E0,2.838833140E0,-7.635376060E-1,-4.366466761E-1,2.971973013E0
6.386722083E0,2.904414926E0,-4.397544712E-1,-1.785957469E-1,2.942941810E0
6.396802083E0,2.848967534E0,-2.315140718E-1,3.428435960E-1,2.878846384E0
6.406882083E0,2.375796810E0,-5.131931609E-1,7.708817089E-1,2.549909079E0
6.416962292E0,1.485070569E0,-1.188331391E0,7.168619147E-1,2.032598606E0
6.427042292E0,8.236867440E-1,-1.646037399E0,6.837003082E-1,1.963503268E0
6.437122292E0,5.104280126E-1,-1.704818873E0,6.702387021E-1,1.901621431E0
6.447202292E0,1.621368581E-1,-1.553391191E0,6.087992299E-1,1.676290266E0
6.457282292E0,-1.516855448E-1,-1.394723486E0,3.541044563E-1,1.446945774E0
6.467362292E0,-3.709543777E-1,-1.570038798E0,3.050445628E-1,1.641852967E0
6.477442292E0,-5.200969684E-1,-1.936128293E0,3.926510561E-1,2.042857918E0
6.487523292E0,-6.481123996E-1,-2.332292356E0,2.010997065E-1,2.429007700E0
6.497603292E0,-7.328970265E-1,-2.691928278E0,-1.091664930E-1,2.792048214E0
6.507683292E0,-7.604017442E-1,-2.973229052E0,1.587979518E-2,3.068966272E0
6.517763292E0,-9.417285794E-1,-3.194939682E0,3.414241844E-1,3.348292515E0
6.527843292E0,-1.273089121E0,-3.121431411E0,4.875039306E-1,3.406134179E0
6.537923292E0,-1.669760723E0,-2.810278847E0,4.757030799E-1,3.303340958E0
6.548003292E0,-1.818871154E0,-2.425551353E0,8.159765323E-1,3.139651149E0
6.558083292E0,-1.648242384E0,-1.904429367E0,1.205483029E0,2.792264942E0
6.568163292E0,-1.227765014E0,-1.352903615E0,1.066691106E0,2.115557854E0
6.578243292E0,-7.716453552E-1,-9.294663835E-1,7.536879712E-1,1.423864414E0
6.588323292E0,-4.009617037E-1,-6.845773906E-1,6.499127573E-1,1.025574514E0
6.598404292E0,-1.743797582E-1,-4.979424530E-1,7.628284118E-1,9.275031927E-1
6.608484292E0,-9.924303710E-2,-2.801430255E-1,8.937200153E-1,9.418411548E-1
6.618564292E0,-2.698957801E-2,-2.298692501E-1,9.556385207E-1,9.832666432E-1
6.628644292E0,-1.453325450E-2,-2.329074633E-1,8.397051913E-1,8.715284907E-1
6.638724292E0,-8.457880497E-2,-4.037794769E-1,6.424119490E-1,7.634687633E-1
6.648804292E0,-6.467722178E-2,-5.787427872E-1,4.450871319E-1,7.329590110E-1
6.658884292E0,-2.770761609E-2,-5.253559542E-1,5.421035492E-1,7.554090605E-1
6.668964292E0,-9.808938146E-2,-3.079687554E-1,7.532640481E-1,8.196785999E-1
6.679044292E0,-1.953642458E-1,-3.647095513E-1,7.207090902E-1,8.310245713E-1
6.689124292E0,-2.350890595E-1,-6.428212541E-1,6.068784195E-1,9.147608686E-1
6.699204292E0,-3.684845138E-1,-9.196337056E-1,3.698480844E-1,1.057494489E0
6.709285292E0,-8.076098245E-1,-9.067680770E-1,6.173431814E-1,1.362194765E0
6.719365292E0,-1.235948192E0,-1.016472952E0,9.955060065E-1,1.884626596E0
6.729445292E0,-1.465633839E0,-1.411334841E0,8.074156970E-1,2.189033735E0
6.739525292E0,-1.346423146E0,-1.841364807E0,5.654848105E-1,2.350160146E0
6.749605292E0,-1.113415695E0,-2.208128486E0,9.823380768E-1,2.660923527E0
6.759685292E0,-9.063745594E-1,-2.368021182E0,2.166939529E0,3.335365960E0
6.769765292E0,-9.056430727E-1,-2.334447640E0,3.615352734E0,4.397796101E0
6.779845292E0,-1.088076786E0,-2.399451136E0,4.154441459E0,4.919416701E0
6.789925292E0,-1.265626904E0,-2.756045337E0,4.181477814E0,5.165496498E0
6.800005292E0,-1.242140978E0,-3.374909379E0,4.554450066E0,5.803097701E0
6.810086292E0,-1.190436389E0,-3.875834497E0,3.840495679E0,5.584678944E0
6.820166292E0,-1.544977632E0,-3.483192796E0,2.673791385E-1,3.819827161E0
6.830246292E0,-2.523170033E0,-2.006695415E0,-2.396400059E0,4.016957399E0
6.840326292E0,-3.359551667E0,-6.779653591E-1,-1.929882882E0,3.933277561E0
6.850406292E0,-2.712188296E0,-1.909635728E0,1.087306123E0,3.490688839E0
6.860486292E0,-1.981583962E0,-4.068872135E0,2.258248479E0,5.057873234E0
6.870566292E0,-2.274293824E0,-3.916011885E0,2.533768477E-1,4.535610357E0
6.880646292E0,-2.870072474E0,-2.685475876E0,-1.494659418E0,4.205128233E0
6.890726292E0,-3.860517715E0,-6.287756574E-1,-2.652372449E0,4.725889913E0
6.900806292E0,-4.405643106E0,1.108906322E0,-3.577490258E0,5.782542776E0
6.910886292E0,-4.531196859E0,2.134619045E0,-4.372812744E0,6.649047656E0
6.920967292E0,-4.263352867E0,2.623502406E0,-5.068006924E0,7.123456796E0
6.931047292E0,-3.772996007E0,3.025613088E0,-5.516517016E0,7.336333785E0
6.941127292E0,-3.150097386E0,3.598781140E0,-5.222071701E0,7.081269101E0
6.951207292E0,-2.229914042E0,3.879145190E0,-4.274483626E0,6.188012145E0
6.961287292E0,-1.051097240E0,3.833453878E0,-2.980771376E0,4.968417458E0
6.971367292E0,-3.011777991E-1,3.387928205E0,-1.526481135E0,3.728124226E0
6.981447292E0,-2.059079450E-1,2.458538420E0,-1.091031969E-1,2.469557197E0
6.991527292E0,-6.562394446E-1,2.040428587E0,6.521791381E-1,2.240387612E0
7.001607292E0,-1.071532674E0,2.057439891E0,6.263742059E-1,2.402828713E0
7.011687292E0,-9.979238302E-1,1.775397105E0,2.858855760E-1,2.056603368E0
7.021767292E0,-5.218458706E-1,1.115699617E0,-1.078833946E-1,1.236425321E0
7.031848292E0,2.858937621E-2,2.980863762E-1,-4.960187922E-1,5.794026944E-1
7.041928292E0,6.095102513E-1,-4.683467710E-1,-6.409641054E-1,1.000842859E0
7.052008292E0,1.143860977E0,-1.197246641E0,-5.829791681E-1,1.755472063E0
7.062088292E0,1.487455648E0,-1.709710069E0,-4.605134024E-1,2.312510631E0
7.072168292E0,1.658817074E0,-2.035559610E0,-3.773956704E-1,2.652848375E0
7.082248292E0,1.529730433E0,-2.024746939E0,-5.623413473E-1,2.599212026E0
7.092328292E0,1.356916559E0,-1.768937101E0,-6.525201038E-1,2.322960073E0
7.102408292E0,1.260580173E0,-1.287068644E0,-8.891423763E-1,2.009025194E0
7.112488292E0,1.247574211E0,-1.008027234E0,-1.326469668E0,2.081365441E0
7.122568292E0,1.325970755E0,-8.894609034E-1,-1.609857314E0,2.267372866E0
7.132649292E0,1.439840017E0,-8.538613003E-1,-1.729131596E0,2.406681215E0
7.142729292E0,1.670743639E0,-8.192989933E-1,-2.251358705E0,2.920830561E0
7.152809292E0,2.142994596E0,-1.002109852E0,-2.949864748E0,3.781316177E0
7.162889292E0,2.631344692E0,-1.262590445E0,-3.403157862E0,4.483256959E0
7.172969292E0,3.032695236E0,-1.529273180E0,-3.357341419E0,4.775736410E0
7.183049292E0,3.299590225E0,-1.935616661E0,-2.645420694E0,4.651038396E0
7.193129292E0,3.378762694E0,-2.076552100E0,-1.714489583E0,4.320599553E0
7.203209292E0,3.342518143E0,-2.051843521E0,-1.160731364E0,4.090206189E0
7.213289292E0,3.279605611E0,-2.122269140E0,-1.093830446E0,4.056637069E0
7.223369292E0,3.224103255E0,-2.351339076E0,-1.068924377E0,4.131130181E0
7.233450292E0,3.075850026E0,-2.606446663E0,-8.835008365E-1,4.127346765E0
7.243530292E0,2.864905289E0,-2.694744882E0,-6.545297188E-1,3.987197192E0
7.253610292E0,2.428031157E0,-2.651283697E0,-5.506213345E-1,3.637007616E0
7.263690292E0,1.557850862E0,-2.706475566E0,-1.760234106E-1,3.127761746E0
7.273770292E0,1.944561732E-1,-3.038882759E0,1.298661334E0,3.310459619E0
7.283850292E0,-1.349372481E0,-3.570285904E0,3.418629887E0,5.123941631E0
7.293930292E0,-2.792689837E0,-4.067764088E0,4.460839067E0,6.651684477E0
7.304010292E0,-3.752465848E0,-4.445664373E0,4.381935570E0,7.283288474E0
7.314090292E0,-3.821030883E0,-5.368925691E0,2.994135187E0,7.238127217E0
7.324170292E0,-2.781052709E0,-6.573733951E0,1.129866836E0,7.226674982E0
7.334250292E0,-1.845341499E0,-6.790006671E0,-5.781352615E-1,7.060008231E0
7.344331292E0,-2.304436805E0,-5.061377935E0,-2.574607989E0,6.128342508E0
7.354411292E0,-3.528882354E0,-1.771988763E0,-4.566379555E0,6.036950977E0
7.364491292E0,-7.338113557E0,5.340336900E0,-6.306233776E0,1.105150185E1
7.374571292E0,-1.368947556E1,1.533967208E1,-3.001227275E0,2.077774400E1
7.384651292E0,-1.320209610E1,1.860704239E1,1.933631064E1,2.990669285E1
7.394731292E0,-4.265650238E0,1.088152800E1,1.664983196E1,2.034257427E1
7.404811292E0,1.708459935E0,1.880615997E0,-6.247469258E0,6.744362387E0
7.414897333E0,3.717764377E0,-1.650670733E0,-9.813532888E0,1.062317813E1
7.424977333E0,4.619878655E0,-2.233434650E0,-9.429916949E0,1.073568083E1
7.435057333E0,3.626437300E0,3.092574817E-1,-9.851311748E0,1.050214411E1
7.445138333E0,1.857114868E0,3.984635977E0,-1.016037218E1,1.107065320E1
7.455218333E0,4.928343254E-1,6.020051746E0,-8.809129758E0,1.068104282E1
7.465298333E0,3.502669287E-1,5.860316924E0,-6.485966660E0,8.748357839E0
7.475378333E0,8.926762873E-1,4.698772797E0,-3.609809573E0,5.992166712E0
7.485458333E0,1.144715840E0,5.274331775E0,2.121102621E0,5.798967698E0
7.495538333E0,4.440170914E-1,7.780045531E0,1.214418510E1,1.442939678E1
7.505618333E0,1.540864116E-1,5.576129379E0,-1.076017488E0,5.681089254E0
7.515698333E0,6.763790095E-1,2.895543530E0,-7.986684378E0,8.522252534E0
7.525778333E0,1.030286415E0,1.305770963E0,-4.569671538E0,4.862964720E0
7.535858333E0,7.917667937E-1,2.917544264E-1,-1.106206736E0,1.391297468E0
7.545938333E0,4.871783137E-2,1.778465724E-1,7.150594374E-1,7.384529974E-1
7.556019333E0,-2.756973875E-1,2.643801016E-1,5.423286670E-1,6.633447600E-1
7.566099333E0,9.119434476E-2,-2.325379193E-1,-1.316529840E-1,2.823522634E-1
7.576179333E0,8.586946088E-1,-1.296629426E0,-5.678388995E-1,1.655610255E0
7.586259333E0,1.512811514E0,-2.309902198E0,-5.800603111E-1,2.821474225E0
7.596339333E0,1.822623312E0,-3.239149311E0,-9.149313748E-2,3.717850856E0
7.606419333E0,1.788697767E0,-4.139753253E0,3.910097426E-1,4.526575451E0
7.616499333E0,1.450654442E0,-4.744690397E0,6.269513261E-1,5.000955233E0
7.626579333E0,1.078048226E0,-4.829491396E0,5.769025223E-1,4.981866281E0
7.636659333E0,7.746022922E-1,-4.198586767E0,7.985894711E-1,4.343487619E0
7.646739333E0,4.604050827E-1,-3.324050882E0,1.144059783E0,3.545442129E0
7.656820333E0,1.183184087E-2,-2.729326485E0,1.215285740E0,2.987688485E0
7.666900333E0,-3.041417527E-1,-2.547228402E0,9.410655051E-1,2.732485869E0
7.676980333E0,-4.250504780E-1,-2.600537467E0,4.044676211E-1,2.665906428E0
7.687060333E0,-3.478415036E-1,-2.818829230E0,-1.044080289E-1,2.842128248E0
7.697140333E0,-2.378524536E-1,-2.943039878E0,-4.922957969E-1,2.993394839E0
7.707220333E0,-2.186244696E-1,-2.939663111E0,-6.155200195E-1,3.011358623E0
7.717300333E0,-2.472255403E-1,-2.915835707E0,-4.421722949E-1,2.959515953E0
7.727380333E0,-6.258374316E-1,-2.722484073E0,-1.102434039E-1,2.795665507E0
7.737460333E0,-9.371502095E-1,-2.517620441E0,6.614077985E-2,2.687198876E0
7.747540333E0,-9.287927842E-1,-2.498199499E0,1.087986300E-1,2.667488315E0
7.757621333E0,-9.818673760E-1,-2.326841581E0,3.286767427E-1,2.546818347E0
7.767701333E0,-1.178270672E0,-2.205463910E0,8.049511687E-1,2.626849675E0
7.777781333E0,-1.394801838E0,-2.290826826E0,1.030019855E0,2.873029867E0
7.787861333E0,-1.791012679E0,-2.652668318E0,1.183415125E0,3.412454686E0
7.797941333E0,-2.179174243E0,-3.360425826E0,1.311414696E0,4.214388522E0
7.808021333E0,-2.598809030E0,-3.871584740E0,1.096097923E0,4.790032091E0
7.818101333E0,-3.163020317E0,-3.880837959E0,7.954651576E-1,5.069355542E0
7.828181333E0,-3.832599599E0,-3.070850657E0,1.404383890E-1,4.913111681E0
7.838261333E0,-4.441384796E0,-1.224636753E0,-1.487697723E0,4.841371562E0
7.848341333E0,-5.194028454E0,1.050762194E0,-2.492030686E0,5.855958480E0
7.858422333E0,-4.691970731E0,1.372765437E0,-4.692074811E-1,4.911133265E0
7.868502333E0,-3.293406794E0,1.393920078E0,3.105564407E0,4.736461947E0
7.878582333E0,-3.230272653E0,3.212542725E0,3.477982927E0,5.731619092E0
7.888662333E0,-3.349221976E0,3.985877341E0,1.188856471E0,5.340214015E0
7.898742333E0,-2.134328438E0,3.524182947E0,-1.581610438E0,4.413243128E0
7.908822333E0,-6.179676640E-1,3.236780604E0,-2.617344119E0,4.208220877E0
7.918902333E0,8.348134106E-1,3.825022777E0,-1.939282866E0,4.369042310E0
7.928982333E0,1.846834878E0,4.262075835E0,-1.341754144E0,4.834914029E0
7.939062333E0,2.423214220E0,4.512314445E0,-9.483254081E-1,5.208864549E0
7.949142333E0,2.455423023E0,4.508907858E0,-3.043128569E-2,5.134226169E0
7.959223333E0,2.456464997E0,3.974447789E0,8.683232188E-1,4.752308988E0
7.969303333E0,2.289533422E0,3.358056534E0,1.262221486E0,4.255785480E0
7.979383333E0,1.963874500E0,2.699507439E0,1.521373592E0,3.668612963E0
7.989463333E0,8.860549003E-1,2.053026413E0,1.367000667E0,2.620820780E0
7.999543333E0,-3.438408387E-1,1.520128720E0,8.889024943E-1,1.794203303E0
8.009623333E0,-7.713424695E-1,1.324658055E0,4.498409182E-1,1.597512134E0
8.019703333E0,-8.992970896E-1,1.630541693E0,1.408009529E-1,1.867411678E0
8.029783333E0,-3.790849310E-1,1.896243265E0,-1.437691092E-1,1.939101200E0
8.039863333E0,2.829572904E-1,1.881612362E0,-3.663070472E-1,1.937707605E0
8.049943333E0,7.275883394E-1,1.514381492E0,-2.525622940E-1,1.698977282E0
8.060024333E0,9.259562999E-1,7.504895443E-1,-1.986006796E-2,1.192067132E0
8.070104333E0,9.304896462E-1,3.059087813E-2,4.096742012E-2,9.318932949E-1
8.080184333E0,1.013511338E0,-3.625454968E-1,9.777538598E-2,1.080835091E0
8.090264333E0,1.232861447E0,2.925420463E-2,2.251511317E-1,1.253593310E0
8.100344333E0,1.432263195E0,4.635426986E-1,4.143283655E-1,1.561383261E0
8.110424333E0,1.443614395E0,2.151307583E-1,4.467519072E-1,1.526398058E0
8.120504333E0,1.278622926E0,-7.989810884E-2,3.648299309E-1,1.332051490E0
8.130584333E0,1.120189109E0,-3.439267927E-1,3.769992292E-1,1.230949917E0
8.140664333E0,1.195860266E0,-5.998021191E-1,2.033253761E-1,1.353213053E0
8.150744333E0,1.394346925E0,-7.847659224E-1,-2.419203615E-1,1.618204672E0
8.160825333E0,6.844281111E0,4.017562233E0,-2.742321688E1,2.854851685E1
8.170905333E0,6.546008209E0,3.181765906E0,-2.050114032E1,2.175478366E1
8.180985333E0,-3.629720512E0,-6.814663210E0,2.269114477E1,2.396878296E1
8.191065333E0,-1.652893260E0,-7.961509191E0,1.963843744E1,2.125525605E1
8.201145333E0,2.045916783E0,-5.076336867E0,9.888418179E0,1.130202573E1
8.211225333E0,1.412312495E0,-4.158311146E0,7.230731195E0,8.459884857E0
8.221305333E0,2.080067446E0,-2.887731650E0,3.055694674E0,4.690729645E0
8.231385333E0,2.298548659E0,-1.670492794E0,-6.990283455E-1,2.926177155E0
8.241465333E0,2.422002677E0,-1.611853992E0,-2.886108463E0,4.098022977E0
8.251545333E0,2.577410560E0,-1.796259386E0,-4.009215918E0,5.093466918E0
8.261626333E0,2.621608493E0,-2.249744289E0,-4.745787334E0,5.869981080E0
8.271706333E0,2.061537035E0,-2.602662345E0,-3.440808084E0,4.781521358E0
8.281786333E0,1.067263037E-1,-2.020120622E0,-1.168369655E0,2.336100486E0
8.291866333E0,-2.846325177E-1,-1.997585453E0,-1.861669849E0,2.745392128E0
8.301946333E0,1.260982461E0,-3.203860195E0,-3.815394167E0,5.139263524E0
8.312026333E0,7.820715255E-1,-2.900272758E0,-2.441831609E0,3.871144475E0
8.322106333E0,-5.667010313E-1,-1.743248529E0,2.558963764E-1,1.850823721E0
8.332186333E0,-1.690748134E0,-5.060326606E-1,1.880511332E0,2.578957381E0
8.342266333E0,-2.730350332E0,3.287830889E-1,3.069284188E0,4.121094112E0
8.352347333E0,-4.068069313E0,1.053356019E0,3.974406858E0,5.784000061E0
8.362427333E0,-5.154392518E0,1.497156764E0,4.779482792E0,7.186981033E0
8.372507333E0,-5.206763105E0,2.265790218E-1,6.128174365E0,8.044640522E0
8.382587333E0,-4.600064195E0,-3.118463949E0,6.189272506E0,8.318203060E0
8.392667333E0,-3.746308145E0,-5.739211147E0,3.653073122E0,7.766486499E0
8.402747333E0,-1.868004722E0,-4.894494892E0,-8.179310372E-1,5.302313936E0
8.412827333E0,-4.663101858E-1,-1.397662881E0,-3.788239405E0,4.064685045E0
8.422901292E0,1.011586434E0,3.321798534E0,-4.762042009E0,5.893614911E0
8.432981292E0,2.555592844E0,5.695676873E0,-5.040670606E0,8.023724196E0
8.443061292E0,4.606681489E0,7.349310974E0,3.796778387E0,9.468337355E0
8.453142292E0,6.193273171E0,8.250484436E0,1.255447721E1,1.624936995E1
8.463222292E0,4.048272979E0,9.898418087E-1,-6.351046836E0,7.596321270E0
8.473302292E0,2.782568307E0,-1.278528786E0,-1.223162904E1,1.260912650E1
8.483382292E0,1.344542096E0,-4.952123880E-2,-1.139243314E1,1.147160750E1
8.493462292E0,-1.053288776E0,3.249940347E0,-1.090309954E1,1.142580891E1
8.503542292E0,-4.052756624E0,7.022701296E0,-8.102997192E0,1.146305951E1
8.513622292E0,-6.646189139E0,1.059590554E1,-2.642705832E0,1.278393283E1
8.523702292E0,-4.984104057E0,1.214833896E1,8.444004470E0,1.561168294E1
8.533782292E0,-7.174516064E-1,9.036912721E0,3.823715925E0,9.838766783E0
8.543862292E0,1.434345973E0,4.556581376E0,-5.675682319E0,7.418433257E0
8.553943292E0,2.008025072E0,3.438393769E0,-3.878009076E0,5.558207516E0
8.564023292E0,1.906711535E0,2.772918062E0,-4.107663149E-1,3.390184718E0
8.574103292E0,1.048729118E0,2.065203824E0,-1.541384518E-2,2.316276577E0
8.584183292E0,1.700849783E-1,1.099750752E0,-1.507315716E0,1.873601154E0
8.594263292E0,-7.235637009E-2,1.833178121E-1,-1.861416079E0,1.871820153E0
8.604343292E0,-1.294281185E-2,-3.882065874E-1,-1.190309577E0,1.252081771E0
8.614423292E0,-1.346327251E-1,-5.300471753E-1,-3.782020380E-1,6.649156039E-1
8.624503292E0,-4.398410100E-1,-7.257868123E-1,4.663686579E-1,9.683627090E-1
8.634583292E0,-8.265928102E-1,-1.067147847E0,1.046507760E0,1.707992592E0
8.644664292E0,-1.108559582E0,-1.601982722E0,1.321776547E0,2.354218815E0
8.654744292E0,-1.170666368E0,-2.366552362E0,1.496415921E0,3.034846032E0
8.664824292E0,-1.043449082E0,-3.118032424E0,1.488378339E0,3.609180276E0
8.674904292E0,-7.063939369E-1,-3.608960558E0,1.524338715E0,3.980853830E0
8.684984292E0,-2.299780083E-1,-4.032724063E0,1.546358160E0,4.325156276E0
8.695064292E0,2.990564293E-1,-4.433350137E0,1.602208425E0,4.723462715E0
8.705144292E0,8.408892524E-1,-4.704737542E0,1.636075498E0,5.051573330E0
8.715224292E0,1.376164423E0,-4.583071017E0,1.575909403E0,5.038041178E0
8.725304292E0,1.746448710E0,-4.023212398E0,1.623067782E0,4.676608827E0
8.735384292E0,2.007353227E0,-3.506519678E0,2.098461617E0,4.552876935E0
8.745465292E0,2.128820946E0,-3.191674597E0,2.540816345E0,4.601566370E0
8.755545292E0,2.119970015E0,-2.866525553E0,2.604826984E0,4.415468857E0
8.765625292E0,1.948960007E0,-2.643639632E0,2.270738132E0,3.992934670E0
8.775705292E0,1.689273466E0,-2.413524215E0,1.848866200E0,3.478081397E0
8.785785292E0,1.423766606E0,-2.303545690E0,1.850280057E0,3.279782063E0
8.795865292E0,1.066305848E0,-2.412218531E0,2.016010029E0,3.319654024E0
8.805945292E0,7.458743370E-1,-3.126516150E0,2.135059340E0,3.858744633E0
8.816025292E0,5.633733809E-1,-4.102168520E0,2.226737834E0,4.701439941E0
8.826105292E0,3.874417716E-1,-4.971923137E0,2.491879828E0,5.574907702E0
8.836186292E0,-2.303861439E-2,-5.884832545E0,3.070206878E0,6.637616676E0
8.846266292E0,-4.932208264E-1,-6.530508410E0,3.204506897E0,7.291067914E0
8.856346292E0,-9.379647267E-1,-6.821849438E0,3.046471860E0,7.529833888E0
8.866426292E0,-1.541368146E0,-6.479111969E0,2.972251983E0,7.293078192E0
8.876506292E0,-2.255341828E0,-5.338314933E0,2.550373034E0,6.331553972E0
8.886586292E0,-3.219843559E0,-3.125354308E0,9.441018911E-1,4.585472764E0
8.896666292E0,-5.680141990E0,1.286171097E-1,-1.424420325E0,5.857433623E0
8.906746292E0,-7.123969223E0,2.110803920E0,-2.193389994E0,7.747089153E0
8.916826292E0,-6.855466250E0,3.573538125E0,-5.512813389E-1,7.750580840E0
8.926907292E0,-6.154212601E0,7.220895009E0,-4.066235626E-1,9.496367736E0
8.936987292E0,-5.231010924E0,9.142483615E0,-2.972192341E0,1.094451503E1
8.947067292E0,-3.979920782E0,9.048831101E0,-5.140110694E0,1.114189623E1
8.957147292E0,-2.615240875E0,8.758701616E0,-4.436776021E0,1.016067519E1
8.967227292E0,-1.961677117E0,8.762101187E0,-1.906189964E0,9.179115126E0
8.977307292E0,-1.372595283E0,8.486575708E0,1.096445321E0,8.666497412E0
8.987387292E0,-5.493751466E-1,7.267475098E0,3.262248151E0,7.985002840E0
8.997467292E0,-6.329809749E-1,6.245994006E0,3.701775166E0,7.288089284E0
9.007547292E0,-2.187679018E0,5.728846958E0,2.778138456E0,6.732286405E0
9.017627292E0,-3.384580674E0,5.361341853E0,2.031811545E0,6.657899890E0
9.027708292E0,-3.267847445E0,4.414347855E0,1.816145182E0,5.784779791E0
9.037788292E0,-2.260164612E0,2.818083125E0,1.919588274E0,4.090813576E0
9.047868292E0,-1.381004748E0,1.603732794E0,1.872649165E0,2.825941947E0
9.057948292E0,-7.968176186E-1,8.837119210E-1,1.457271152E0,1.881357033E0
9.068028292E0,-3.242959356E-1,2.613366258E-1,7.624605489E-1,8.687984660E-1
9.078108292E0,1.338538760E-1,-4.021896189E-1,2.623119414E-1,4.984785896E-1
9.088188292E0,5.602655858E-1,-1.063813764E0,8.464429379E-3,1.202359721E0
9.098268292E0,9.626440698E-1,-1.541624839E0,-2.288670373E-1,1.831849030E0
9.108348292E0,1.228924516E0,-1.690388530E0,-3.911822355E-1,2.126191993E0
9.118429292E0,1.545320864E0,-1.787568085E0,-5.097766328E-1,2.417289483E0
9.128509292E0,2.075412478E0,-1.955238163E0,-6.632292062E-1,2.927484621E0
9.138589292E0,2.622966217E0,-2.106916106E0,-5.130528277E-1,3.403273491E0
9.148669292E0,3.034955184E0,-2.197556720E0,5.740158616E-2,3.747466271E0
9.158749292E0,3.198953796E0,-2.146832709E0,7.048315609E-1,3.916501449E0
9.168829292E0,3.199632073E0,-1.875684455E0,9.151255754E-1,3.820116804E0
9.178909292E0,3.085159378E0,-1.593012509E0,5.550674111E-1,3.516247584E0
9.188989292E0,7.494597911E0,4.325673661E0,-2.918853806E1,3.044423106E1
9.199069292E0,6.990018284E0,-6.825291109E-1,-4.625818841E0,8.409780113E0
9.209150292E0,-9.713394642E-3,-7.400108660E0,2.353544997E1,2.467142290E1
9.219230292E0,-2.646236966E0,-4.259428216E0,1.821103153E1,1.888880536E1
9.229310292E0,-6.196376288E-1,-5.270507696E0,7.010339697E0,8.792443621E0
9.239390292E0,3.298016739E0,-6.056315008E0,2.292508924E0,7.267149582E0
9.249470292E0,4.461075295E0,-4.568354745E0,2.588562369E-2,6.385274303E0
9.259550292E0,3.992167776E0,-3.431940197E0,-1.613881952E0,5.506381027E0
9.269630292E0,3.103092204E0,-2.575168737E0,-2.427080399E0,4.706526800E0
9.279710292E0,1.751228809E0,-2.234612280E0,-1.462727188E0,3.193722782E0
9.289790292E0,6.204965848E-1,-2.480486528E0,-2.686215256E-1,2.570989489E0
9.299871292E0,-7.165295005E-2,-2.842719784E0,-3.991641234E-1,2.871501682E0
9.309951292E0,-6.653996927E-1,-3.008687738E0,-8.393029028E-1,3.193648073E0
9.320031292E0,-1.088534038E0,-2.869557334E0,-6.504594719E-1,3.137254081E0
9.330111292E0,-1.475812672E0,-2.692560947E0,2.226986633E-1,3.078555212E0
9.340191292E0,-2.121603727E0,-2.644876319E0,1.139066699E0,3.576876579E0
9.350271292E0,-2.777944914E0,-2.693544449E0,1.738955649E0,4.242184153E0
9.360351292E0,-3.123851573E0,-3.018956618E0,2.117855077E0,4.832996776E0
9.370431292E0,-2.877244084E0,-3.435055009E0,2.435141956E0,5.099809092E0
9.380511292E0,-2.119486451E0,-3.461134760E0,2.765201492E0,4.911009665E0
9.390592292E0,-1.617635134E0,-2.379950672E0,4.102474914E0,5.011108565E0
9.400672292E0,-1.482712972E0,-2.945067108E-2,5.905403050E0,6.088767550E0
9.410752292E0,-1.903036560E0,2.706977842E0,4.590340568E0,5.658666249E0
9.420832292E0,-2.643360720E0,5.056543458E0,-2.491001576E-1,5.711220406E0
9.430912292E0,-3.487204571E0,6.354678542E0,-4.085387304E0,8.320632459E0
9.440992292E0,-2.646786604E0,6.589730764E0,-5.421159453E0,8.934148011E0
9.451072292E0,2.267763653E0,7.977826431E0,-2.136842741E0,8.564727868E0
9.461152292E0,7.493889229E0,6.169148144E0,8.427046959E0,1.285425552E1
9.471232292E0,6.645466424E0,7.860721904E-1,-1.818375602E0,6.934451911E0
9.481312292E0,3.549951627E0,-1.696332225E0,-1.355662097E1,1.411600764E1
9.491393292E0,1.503626123E0,3.429082078E-1,-1.473489924E1,1.481538840E1
9.501473292E0,-1.630541108E0,6.033710257E0,-1.512986697E1,1.637000911E1
9.511553292E0,-5.616576909E0,1.220501251E1,-1.082104440E1,1.725118166E1
9.521633292E0,-8.800332622E0,1.369797507E1,1.858134037E-1,1.628234940E1
9.531713292E0,-8.260888971E0,1.378482961E1,1.638056184E1,2.294747524E1
9.541793292E0,-1.596345422E0,1.101817275E1,3.045852056E0,1.154234223E1
9.551873292E0,3.029181644E0,6.760648386E0,-6.514608661E0,9.865213329E0
9.561953292E0,4.506970675E0,4.413982989E0,-4.299182265E0,7.634068289E0
9.572034292E0,4.629424235E0,3.056618534E0,-1.948666477E0,5.879777772E0
9.582114292E0,3.760144996E0,2.307164531E0,-2.155607041E0,4.910024468E0
9.592194292E0,2.980487786E0,1.612448069E0,-2.975677866E0,4.509762187E0
9.602274292E0,2.621942369E0,7.588469696E-1,-2.744856105E0,3.871003171E0
9.612354292E0,2.335873775E0,2.173363280E-1,-2.021267261E0,3.096621177E0
9.622434292E0,1.705979546E0,7.604713261E-2,-1.309096860E0,2.151716516E0
9.632514292E0,9.304428685E-1,7.699905932E-2,-7.585610408E-1,1.202941245E0
9.642594292E0,2.498655581E-1,-1.540472353E-1,-4.099412727E-1,5.041975753E-1
9.652674292E0,-2.698905176E-1,-7.336776298E-1,-2.606098535E-1,8.240395935E-1
9.662754292E0,-5.031423819E-1,-1.611746403E0,-1.719215888E-1,1.697184656E0
9.672835292E0,-4.062820852E-1,-2.425708058E0,-5.145081997E-2,2.460034939E0
9.682915292E0,-4.890962005E-2,-3.021863269E0,1.358384393E-1,3.025310207E0
9.692995292E0,2.606139100E-1,-3.348257770E0,1.458172884E-1,3.361549105E0
9.703075292E0,4.250528169E-1,-3.557971083E0,-3.433016797E-2,3.583435040E0
9.713155292E0,4.982546943E-1,-3.762793785E0,-7.004847407E-2,3.796285236E0
9.723235292E0,4.667516506E-1,-4.057657760E0,1.820261621E-1,4.088468800E0
9.733315292E0,4.147763354E-1,-4.308788656E0,5.077008712E-1,4.358378054E0
9.743395292E0,2.634047860E-1,-4.458052284E0,9.402392936E-1,4.563733360E0
9.753476292E0,1.544822681E-1,-4.419232619E0,1.384994888E0,4.633755772E0
9.763556292E0,1.740985072E-1,-4.280258337E0,1.578632451E0,4.565413687E0
9.773636292E0,3.332111853E-1,-4.017265779E0,1.543203002E0,4.316356049E0
9.783716292E0,5.017390501E-1,-3.695084782E0,1.504333051E0,4.020996338E0
9.793796292E0,7.202927685E-1,-3.448427591E0,1.746714174E0,3.932109475E0
9.803876292E0,9.240647256E-1,-3.125626788E0,2.284610066E0,3.980311746E0
9.813956292E0,1.061110012E0,-2.917847149E0,3.055883539E0,4.356398816E0
9.824036292E0,1.034554297E0,-2.992489196E0,3.568800126E0,4.770914852E0
9.834116292E0,8.186610621E-1,-3.226350340E0,3.786902440E0,5.041842177E0
9.844197292E0,4.060604757E-1,-3.724576968E0,4.181787132E0,5.614686306E0
9.854277292E0,-2.034486061E-1,-4.366936292E0,4.558724381E0,6.316129503E0
9.864357292E0,-8.607171607E-1,-5.261239275E0,4.417370281E0,6.923484162E0
9.874437292E0,-1.079784849E0,-6.060551316E0,3.351795335E0,7.009333031E0
9.884517292E0,-6.288966948E-1,-6.244394208E0,1.801784420E0,6.529502061E0
9.894597292E0,7.175001383E-2,-6.202104805E0,9.016067398E-1,6.267706661E0
9.904677292E0,4.899972564E-1,-6.005790387E0,3.087879503E-1,6.033652748E0
9.914757292E0,-5.133843648E-1,-4.724137434E0,-6.899878192E-1,4.801783126E0
9.924837292E0,-2.563897060E0,-3.057782714E0,-1.332581617E0,4.207062755E0
9.934918292E0,-3.980712495E0,-3.423731291E0,8.269588459E-1,5.315248711E0
9.944998292E0,-6.956540051E0,-3.543050743E0,5.971547338E0,9.828836943E0
9.955078292E0,-1.042793843E1,1.230621378E0,6.722957234E0,1.246813871E1
9.965158292E0,-1.076202260E1,4.663515841E0,1.577210993E0,1.183457245E1
9.975238292E0,-1.152614844E1,6.736144459E0,-2.829479349E0,1.364674662E1
9.985318292E0,-9.675298278E0,7.029927285E0,-3.514408157E0,1.246524525E1
9.995398292E0,-8.642415699E0,7.923827979E0,-1.909635143E0,1.187960880E1
1.000547829E1,-6.711051133E0,7.702935374E0,2.187077340E0,1.044780972E1
1.001555929E1,-4.593213598E0,6.322988972E0,3.740939816E0,8.664434858E0
1.002563929E1,-2.533005635E0,5.447012333E0,2.161611546E0,6.384248223E0
1.003571929E1,-1.360873954E0,5.311610699E0,-1.182131588E-1,5.484447145E0
1.004579929E1,-5.242560929E-1,5.066703579E0,-1.967610433E0,5.460569606E0
1.005587929E1,1.228921008E-1,5.104541497E0,-2.879579462E0,5.862032432E0
1.006595929E1,6.805112368E-1,5.406654266E0,-3.016593758E0,6.228550697E0
1.007603929E1,1.414436204E0,5.375871599E0,-2.280666704E0,6.008499466E0
1.008611929E1,2.075131227E0,5.109313409E0,-9.573705391E-1,5.597125286E0
1.009619929E1,2.713433753E0,4.690567399E0,-8.251002353E-2,5.419497501E0
1.010628029E1,3.437312034E0,3.991347996E0,-1.923780179E-1,5.270956473E0
1.011636029E1,4.194579086E0,2.922354768E0,-9.102804995E-1,5.192616073E0
1.012644029E1,4.837257083E0,1.792351692E0,-1.747243347E0,5.446507136E0
1.013652029E1,5.267013985E0,1.129241184E0,-2.448371281E0,5.917021539E0
1.014660029E1,5.397557752E0,1.149080787E0,-2.454358830E0,6.039693172E0
1.015668029E1,5.373655504E0,1.578465806E0,-1.876685498E0,5.906748364E0
1.016676029E1,5.234737355E0,1.655980589E0,-1.056011240E0,5.591055949E0
1.017684029E1,4.792586110E0,8.406220347E-1,-1.250919988E0,5.023975302E0
1.018692029E1,4.125042243E0,-2.612489176E-1,-2.067632173E0,4.621615227E0
1.019700129E1,3.429128855E0,-1.293380713E0,-2.467100790E0,4.417957071E0
1.020708129E1,2.713736638E0,-1.964425308E0,-2.184497256E0,3.999420157E0
1.021716129E1,1.772831932E0,-2.539769109E0,-1.343974039E0,3.376333278E0
1.022724129E1,9.181789184E-1,-3.261573967E0,-4.869640133E-1,3.423163920E0
1.023732129E1,6.697734100E-1,-4.099209829E0,4.979439148E-1,4.183307995E0
1.024740129E1,1.195470257E0,-4.474243809E0,1.503200738E0,4.869047058E0
1.025748129E1,2.091942557E0,-4.668232205E0,1.973988137E0,5.483178343E0
1.026756129E1,2.818185452E0,-5.107695485E0,1.430900209E0,6.006512950E0
1.027764229E1,3.260116841E0,-5.619582378E0,5.014744636E-1,6.516098876E0
1.028772229E1,3.519099963E0,-5.970039341E0,1.452518535E-1,6.931560602E0
1.029780229E1,3.541309442E0,-6.070956436E0,3.996911037E-1,7.039683060E0
1.030788229E1,3.197042341E0,-6.165915803E0,6.732639053E-1,6.978028497E0
1.031796229E1,2.678013074E0,-6.312054679E0,1.102772593E0,6.944774704E0
1.032804229E1,1.925285216E0,-6.160686638E0,2.016572824E0,6.762200009E0
1.033812229E1,4.329904121E-1,-5.242253366E0,3.883993994E0,6.538662737E0
1.034820229E1,-1.718600761E0,-3.210311428E0,5.251953896E0,6.390829975E0
1.035828229E1,-4.139774303E0,-1.101794938E0,4.539152873E0,6.241441514E0
1.036836329E1,-6.836245868E0,2.080310398E0,-1.847367559E0,7.380698870E0
1.037844329E1,-7.143160370E0,6.823318259E0,-5.319184597E0,1.121945350E1
1.038852329E1,-3.503552216E0,1.594597455E1,4.202851142E0,1.685861620E1
1.039860329E1,7.281321305E-1,1.743994750E1,8.505352871E0,1.941707941E1
1.040868329E1,1.412685547E0,3.290128260E0,-5.786607508E0,6.804810863E0
1.041876333E1,1.395602322E0,-2.187011266E0,-9.720670917E0,1.006092278E1
1.042884333E1,1.431847458E0,-2.682116066E0,-8.970593601E0,9.471825764E0
1.043892333E1,1.048193513E0,-1.547652149E0,-7.416948642E0,7.648860305E0
1.044900433E1,-7.103384686E-1,2.378091257E0,-3.262305454E0,4.099089611E0
1.045908433E1,-4.532039443E0,5.536043208E0,1.512341837E0,7.312614699E0
1.046916433E1,-7.046174943E0,7.385005302E0,-8.791927542E-1,1.024499217E1
1.047924433E1,-6.069705132E0,8.682979589E0,-3.536935140E0,1.116894646E1
1.048932433E1,-2.902593518E0,7.338801189E0,-2.007811794E0,8.143362955E0
1.049940433E1,-9.510560578E-1,5.178419312E0,-1.116898296E0,5.382192490E0
1.050948433E1,-4.280126774E-1,4.212362807E0,-1.260672120E0,4.417747103E0
1.051956433E1,3.408377087E-1,3.167008703E0,-9.525459284E-1,3.324674151E0
1.052964533E1,1.133607885E0,1.974424632E0,-9.891027206E-1,2.482285973E0
1.053972533E1,1.563233224E0,1.074710051E0,-1.415489872E0,2.366920232E0
1.054980533E1,1.655232731E0,6.495332730E-1,-1.467776113E0,2.305657300E0
1.055988533E1,1.495637657E0,5.177674377E-1,-1.011651923E0,1.878418147E0
1.056996533E1,1.108487077E0,4.071854800E-1,-2.238857943E-1,1.201943619E0
1.058004533E1,5.924954385E-1,1.571602929E-1,2.853219044E-1,6.761351872E-1
1.059012533E1,1.479450810E-1,-4.165106195E-1,3.859279275E-1,5.867786707E-1
1.060020533E1,3.305898786E-2,-1.231906596E0,7.542095429E-1,1.444824831E0
1.061028633E1,2.285776001E-1,-2.023144802E0,1.313975776E0,2.423199321E0
1.062036633E1,4.005851430E-1,-2.576863260E0,1.755119546E0,3.143427642E0
1.063044633E1,5.212810296E-1,-2.861261889E0,1.960059192E0,3.507190549E0
1.064052633E1,7.205786973E-1,-2.831201354E0,1.998057908E0,3.539374262E0
1.065060633E1,1.013669212E0,-2.967259045E0,2.081711099E0,3.763731209E0
1.066068633E1,1.313143133E0,-3.157780627E0,2.175536106E0,4.053255571E0
1.067076633E1,1.521177710E0,-3.243148806E0,2.417407935E0,4.321557234E0
1.068084633E1,1.716892204E0,-3.230290779E0,2.763339154E0,4.584598198E0
1.069092733E1,1.834311896E0,-3.234900724E0,2.994981864E0,4.774850698E0
1.070100733E1,1.940568668E0,-3.169322446E0,2.939146802E0,4.738037088E0
1.071108733E1,2.024949253E0,-3.018542635E0,2.685725552E0,4.519418199E0
1.072116733E1,2.098964478E0,-2.849172186E0,2.410970736E0,4.282080559E0
1.073124733E1,2.137607557E0,-2.718285187E0,2.394609057E0,4.206256407E0
1.074132733E1,2.110095237E0,-2.630599172E0,2.678686674E0,4.306729178E0
1.075140733E1,1.948539593E0,-2.728597337E0,3.255816214E0,4.673584191E0
1.076148733E1,1.558981714E0,-2.997724208E0,4.028337482E0,5.257782544E0
1.077156833E1,8.767274219E-1,-3.423255912E0,4.414847792E0,5.654928208E0
1.078164833E1,2.170486450E-2,-3.739557534E0,4.337767457E0,5.727214695E0
1.079172833E1,-5.226586336E-1,-4.103785275E0,4.355863420E0,6.007309861E0
1.080180833E1,-5.323240811E-1,-4.582024950E0,4.129397249E0,6.191142319E0
1.081188833E1,-2.013938946E-1,-4.763623681E0,3.476103047E0,5.900505272E0
1.082196833E1,2.155155051E-1,-4.534354940E0,2.515151746E0,5.189683031E0
1.083204833E1,2.225543833E-1,-3.306717981E0,6.353818417E-1,3.374555429E0
1.084212833E1,-7.580353761E-1,-1.239262978E0,-2.103475020E0,2.556364121E0
1.085220833E1,-2.655935742E0,1.166776215E0,-4.366872557E0,5.242607876E0
1.086228933E1,-2.290050316E0,2.436733568E0,-5.029570252E0,6.039749817E0
1.087236933E1,-2.486633706E0,3.049683736E0,-5.277461790E0,6.582972051E0
1.088244933E1,-4.934813198E0,5.011004173E0,-6.620135701E0,9.658609673E0
1.089252933E1,-7.192143080E0,8.610449556E0,-6.427866386E0,1.292997409E1
1.090260933E1,-6.534672212E0,1.205920635E1,-5.023756950E0,1.460700286E1
1.091268933E1,-3.428313754E0,1.240871314E1,-4.507691052E0,1.363996978E1
1.092276933E1,-1.441667857E0,1.117320816E1,-1.010895878E0,1.131109620E1
1.093285033E1,1.822694063E-1,8.679587619E0,2.552137724E0,9.048860167E0
1.094293033E1,1.454168619E0,4.799871156E0,3.220106099E0,5.960071541E0
1.095301033E1,1.560699041E0,2.453334398E0,2.406516327E0,3.774381008E0
1.096309033E1,-7.427133322E-3,2.199258844E0,8.598301381E-1,2.361377245E0
1.097317033E1,-1.549101089E0,2.692920551E0,2.798237310E-1,3.119268599E0
1.098325033E1,-2.504343753E0,2.737816642E0,6.887305947E-1,3.773821330E0
1.099333033E1,-3.032392350E0,2.518299302E0,1.257634930E0,4.137496871E0
1.100341033E1,-2.745551339E0,2.164462064E0,1.746028295E0,3.907884720E0
1.101349133E1,-1.877017035E0,1.639497288E0,1.741361632E0,3.040309959E0
1.102357133E1,-8.086570609E-1,9.522909898E-1,1.232445271E0,1.754909034E0
1.103365133E1,2.308217615E-1,6.138699353E-2,6.992983407E-1,7.389622574E-1
1.104373133E1,1.192982851E0,-9.169545114E-1,2.777164310E-1,1.530078454E0
1.105381133E1,1.761952602E0,-1.514356349E0,-3.146059299E-1,2.344510400E0
1.106389133E1,1.936107827E0,-1.411920732E0,-5.741256796E-1,2.464072639E0
1.107397133E1,1.540723198E0,-7.029411560E-1,-6.476510543E-1,1.813120550E0
1.108405133E1,1.014386081E0,1.197258335E-1,-4.876134928E-1,1.131848186E0
1.109413233E1,7.288425672E-1,1.237646808E0,-4.168941969E-1,1.495587470E0
1.110421233E1,8.905139869E-1,2.331467898E0,-1.497623518E0,2.910607140E0
1.111429233E1,1.507550774E0,2.898957719E0,-3.221271156E0,4.588382401E0
1.112437233E1,2.440703242E0,3.018823886E0,-4.121585077E0,5.661960219E0
1.113445233E1,3.475508385E0,2.858656370E0,-3.889870738E0,5.948291279E0
1.114453233E1,4.468887759E0,2.425805122E0,-2.776273487E0,5.793374040E0
1.115461233E1,5.275742708E0,1.647188131E0,-1.911316510E0,5.848061274E0
1.116469333E1,5.437400680E0,3.405020785E-1,-1.848139976E0,5.752989587E0
1.117477333E1,5.017160121E0,-1.211693357E0,-1.798353859E0,5.465727131E0
1.118485333E1,4.632161316E0,-2.753455605E0,-1.378063307E0,5.562148389E0
1.119493333E1,4.618077128E0,-3.737109890E0,-4.458539942E-1,5.957466951E0
1.120501333E1,4.767399228E0,-4.411138903E0,4.050255185E-1,6.507709850E0
1.121509333E1,4.803941402E0,-5.170465930E0,7.144940847E-1,7.093805236E0
1.122517333E1,4.908742218E0,-5.671149557E0,6.947334194E-1,7.532618535E0
1.123525433E1,5.016773620E0,-5.734021159E0,7.852138191E-1,7.659215165E0
1.124533433E1,4.886484792E0,-4.991115453E0,1.022634748E0,7.059373125E0
1.125541433E1,4.374326003E0,-3.135669966E0,1.112431024E0,5.495876354E0
1.126549433E1,2.837480094E0,-1.495315475E0,2.811440396E0,4.265144635E0
1.127557433E1,-1.065357429E0,-8.563785267E-1,9.499897011E0,9.597729620E0
1.128565433E1,-5.799764913E0,-2.460586115E0,1.709239368E0,6.527882987E0
1.129573433E1,-7.426971354E0,-8.035296375E-1,-1.102677283E1,1.331898204E1
1.130581433E1,-6.442490273E0,5.009255270E0,-3.489436453E0,8.875499199E0
1.131589533E1,-3.371070097E0,1.094097547E1,1.641303786E0,1.156559276E1
1.132597533E1,-2.554557887E0,8.940317304E0,-3.325355980E0,9.874868702E0
1.133605533E1,-2.747040625E0,4.823726626E0,-7.461461155E0,9.299891039E0
1.134613533E1,-1.108663078E0,3.043659934E0,-2.649779209E0,4.185012482E0
1.135621533E1,-5.715308315E-1,2.447698267E0,-2.473189203E0,3.526264189E0
1.136629533E1,-1.543540387E0,1.777852351E0,-5.747556294E0,6.211093242E0
1.137637533E1,-2.582028106E0,1.724892949E0,-5.711783613E0,6.501276557E0
1.138645633E1,-3.394432063E0,1.995278141E0,-4.311553220E0,5.838903583E0
1.139653633E1,-3.781901316E0,2.069110934E0,-3.020009117E0,5.263501941E0
1.140661633E1,-3.552603339E0,1.829218971E0,-2.068024667E0,4.499306452E0
1.141669633E1,-2.729998330E0,1.109159507E0,-1.609390121E0,3.357567908E0
1.142677679E1,-1.572923230E0,5.904839963E-1,-1.344893660E0,2.152091493E0
1.143685679E1,-4.249516600E-1,5.610602224E-1,-9.635667604E-1,1.193244899E0
1.144693679E1,5.256377900E-1,5.489237416E-1,-3.518878499E-1,8.375186083E-1
1.145701679E1,1.212613124E0,5.046223122E-1,3.157864096E-1,1.350849852E0
1.146709779E1,1.530722120E0,5.660847348E-1,8.555797239E-1,1.842709636E0
1.147717779E1,1.759712534E0,7.302856600E-1,9.089824176E-1,2.110960536E0
1.148725779E1,1.946848578E0,9.947873837E-1,2.460946705E-1,2.200087251E0
1.149733779E1,2.096006371E0,1.093028793E0,-2.328127384E-1,2.375322383E0
1.150741779E1,2.171200980E0,1.122166053E0,-2.984758008E-1,2.462205952E0
1.151749779E1,2.034605929E0,8.070099002E-1,-4.616446924E-1,2.236962693E0
1.152757779E1,1.911733124E0,4.758113265E-2,-8.362080447E-1,2.087158690E0
1.153765879E1,1.916456505E0,-8.568503970E-1,-1.148504251E0,2.392918752E0
1.154773879E1,1.947867163E0,-1.462779813E0,-1.048050256E0,2.651852297E0
1.155781879E1,1.953296887E0,-1.692126907E0,-3.235042226E-1,2.604480213E0
1.156789879E1,1.731394469E0,-1.769984922E0,3.799297806E-1,2.504979056E0
1.157797879E1,1.254242960E0,-1.900393619E0,6.445163620E-1,2.366436699E0
1.158805879E1,6.279272264E-1,-2.001241717E0,6.016562712E-1,2.182029166E0
1.159813879E1,3.651644647E-2,-2.201030551E0,7.675592478E-1,2.331312106E0
1.160821979E1,-2.726819783E-1,-2.382994732E0,1.277960436E0,2.717756838E0
1.161829979E1,-3.719220918E-1,-2.758138640E0,1.877598249E0,3.357235467E0
1.162837979E1,-3.041856068E-1,-3.043526033E0,2.426589818E0,3.904346007E0
1.163845979E1,-2.231203938E-1,-3.042192283E0,2.870098786E0,4.188339008E0
1.164853979E1,-2.021680659E-1,-2.738111926E0,3.141349951E0,4.172074827E0
1.165861979E1,-2.755202168E-1,-2.133349614E0,3.427350132E0,4.046457821E0
1.166869979E1,-6.144955873E-1,-1.475928447E0,3.529865856E0,3.875038396E0
1.167878079E1,-1.185403690E0,-9.678849292E-1,3.578419966E0,3.891924022E0
1.168886079E1,-1.609904530E0,-5.891128242E-1,3.727395326E0,4.102721345E0
1.169894079E1,-1.620146513E0,-5.912669384E-1,3.551502893E0,3.948119060E0
1.170902079E1,-9.942780912E-1,-9.219340003E-1,3.151028262E0,3.430383409E0
1.171910079E1,-4.541760439E-1,-1.165259448E0,2.624352007E0,2.907116942E0
1.172918079E1,-2.371613127E-1,-1.117000623E0,2.277549992E0,2.547777433E0
1.173926079E1,-2.300774109E-1,-8.372154468E-1,2.244317927E0,2.406413987E0
1.174934179E1,-4.753084660E-1,-4.002138448E-1,1.867992589E0,1.968625300E0
1.175942179E1,-1.015598209E0,3.190457207E-1,6.366717374E-1,1.240395419E0
1.176950179E1,-1.490534792E0,8.022134292E-1,-5.399118666E-1,1.776723157E0
1.177958179E1,-1.306110102E0,8.041962200E-1,-8.108029890E-1,1.734951482E0
1.178966179E1,-1.373002249E-1,-2.757944512E-1,-6.969296336E-2,3.158655414E-1
1.179974179E1,1.503005733E0,-2.698756657E0,2.350427203E-1,3.097992706E0
1.180982179E1,2.011314130E0,-4.129220079E0,-1.551485583E-2,4.593047322E0
1.181990279E1,1.547252199E0,-4.211977476E0,-3.935722849E-1,4.504402598E0
1.182998279E1,2.759610969E-1,-2.937678566E0,-5.308102369E-1,2.997977550E0
1.184006279E1,-9.450322562E-1,-1.595804554E-1,-1.727108459E0,1.975210247E0
1.185014279E1,-1.866424804E0,1.687026966E0,-4.073710706E0,4.787976655E0
1.186022279E1,-2.161562430E0,2.562070389E0,-5.844481494E0,6.737545603E0
1.187030279E1,-2.031461881E0,3.119231104E0,-6.730825832E0,7.691583480E0
1.188038279E1,-1.859625077E0,3.139397566E0,-6.615405303E0,7.554972523E0
1.189046379E1,-1.456635559E0,2.088546494E0,-5.733328264E0,6.273345725E0
1.190054379E1,-1.027843448E0,4.821573097E-1,-4.440466783E0,4.583304820E0
1.191062379E1,-1.245114872E0,-5.725231040E-1,-2.586222314E0,2.926882233E0
1.192070379E1,-2.247707119E0,-7.168323863E-1,-3.838357206E-1,2.390264802E0
1.193078379E1,-3.444269636E0,-5.499364793E-2,6.903354362E-2,3.445400304E0
1.194086379E1,-4.243408599E0,6.073660773E-1,-8.121629783E-1,4.362914025E0
1.195094379E1,-4.586159517E0,7.997125751E-1,-1.136378222E0,4.792051208E0
1.196102479E1,-4.443913717E0,8.138216141E-1,-6.683588954E-1,4.566987886E0
1.197110479E1,-3.825160772E0,4.377512151E-1,-2.195406918E-1,3.856381616E0
1.198118479E1,-3.372554120E0,-3.136388004E-2,2.642017615E-1,3.383032302E0
1.199126479E1,-3.074408687E0,-1.445332307E-1,1.957460690E-1,3.084022561E0
1.200134479E1,-3.003745086E0,2.877753961E-1,-1.014565591E0,3.183495337E0
1.201142479E1,-3.129568396E0,6.297483417E-1,-2.130863378E0,3.838145393E0
1.202150479E1,-3.217443277E0,1.609144977E-1,-2.845450433E0,4.298188326E0
1.203158579E1,-2.976403506E0,-2.369411650E-1,-3.988237862E0,4.982083920E0
1.204166579E1,-2.300875266E0,3.422044954E-1,-5.109345569E0,5.613959659E0
1.205174579E1,-8.582601607E-1,1.913646626E0,-5.061642230E0,5.478948437E0
1.206182579E1,9.970473325E-1,2.217138168E0,-3.585648293E0,4.332052484E0
1.207190579E1,2.359566693E0,1.341544229E0,-2.541964154E0,3.718719895E0
1.208198579E1,3.426472465E0,3.952378643E-1,-2.346730886E0,4.171818833E0
1.209206579E1,4.305809500E0,-5.322957221E-1,-2.589058798E0,5.052381581E0
1.210214679E1,5.054343735E0,-1.355664670E0,-2.367961541E0,5.743819213E0
1.211222679E1,5.541496906E0,-2.368967262E0,-1.741824732E0,6.273288391E0
1.212230679E1,5.719021297E0,-3.906628565E0,-4.149897587E-1,6.938383662E0
1.213238679E1,5.603662748E0,-5.173190732E0,5.785774572E-1,7.648378287E0
1.214246679E1,5.064890943E0,-5.936671035E0,6.205516948E-1,7.828299154E0
1.215254679E1,3.477073685E0,-6.291050895E0,3.614994299E-1,7.197085842E0
1.216262779E1,1.771895208E0,-7.011985688E0,2.571598135E-1,7.236966705E0
1.217270779E1,4.171514744E-1,-8.288515896E0,7.038631158E-1,8.328801498E0
1.218278779E1,-5.006356806E-1,-9.409575655E0,1.369093970E0,9.521825896E0
1.219286779E1,-1.310512471E0,-9.234967271E0,1.527233087E0,9.451693199E0
1.220294779E1,-3.762824190E0,-3.567276342E0,8.580297804E-1,5.255522951E0
1.221302779E1,-7.801548666E0,6.145418973E0,-1.246553433E0,1.000920733E1
1.222310779E1,-1.240836698E1,1.348733614E1,-1.443809838E0,1.838369914E1
1.223318879E1,-1.633415950E1,1.675014914E1,-5.885023749E-1,2.340338860E1
1.224326879E1,-1.028737370E1,9.017726837E0,1.032365538E0,1.371915572E1
1.225334879E1,5.591130996E-1,-2.694563618E-1,3.224036597E0,3.283234102E0
1.226342879E1,4.351532972E0,-1.927978444E0,1.534010741E0,5.000612866E0
1.227350879E1,5.112960318E0,-3.693281793E0,-2.887527582E0,6.936894777E0
1.228358879E1,4.888172883E0,-4.383631555E0,-5.520175034E0,8.578041277E0
1.229366879E1,3.431339688E0,-2.833223906E0,-6.069398153E0,7.525878267E0
1.230374979E1,8.333592081E-1,3.555235755E-1,-5.746178105E0,5.817168331E0
1.231382979E1,-1.361320097E0,2.797765220E0,-4.599245000E0,5.552813450E0
1.232390979E1,-2.611574087E0,4.402180969E0,4.980307460E-1,5.142718262E0
1.233398979E1,-3.480994243E0,4.802012406E0,7.354087565E0,9.447711256E0
1.234406979E1,-2.294546825E0,2.816123723E0,3.613879235E0,5.124023915E0
1.235414979E1,-2.033673298E-1,9.362579244E-1,-1.020018704E0,1.399419640E0
1.236423079E1,1.055866814E0,-1.591758281E-1,-2.391244569E0,2.618824595E0
1.237431079E1,1.791245983E0,-8.868653244E-1,-2.144923154E0,2.931857366E0
1.238439079E1,2.202702854E0,-1.244650603E0,-1.233777121E0,2.814828764E0
1.239447079E1,2.294453854E0,-1.468274442E0,-7.358092323E-1,2.821659716E0
1.240455079E1,2.221280043E0,-1.744010421E0,-4.622791153E-1,2.861705673E0
1.241463079E1,2.201044584E0,-1.940837640E0,-3.176675320E-2,2.934698815E0
1.242471404E1,2.186818308E0,-1.993614024E0,4.767287546E-1,2.997322388E0
1.243479504E1,1.974876037E0,-1.967322019E0,8.180077820E-1,2.905103788E0
1.244487504E1,1.716584056E0,-2.043696011E0,1.246091357E0,2.945521664E0
1.245495504E1,1.324199048E0,-2.411870622E0,1.630283246E0,3.198194253E0
1.246503504E1,7.377203947E-1,-2.915246308E0,1.914706287E0,3.564967403E0
1.247511504E1,-9.269474030E-2,-3.506124991E0,1.906484079E0,3.992015320E0
1.248519504E1,-9.457385999E-1,-3.685133405E0,1.600071121E0,4.127330530E0
1.249527504E1,-1.417072129E0,-3.523173718E0,9.907509776E-1,3.924593478E0
1.250535604E1,-1.367287765E0,-3.096919298E0,4.272875496E-1,3.412178135E0
1.251543604E1,-1.093530484E0,-2.815354230E0,7.583721757E-2,3.021221548E0
1.252551604E1,-8.045868140E-1,-2.840904808E0,-3.863530201E-1,2.977812742E0
1.253559604E1,-4.100634795E-1,-2.830329534E0,-1.045965139E0,3.045153592E0
1.254567604E1,-9.633053899E-2,-2.680041474E0,-1.719806457E0,3.185849356E0
1.255575604E1,-3.485057473E-2,-2.466402925E0,-1.755720640E0,3.027691020E0
1.256583704E1,-2.593813169E-1,-2.118960786E0,-1.454608330E0,2.583245802E0
1.257591704E1,-4.872514039E-1,-2.057022985E0,-1.297469671E0,2.480359861E0
1.258599704E1,-6.044389611E-1,-2.320419000E0,-1.362084913E0,2.757710301E0
1.259607704E1,-5.203752959E-1,-2.473257616E0,-1.409709899E0,2.893972302E0
1.260615704E1,-4.655921477E-1,-2.606349599E0,-1.380738700E0,2.986013001E0
1.261623704E1,-3.646276903E-1,-2.661174847E0,-1.195971363E0,2.940264006E0
1.262631704E1,-3.802760088E-1,-2.577355011E0,-1.003345953E0,2.791786489E0
1.263639804E1,-8.268775696E-1,-2.506501375E0,-1.156191001E0,2.881501916E0
1.264647804E1,-1.524177917E0,-2.445887384E0,-1.716035587E0,3.354140956E0
1.265655804E1,-2.432994273E0,-2.417755260E0,-2.045850710E0,3.993808553E0
1.266663804E1,-3.222370141E0,-2.615537329E0,-1.430269879E0,4.389803728E0
1.267671804E1,-2.919285564E0,-3.526718300E0,-3.722980678E-2,4.578357373E0
1.268679804E1,-1.770623438E0,-4.210758916E0,1.714183774E0,4.878936772E0
1.269687904E1,-4.789588827E-1,-3.948677355E0,2.479450402E0,4.687123719E0
1.270695904E1,2.940985751E-1,-2.809544436E0,1.744063046E0,3.319908104E0
1.271703904E1,-9.195916057E-3,-7.086182177E-1,9.670897079E-1,1.198952395E0
1.272711904E1,-1.539785305E0,1.742573175E0,5.094281387E-1,2.380549744E0
1.273719904E1,-3.087247419E0,3.118641120E0,-1.180652243E-1,4.389869982E0
1.274727904E1,-4.066627974E0,4.008634120E0,-7.122171789E-1,5.754464692E0
1.275735904E1,-4.591536616E0,4.742360281E0,-4.431522882E-1,6.615782152E0
1.276744004E1,-4.790621445E0,5.034587747E0,2.426886674E-1,6.953849683E0
1.277752004E1,-4.620392041E0,5.133719687E0,1.121118817E0,6.997142834E0
1.278760004E1,-3.805122948E0,4.884248232E0,1.866514851E0,6.466739451E0
1.279768004E1,-2.723475761E0,4.286277460E0,1.217718328E0,5.222291893E0
1.280776004E1,-1.722164054E0,3.623854001E0,6.343702734E-2,4.012753556E0
1.281784004E1,-1.095634312E0,3.256904381E0,-1.786149331E-1,3.440892905E0
1.282792104E1,-3.282369590E-1,2.463969314E0,4.024772289E-1,2.518108854E0
1.283800104E1,5.660519904E-1,9.609770286E-1,9.305405170E-1,1.452514151E0
1.284808104E1,1.134896026E0,-4.254901886E-2,9.359795970E-1,1.471685162E0
1.285816104E1,1.569980911E0,-5.787229067E-1,4.481189132E-1,1.732215582E0
1.286824104E1,1.873223947E0,-7.417742693E-1,-4.449158084E-1,2.063285510E0
1.287832104E1,1.971016290E0,-6.780904895E-1,-9.819486523E-1,2.304112645E0
1.288840204E1,1.806705437E0,-5.242391360E-1,-9.850963546E-1,2.123540919E0
1.289848204E1,1.526782851E0,-2.008185285E-1,-1.997965814E-1,1.552840182E0
1.290856204E1,1.123411510E0,-3.022507632E-1,8.764631277E-1,1.456570135E0
1.291864204E1,7.563402683E-1,-6.237698561E-1,1.008355701E0,1.406385671E0
1.292872204E1,6.513581890E-1,-1.187829700E0,3.286911415E-1,1.394003140E0
1.293880204E1,8.007171267E-1,-1.906340822E0,-8.239763273E-1,2.225807771E0
1.294888304E1,1.166652254E0,-2.706670278E0,-1.726041343E0,3.415605392E0
1.295896304E1,1.793725787E0,-3.605616535E0,-2.256688735E0,4.616336951E0
1.296904304E1,2.895068736E0,-4.212233584E0,-2.556917531E0,5.715081978E0
1.297912304E1,3.911116596E0,-4.283213812E0,-2.571076856E0,6.344540155E0
1.298920304E1,4.485758731E0,-4.878263606E0,-2.426833062E0,7.057549569E0
1.299928304E1,4.649701794E0,-5.460299546E0,-1.966760978E0,7.436581650E0
1.300936304E1,4.495752792E0,-5.887471393E0,-1.080885880E0,7.486149000E0
1.301944404E1,4.310208360E0,-6.482484058E0,1.580347440E-1,7.786235975E0
1.302952404E1,4.356703080E0,-7.139937969E0,7.131346071E-1,8.394530178E0
1.303960404E1,4.821108828E0,-7.814689114E0,5.865809798E-1,9.200898517E0
1.304968404E1,5.032271081E0,-8.668354533E0,3.348434356E-1,1.002877075E1
1.305976404E1,3.832016047E0,-9.523731431E0,-8.182429862E-1,1.029831680E1
1.306984404E1,1.392199827E0,-8.716436187E0,-1.705038144E0,8.990085385E0
1.307992504E1,-9.880578232E-1,-4.307194120E0,-1.071623013E0,4.547148044E0
1.309000504E1,-6.234203095E0,4.416069568E0,-3.664521385E0,8.473232892E0
1.310008504E1,-2.171017377E1,1.880439411E1,-5.270149847E0,2.920122193E1
1.311016504E1,-3.464681564E1,2.895281809E1,-2.694278859E0,4.523192067E1
1.312024504E1,-1.452115428E1,2.439992338E1,1.397059448E1,3.164486835E1
1.313032504E1,2.493167970E0,1.308760645E1,8.270009458E0,1.568101991E1
1.314040604E1,5.016205271E0,3.437109135E0,-9.991483541E0,1.169640021E1
1.315048604E1,6.944345098E0,-9.360480094E-1,-1.375872647E1,1.544029368E1
1.316056604E1,8.461798131E0,-2.049681221E0,-1.584476159E1,1.807926134E1
1.317064604E1,8.141157290E0,-9.184543222E-1,-1.498981680E1,1.708264054E1
1.318072604E1,6.684631074E0,2.098286201E0,-1.234399966E1,1.419371076E1
1.319080604E1,3.705174152E0,7.039677517E0,-8.262020992E0,1.146936641E1
1.320088704E1,-6.540286124E-2,1.141234993E1,-5.131524643E0,1.251313524E1
1.321096704E1,-5.789994215E0,1.390857307E1,5.630871597E0,1.608350561E1
1.322104704E1,-9.908326778E0,1.447171607E1,8.142969342E0,1.933684191E1
1.323112704E1,-5.148821876E0,1.066241879E1,-5.078369359E0,1.288360883E1
1.324120704E1,-1.038318735E0,4.809000998E0,-3.106255547E0,5.818369181E0
1.325128704E1,5.155530971E-1,7.531728315E-1,3.015262932E-1,9.612400406E-1
1.326136804E1,9.983799130E-1,-7.788403541E-1,-6.363062865E-1,1.417124002E0
1.327144804E1,7.408872467E-1,-1.167946828E0,-1.830267377E0,2.294099470E0
1.328152804E1,1.567106420E-1,-1.317051412E0,-1.602947951E0,2.080534735E0
1.329160804E1,-6.477832013E-1,-1.621419452E0,-4.417162120E-1,1.801037847E0
1.330168804E1,-1.249530104E0,-2.186506067E0,7.818065004E-1,2.636921627E0
1.331176804E1,-1.368817397E0,-2.976138042E0,1.672370335E0,3.678026815E0
1.332184904E1,-1.014296619E0,-4.039652429E0,2.597120939E0,4.908424039E0
1.333192904E1,-4.911152440E-1,-4.928207599E0,3.634910501E0,6.143370302E0
1.334200904E1,4.169883370E-2,-5.326680728E0,4.225300941E0,6.799149536E0
1.335208904E1,5.728581494E-1,-5.258085871E0,4.037152745E0,6.653888771E0
1.336216904E1,1.284054989E0,-5.061772038E0,3.586639397E0,6.335164997E0
1.337224904E1,2.075092050E0,-4.771529117E0,3.008399470E0,6.010321497E0
1.338233004E1,2.739508826E0,-4.404321050E0,2.053515825E0,5.578519496E0
1.339241004E1,3.072899521E0,-4.186715750E0,1.114007945E0,5.311526517E0
1.340249004E1,3.283154871E0,-3.902758586E0,4.643063084E-1,5.121153272E0
1.341257004E1,3.112905586E0,-3.137076806E0,3.233417066E-1,4.431250606E0
1.342265017E1,2.651945602E0,-2.749812790E0,4.920063232E-1,3.851799070E0
1.343273117E1,2.169518736E0,-2.610757815E0,5.242508304E-1,3.434779010E0
1.344281117E1,1.548215235E0,-2.790522274E0,4.255837440E-1,3.219488547E0
1.345289117E1,8.501980197E-1,-2.659622996E0,3.623320735E-1,2.815619947E0
1.346297117E1,-1.907461149E-1,-2.309540255E0,5.342717886E-1,2.378193982E0
1.347305117E1,-9.313854396E-1,-2.201601239E0,6.001207924E-1,2.464684933E0
1.348313117E1,-1.362575494E0,-2.429516934E0,4.653179133E-1,2.824125576E0
1.349321217E1,-1.445482580E0,-2.833038549E0,5.702485736E-1,3.231208867E0
1.350329217E1,-1.407932931E0,-3.224158219E0,1.039060746E0,3.668394553E0
1.351337217E1,-1.253433121E0,-3.419947557E0,1.406382834E0,3.904490819E0
1.352345217E1,-1.277978563E0,-3.473739018E0,1.467447646E0,3.981644706E0
1.353353217E1,-1.544381801E0,-3.694169692E0,1.256945543E0,4.196655450E0
1.354361217E1,-1.955342243E0,-3.552639592E0,3.430701756E-1,4.069681622E0
1.355369317E1,-2.244961267E0,-3.109903041E0,-6.451736621E-1,3.889421173E0
1.356377317E1,-2.168377360E0,-3.916100762E0,-1.701563875E-1,4.479582430E0
1.357385317E1,-2.198366559E0,-4.452989765E0,2.715407188E0,5.659979644E0
1.358393317E1,-2.617107307E0,-1.645388943E0,4.860844166E0,5.760586900E0
1.359401317E1,-3.730305485E0,5.241473347E-1,2.240901106E0,4.383097901E0
1.360409317E1,-4.582080499E0,1.787037157E0,-1.467674518E0,5.132546346E0
1.361417417E1,-4.627584701E0,3.460951742E0,-4.820615323E0,7.525361068E0
1.362425417E1,-3.714265403E0,5.546416168E0,-7.344784645E0,9.924936336E0
1.363433417E1,-2.034094883E0,7.261458313E0,-8.487690772E0,1.135373126E1
1.364441417E1,-2.266322315E-2,7.419699172E0,-6.599406152E0,9.929985447E0
1.365449417E1,1.134570921E0,5.451269690E0,-1.187408993E0,5.693288376E0
1.366457417E1,8.954502064E-1,4.780829698E0,2.936104496E0,5.681449928E0
1.367465517E1,3.063397211E-1,5.832843781E0,4.312710968E0,7.260536240E0
1.368473517E1,6.447923505E-1,6.269039637E0,3.887461685E0,7.404658905E0
1.369481517E1,6.694944978E-1,4.738542050E0,2.299470180E0,5.309384781E0
1.370489517E1,1.411278123E-1,2.573010530E0,1.072629685E0,2.791206672E0
1.371497517E1,-4.538977164E-1,1.905843224E0,5.214395622E-1,2.027353139E0
1.372505617E1,-7.196758872E-1,1.631190734E0,9.331695713E-2,1.785336004E0
1.373513617E1,-2.248926848E-1,8.206941390E-1,-4.246364951E-1,9.510161631E-1
1.374521617E1,9.642713499E-1,-4.534644377E-1,-5.504019177E-1,1.199329606E0
1.375529617E1,1.876941022E0,-1.390097753E0,-2.888583735E-1,2.353448220E0
1.376537617E1,1.939505644E0,-1.222526493E0,-2.196986762E-1,2.303154506E0
1.377545617E1,1.803879477E0,-4.789629757E-1,-2.511554539E-1,1.883206245E0
1.378553717E1,1.742968447E0,-1.217653424E-1,-1.574538231E-1,1.754296871E0
1.379561717E1,1.543767259E0,-5.919604182E-2,1.976897200E-1,1.557498875E0
1.380569717E1,1.073000910E0,-2.422910750E-2,1.035305665E0,1.491232987E0
1.381577717E1,3.097644353E-1,1.175009680E-1,2.170585853E0,2.195723896E0
1.382585717E1,-2.911720437E-1,3.916938668E-1,2.357144777E0,2.407142859E0
1.383593717E1,-4.727567410E-1,7.193776792E-1,1.393669233E0,1.638083365E0
1.384601817E1,-1.520311153E-1,7.165324241E-1,-1.043588392E-1,7.398803566E-1
1.385609817E1,4.568423742E-1,1.872716993E-1,-1.292183788E0,1.383298445E0
1.386617817E1,1.145723900E0,-6.132635790E-1,-1.872949712E0,2.279630693E0
1.387625817E1,1.815001466E0,-1.753175347E0,-1.644784926E0,3.012170575E0
1.388633817E1,2.129759424E0,-2.911622788E0,-1.274127440E0,3.825810136E0
1.389641917E1,2.241229573E0,-3.910683317E0,-8.259450848E-1,4.582438138E0
1.390649917E1,2.166336681E0,-4.559435402E0,-2.091778542E-1,5.052249121E0
1.391657917E1,2.122953265E0,-4.637136127E0,4.265470728E-2,5.100174649E0
1.392665917E1,2.062597135E0,-4.572169468E0,3.958041671E-1,5.031471110E0
1.393673917E1,1.899407778E0,-4.797380826E0,1.049583834E0,5.265381176E0
1.394681917E1,1.930254765E0,-5.000442932E0,1.716127681E0,5.628090901E0
1.395690017E1,2.090343343E0,-5.319952337E0,1.531885132E0,5.917609332E0
1.396698017E1,2.376368667E0,-5.994188926E0,6.956026080E-1,6.485467748E0
1.397706017E1,2.820661163E0,-6.991551424E0,3.087835649E-1,7.545413706E0
1.398714017E1,3.162249654E0,-7.242046727E0,7.786093891E-1,7.940610572E0
1.399722017E1,2.259531943E0,-6.057125432E0,7.589390633E-1,6.509242783E0
1.400730017E1,1.489478785E-1,-4.834181448E0,5.483282027E-1,4.867459251E0
1.401738117E1,-2.115164773E0,-4.443571655E0,2.919903907E0,5.722332557E0
1.402746117E1,-3.832279757E0,-2.991717364E0,-4.226278888E0,6.441907649E0
1.403754117E1,-4.082266352E0,3.032113730E0,-4.920820227E0,7.076233740E0
1.404762117E1,-4.045452282E0,1.460164822E1,7.769146321E0,1.702743226E1
1.405770117E1,-5.289556755E0,1.846929837E1,1.069064096E1,2.198600002E1
1.406778217E1,-3.655182213E0,8.250831760E0,-4.887551324E0,1.026278421E1
1.407786217E1,-6.431767648E-1,5.059928411E0,-9.997182237E0,1.122319939E1
1.408794217E1,-1.822922105E-1,6.779655345E0,-9.659054713E0,1.180230041E1
1.409802217E1,-6.574790543E-1,8.247445638E0,-6.620977700E0,1.059669684E1
1.410810217E1,-1.573300960E0,9.796701677E0,-3.305752605E0,1.045842435E1
1.411818217E1,-2.011836872E0,1.093582056E1,-2.369437963E0,1.136898831E1
1.412826317E1,-4.967718405E-1,1.091218846E1,-5.162210830E0,1.208184836E1
1.413834317E1,2.287482219E0,8.937046371E0,-5.022944772E0,1.050396815E1
1.414842317E1,4.358849008E0,6.173010814E0,-2.580144718E0,7.985159607E0
1.415850317E1,5.121325344E0,4.209701155E0,-7.349172395E-1,6.670057005E0
1.416858317E1,4.534566609E0,3.047499801E0,-9.408304471E-1,5.543889546E0
1.417866417E1,2.842178916E0,2.587516302E0,-1.967797397E0,4.318037541E0
1.418874417E1,6.549226516E-1,2.632266798E0,-2.337471235E0,3.580715564E0
1.419882417E1,-1.482883126E0,2.523054258E0,-2.418340566E0,3.796461016E0
1.420890417E1,-2.844858695E0,1.663805918E0,-2.041479916E0,3.876739787E0
1.421898417E1,-3.134658397E0,-7.502913237E-2,-8.681758690E-1,3.253527621E0
1.422906417E1,-2.759230900E0,-1.837292807E0,3.081430024E-1,3.329256993E0
1.423914517E1,-2.170156667E0,-3.003280233E0,7.461023784E-1,3.779674705E0
1.424922517E1,-1.505166864E0,-3.894069623E0,9.109774876E-1,4.273076819E0
1.425930517E1,-7.656502050E-1,-4.897433118E0,1.284877692E0,5.120740383E0
1.426938517E1,-2.250944138E-2,-5.872484980E0,1.835640968E0,6.152736324E0
1.427946517E1,6.933347654E-1,-6.638984785E0,2.271490084E0,7.050992786E0
1.428954617E1,1.030108659E0,-7.463434591E0,2.207052598E0,7.850800017E0
1.429962617E1,9.579353070E-1,-8.037739926E0,1.710403549E0,8.273353822E0
1.430970617E1,1.305147650E0,-8.527610298E0,1.514702504E0,8.758873869E0
1.431978617E1,1.224272472E0,-8.514035402E0,1.524994773E0,8.735745587E0
1.432986617E1,1.321281288E0,-7.956850714E0,2.303646262E0,8.388327821E0
1.433994617E1,1.450169708E0,-6.908658371E0,3.411249239E0,7.840227933E0
1.435002717E1,1.494950609E0,-5.497573206E0,4.369375166E0,7.179806949E0
1.436010717E1,1.383005081E0,-4.195425763E0,4.887348425E0,6.587903689E0
1.437018717E1,1.321413435E0,-3.351661434E0,5.043800036E0,6.198361609E0
1.438026717E1,1.275498759E0,-2.744609352E0,4.807239232E0,5.680609704E0
1.439034717E1,1.050728865E0,-2.291114509E0,4.334578385E0,5.014160610E0
1.440042817E1,5.378935540E-1,-2.247031181E0,3.649453111E0,4.319373405E0
1.441050817E1,-2.043677884E-1,-2.681129640E0,3.249231080E0,4.217549638E0
1.442058846E1,-1.283761459E0,-3.438491417E0,3.079888698E0,4.791344394E0
1.443066846E1,-2.628443888E0,-3.887800239E0,2.713388729E0,5.420902726E0
1.444074846E1,-4.024192391E0,-3.851008973E0,2.204351184E0,5.990288695E0
1.445082846E1,-6.213943078E0,-3.532387760E0,1.900569620E0,7.396148778E0
1.446090946E1,-9.875063138E0,-1.941398973E0,1.741468198E0,1.021364839E1
1.447098946E1,-9.748265682E0,1.947585912E0,1.389070398E0,1.003749427E1
1.448106946E1,-6.714585775E0,5.618100109E0,-8.339182019E-2,8.755322105E0
1.449114946E1,-5.996914313E0,7.251143240E0,-3.098534299E0,9.906713601E0
1.450122946E1,-6.706828274E0,8.473639913E0,-5.462941318E0,1.210899858E1
1.451131046E1,-6.590858692E0,8.686681461E0,-5.201284264E0,1.208102691E1
1.452139046E1,-4.983733343E0,7.308230776E0,-3.512594351E0,9.517675882E0
1.453147046E1,-3.303875649E0,5.723007928E0,-1.542925698E0,6.785943837E0
1.454155046E1,-2.225629202E0,5.039937950E0,7.252570546E-1,5.557013378E0
1.455163046E1,-9.681457150E-1,4.029381795E0,2.813889502E0,5.009111489E0
1.456171046E1,-2.661032760E-1,2.678723511E0,3.072032379E0,4.084575075E0
1.457179146E1,-5.646381336E-1,1.988436899E0,1.627033510E0,2.630577040E0
1.458187146E1,-8.966898161E-1,1.652591543E0,4.966052679E-1,1.944666611E0
1.459195146E1,-1.137647726E0,1.544976463E0,1.721982352E-1,1.926355847E0
1.460203146E1,-1.194462782E0,1.367258529E0,2.777942721E-1,1.836656440E0
1.461211146E1,-6.749493653E-1,8.456149721E-1,2.773509070E-1,1.116935474E0
1.462219246E1,1.151328456E-1,-4.792261004E-2,1.981083806E-1,2.340920314E-1
1.463227246E1,1.044646592E0,-9.958387130E-1,3.416765649E-2,1.443658087E0
1.464235246E1,1.890652742E0,-1.656603903E0,-3.851958195E-1,2.543084761E0
1.465243246E1,2.501411959E0,-2.322150945E0,-6.334440744E-1,3.471411557E0
1.466251246E1,2.896527616E0,-2.781362026E0,-5.517479467E-1,4.053427284E0
1.467259346E1,3.108856974E0,-3.247358801E0,-3.137604225E-1,4.506525987E0
1.468267346E1,3.135737793E0,-3.681243253E0,-4.430848259E-2,4.835945268E0
1.469275346E1,2.971245677E0,-4.063856394E0,1.538145161E-1,5.036555228E0
1.470283346E1,2.659969152E0,-4.179755809E0,-9.013124786E-2,4.955191031E0
1.471291346E1,2.231479341E0,-4.061435646E0,-8.118196736E-1,4.704658409E0
1.472299346E1,1.599792940E0,-3.529170622E0,-1.168771285E0,4.047271803E0
1.473307446E1,1.023404827E0,-3.192937596E0,-1.799590106E0,3.805355763E0
1.474315446E1,5.668366867E-1,-3.383554487E0,-1.797226515E0,3.872953388E0
1.475323446E1,5.684160197E-1,-3.369770261E0,-1.245613786E0,3.637306983E0
1.476331446E1,2.138641929E0,-3.591627071E0,-6.741456655E-1,4.234152418E0
1.477339446E1,4.015396425E0,-4.665443083E0,-3.688792008E-1,6.166509505E0
1.478347546E1,4.991219534E0,-5.940250701E0,-5.647208717E-1,7.779316196E0
1.479355546E1,5.596421556E0,-7.188493248E0,-1.002608327E0,9.165129179E0
1.480363546E1,6.243545192E0,-8.290051959E0,-1.135551499E0,1.044012908E1
1.481371546E1,7.362998137E0,-8.586698166E0,-2.925169033E-1,1.131506487E1
1.482379546E1,9.026272543E0,-7.425134159E0,2.153162904E0,1.188454138E1
1.483387646E1,8.564682230E0,-7.229516729E0,5.902654274E0,1.266732100E1
1.484395646E1,1.208304895E0,-8.586871828E0,1.097424496E1,1.398672302E1
1.485403646E1,-4.052543201E0,-8.735080619E0,-4.417126160E0,1.059413721E1
1.486411646E1,-5.055209708E0,-1.623839907E0,-1.087768754E1,1.210438299E1
1.487419646E1,-5.743983060E0,1.498915021E1,-2.257682469E0,1.621003071E1
1.488427646E1,-8.822053274E0,3.000061808E1,2.426327863E0,3.136483343E1
1.489435746E1,-1.158138592E1,2.889725317E1,-5.596867114E0,3.163075500E1
1.490443746E1,-9.002304221E0,1.444257354E1,-1.190227877E1,2.076761064E1
1.491451746E1,-2.333951796E0,9.307534141E0,-5.931239557E0,1.128083000E1
1.492459746E1,2.095011760E0,7.958917705E0,-6.078864210E0,1.023161939E1
1.493467746E1,3.390238439E0,6.833047441E0,-4.829488472E0,9.028189902E0
1.494475846E1,3.614102599E0,7.798257853E0,-1.186627001E0,8.676557312E0
1.495483846E1,3.803543615E0,7.103813286E0,-3.976836376E0,8.985896439E0
1.496491846E1,3.289248254E0,5.501909502E0,-3.683523667E0,7.393139309E0
1.497499846E1,2.157734842E0,4.708425965E0,8.269424736E-2,5.179954928E0
1.498507846E1,9.881192189E-1,4.222452763E0,2.073978156E0,4.806960819E0
1.499515846E1,-6.171151400E-3,3.781791388E0,7.752093063E-1,3.860431797E0
1.500523946E1,-9.171018612E-1,3.391603764E0,-7.173351737E-1,3.585892033E0
1.501531946E1,-1.865329036E0,2.455438226E0,-2.482735075E-2,3.083706486E0
1.502539946E1,-2.993743424E0,1.188907342E0,2.112700757E0,3.852207788E0
1.503547946E1,-4.028055062E0,6.607400465E-1,4.145894583E0,5.818096500E0
1.504555946E1,-3.505807487E0,2.067859629E0,5.565665202E0,6.895169231E0
1.505564046E1,-1.734389412E0,1.386248531E0,6.554166829E0,6.920035726E0
1.506572046E1,-4.005032820E-1,-3.282433909E-1,6.071167520E0,6.093211113E0
1.507580046E1,4.766030395E-1,-1.944000399E0,5.289839761E0,5.655854728E0
1.508588046E1,1.111171533E0,-3.604312606E0,4.761045059E0,6.073987289E0
1.509596046E1,1.546526560E0,-5.146613383E0,4.106576151E0,6.763382393E0
1.510604146E1,1.850150249E0,-6.663155420E0,3.817474022E0,7.898974871E0
1.511612146E1,1.880030106E0,-8.209600704E0,4.038399371E0,9.340274428E0
1.512620146E1,1.837994472E0,-9.254713318E0,4.892374692E0,1.062841815E1
1.513628146E1,1.820707764E0,-9.815075383E0,5.518383447E0,1.140628061E1
1.514636146E1,1.837302747E0,-9.530815918E0,5.449382794E0,1.113139283E1
1.515644246E1,1.984700528E0,-8.971049684E0,5.047838123E0,1.048329330E1
1.516652246E1,2.184487608E0,-8.307068526E0,4.619548287E0,9.752927765E0
1.517660246E1,1.928219349E0,-7.727800074E0,5.017619712E0,9.413470743E0
1.518668246E1,1.216462930E0,-7.047680016E0,6.703382510E0,9.802291199E0
1.519676246E1,3.148082435E-1,-6.307181609E0,7.685182643E0,9.946943065E0
1.520684246E1,-4.955404168E-1,-5.954179938E0,6.518777726E0,8.842639995E0
1.521692346E1,-8.601470572E-1,-6.159685594E0,4.712711974E0,7.803283523E0
1.522700346E1,-1.006902230E0,-6.251254161E0,4.326481161E0,7.668798467E0
1.523708346E1,-9.629054403E-1,-6.264258369E0,4.933558971E0,8.031694959E0
1.524716346E1,-1.091363506E0,-5.670080101E0,4.623177069E0,7.396935100E0
1.525724346E1,-1.582240183E0,-3.681119877E0,2.188471316E0,4.565471963E0
1.526732446E1,-4.106435233E0,2.808517081E-1,-1.117184079E0,4.264948801E0
1.527740446E1,-8.476971656E0,4.272583866E0,-3.451197124E0,1.010073180E1
1.528748446E1,-1.118079785E1,5.265772621E0,-3.644277155E0,1.288484993E1
1.529756446E1,-1.120635018E1,3.842060394E0,-4.330567195E0,1.261338673E1
1.530764446E1,-1.401665768E1,5.758919188E0,-9.155572608E0,1.770469860E1
1.531772546E1,-1.398302683E1,8.774840516E0,-1.534705828E1,2.254007683E1
1.532780546E1,-9.356420372E0,1.067304669E1,-1.712567136E1,2.224286734E1
1.533788546E1,-4.052742006E0,1.010694500E1,-1.134141502E1,1.572268264E1
1.534796546E1,1.052738553E-1,6.837252173E0,-4.685708363E0,8.289448880E0
1.535804546E1,1.340942550E0,7.012797866E0,-7.952086110E-1,7.183997326E0
1.536812646E1,2.368777812E0,8.095588185E0,1.283941992E0,8.532183977E0
1.537820646E1,2.718136083E0,7.981351132E0,-1.484381182E0,8.561169147E0
1.538828646E1,2.236890355E0,7.041432851E0,-4.974735063E0,8.906932357E0
1.539836646E1,1.495330094E0,6.634275438E0,-5.629884002E0,8.828658819E0
1.540844646E1,9.586410660E-1,6.158136667E0,-5.009784443E0,7.996222863E0
1.541852646E1,8.692839164E-1,5.197944919E0,-4.239037220E0,6.763410565E0
1.542860333E1,1.061501775E0,4.284368345E0,-3.310718061E0,5.517558537E0
1.543868333E1,1.712820203E0,2.972015170E0,-2.577814018E0,4.290891787E0
1.544876333E1,2.583185855E0,1.586257221E0,-1.966087672E0,3.613109722E0
1.545884333E1,3.365265566E0,3.463311678E-1,-1.528922932E0,3.712487433E0
1.546892333E1,4.037096027E0,-3.527514106E-1,-1.271455994E0,4.247255376E0
1.547900433E1,4.332234821E0,-7.314007241E-1,-9.868065190E-1,4.502998187E0
1.548908433E1,4.412445171E0,-8.852649415E-1,-1.156937106E0,4.646705271E0
1.549916433E1,4.531676331E0,-8.351104492E-1,-1.618119283E0,4.883831472E0
1.550924433E1,4.676846323E0,-5.966639185E-1,-2.104978924E0,5.163316340E0
1.551932433E1,4.808139703E0,-1.732453984E-1,-2.573152617E0,5.456128276E0
1.552940533E1,4.756754372E0,2.251569790E-1,-2.947029433E0,5.600213416E0
1.553948533E1,4.434651727E0,8.280937904E-1,-3.080887402E0,5.462942655E0
1.554956533E1,4.182764786E0,1.427552678E0,-3.183804245E0,5.447020964E0
1.555964533E1,4.042994113E0,2.113080826E0,-3.658587339E0,5.847749421E0
1.556972533E1,3.942413818E0,2.825635974E0,-3.583883311E0,6.030842806E0
1.557980633E1,3.544034829E0,3.261658167E0,-2.308405311E0,5.341098384E0
1.558988633E1,2.935441421E0,2.744929195E0,-1.397309709E0,4.254870979E0
1.559996633E1,2.562027120E0,1.347695500E0,-4.826379508E-1,2.934826318E0
1.561004633E1,2.514084629E0,3.854782766E-1,-4.319981396E-2,2.543832001E0
1.562012633E1,2.719893172E0,-3.380988729E-1,-9.029592007E-1,2.885734747E0
1.563020733E1,3.625473095E0,-1.271324431E0,-1.788605088E0,4.237856667E0
1.564028733E1,5.235841894E0,-2.623938609E0,-1.996628848E0,6.187537549E0
1.565036733E1,6.734521857E0,-5.197670100E0,-1.800363254E0,8.695450935E0
1.566044733E1,7.779125764E0,-8.317748466E0,-5.789921710E-1,1.140328765E1
1.567052733E1,8.299424461E0,-1.070972628E1,5.108724010E-1,1.355874898E1
1.568060733E1,8.750103285E0,-1.198704235E1,-1.972265840E-2,1.484095282E1
1.569068833E1,9.149354094E0,-1.231525592E1,9.767832220E-2,1.534228633E1
1.570076833E1,9.040474845E0,-1.145012645E1,-4.477914691E-2,1.458895426E1
1.571084833E1,8.132191170E0,-1.218313808E1,-1.612821121E0,1.473643711E1
1.572092833E1,1.260327573E0,-1.676040749E1,5.843411454E0,1.779452563E1
1.573100833E1,-6.091790650E0,-8.385660367E0,1.314245918E0,1.044779668E1
1.574108933E1,-1.053625927E1,7.844019917E0,9.170486516E0,1.601996351E1
1.575116933E1,-1.092314380E1,1.559329857E1,-1.426321839E0,1.909189421E1
1.576124933E1,-1.044033453E1,1.405716836E1,-3.790526544E0,1.791570983E1
1.577132933E1,-9.917706882E0,8.125144690E0,2.399925345E0,1.304371602E1
1.578140933E1,-4.908193164E0,7.041125872E0,1.899199618E0,8.790607082E0
1.579149033E1,-1.044910301E0,4.863455825E0,-3.729538915E0,6.217274372E0
1.580157033E1,-7.894027644E-1,1.906988401E0,-3.411318237E0,3.987085853E0
1.581165033E1,-2.568701717E0,7.233216262E-1,-2.558714088E0,3.697085402E0
1.582173033E1,-4.624164664E0,5.046591496E-1,-9.984225976E-1,4.757565279E0
1.583181033E1,-5.392661294E0,9.430719772E-1,7.847562745E-1,5.530463181E0
1.584189133E1,-5.399998965E0,1.158780440E0,1.207759642E0,5.653445346E0
1.585197133E1,-5.013031987E0,5.771026433E-1,2.459497071E0,5.613614077E0
1.586205133E1,-4.149782397E0,-1.008679783E-1,3.058874974E0,5.156315002E0
1.587213133E1,-2.768018680E0,-7.989232010E-1,1.995570502E0,3.504640827E0
1.588221133E1,-9.965450567E-1,-1.376897664E0,4.234840089E-1,1.751652915E0
1.589229233E1,6.646623588E-1,-1.689465547E0,-1.273793710E0,2.217796272E0
1.590237233E1,1.807775477E0,-1.450730164E0,-2.908019149E0,3.718769361E0
1.591245233E1,2.146636242E0,-9.769098142E-1,-3.834398495E0,4.501667665E0
1.592253233E1,1.319086828E0,-5.284777826E-1,-2.596638251E0,2.960035309E0
1.593261233E1,-5.550533777E-1,3.049977851E-1,3.862933785E-2,6.345077831E-1
1.594269233E1,-2.261234068E0,8.199831176E-1,2.455522426E0,3.437316134E0
1.595277333E1,-2.905218918E0,5.398386303E-1,2.216570988E0,3.693901684E0
1.596285333E1,-2.419370846E0,1.682039291E-2,7.986423884E-1,2.547835921E0
1.597293333E1,-1.353357943E0,-2.364198858E-1,2.619757265E-1,1.398607653E0
1.598301333E1,-1.565901893E-1,-4.914894658E-1,5.958184111E-1,7.880875341E-1
1.599309333E1,8.138780397E-1,-3.704725671E-1,1.006310930E0,1.346220292E0
1.600317433E1,1.338664475E0,1.469416988E-1,7.028663117E-1,1.519090350E0
1.601325433E1,1.481294437E0,4.357473743E-1,4.127638699E-1,1.598275006E0
1.602333433E1,1.297788345E0,3.522824639E-1,4.819188894E-1,1.428496881E0
1.603341433E1,1.030886339E0,1.550213814E-1,7.559170760E-1,1.287699071E0
1.604349433E1,8.623029256E-1,-8.175927758E-2,7.455487201E-1,1.142844613E0
1.605357533E1,7.693696189E-1,-8.015538633E-2,4.401029652E-1,8.899691660E-1
1.606365533E1,7.760576642E-1,-1.362769622E-1,4.183688647E-1,8.921151357E-1
1.607373533E1,8.088845176E-1,-1.908449328E-1,4.772941804E-1,9.583974571E-1
1.608381533E1,8.500880921E-1,-3.435215807E-1,4.600156581E-1,1.025802733E0
1.609389533E1,9.651460934E-1,-5.162951088E-1,6.177138948E-1,1.256836535E0
1.610397633E1,1.054805544E0,-2.437359220E-1,9.466150975E-1,1.438089732E0
1.611405633E1,1.229441410E0,5.954254782E-1,1.604339150E0,2.107121684E0
1.612413633E1,1.299606829E0,1.693881072E0,2.842440287E0,3.554951164E0
1.613421633E1,1.247420429E0,2.516149866E0,4.062672333E0,4.938863671E0
1.614429633E1,1.401339025E0,2.994970170E0,4.460902802E0,5.552769686E0
1.615437733E1,2.198019235E0,2.544467347E0,4.155016240E0,5.345068997E0
1.616445733E1,3.282648502E0,1.321471907E0,4.113334948E0,5.426010835E0
1.617453733E1,3.882238952E0,1.788137019E-2,3.966947565E0,5.550565017E0
1.618461733E1,3.308563362E0,-1.837743042E0,3.265289873E0,4.998600700E0
1.619469733E1,1.623247291E0,-3.616684145E0,2.595140487E0,4.738152606E0
1.620477833E1,4.768416059E-1,-4.686679586E0,2.830165812E0,5.495651188E0
1.621485833E1,-2.083889186E-2,-5.390295510E0,3.512399054E0,6.433713318E0
1.622493833E1,-7.078557408E-1,-5.018931828E0,3.126867567E0,5.955504783E0
1.623501833E1,-2.642704078E0,-2.736691638E0,1.203438842E0,3.990191851E0
1.624509833E1,-5.255632380E0,1.479807490E-1,2.115358901E-1,5.261968970E0
1.625517933E1,-7.989683999E0,2.686164093E0,9.163137297E-1,8.478806449E0
1.626525933E1,-9.834663556E0,4.814604385E0,2.117916473E0,1.115287375E1
1.627533933E1,-1.070541571E1,6.618282718E0,6.454191720E-1,1.260254568E1
1.628541933E1,-1.021044072E1,7.121063157E0,-2.047331225E0,1.261563337E1
1.629549933E1,-7.948459375E0,7.195029851E0,-2.461422851E0,1.100023015E1
1.630558033E1,-6.084188685E0,6.319102328E0,-1.431708294E-1,8.773192353E0
1.631566033E1,-5.894353566E0,4.740140678E0,7.889349872E-1,7.604916569E0
1.632574033E1,-5.961950887E0,4.651304516E0,-1.611822417E0,7.731588684E0
1.633582033E1,-5.377171435E0,5.262301714E0,-4.559363481E0,8.797362521E0
1.634590033E1,-4.158599998E0,5.790102389E0,-6.362244839E0,9.554967243E0
1.635598133E1,-2.707367266E0,7.147880242E0,-7.083936262E0,1.042133304E1
1.636606133E1,-1.437129833E0,8.852527208E0,-6.543211486E0,1.110163036E1
1.637614133E1,-5.856886947E-1,1.029160241E1,-5.271987042E0,1.157816733E1
1.638622133E1,9.325203842E-1,1.187720123E1,-4.595280004E0,1.276926395E1
1.639630133E1,3.307760539E0,1.251770290E1,-5.443253158E0,1.404504078E1
1.640638133E1,7.495515924E0,9.423742874E0,-6.324109299E0,1.360088406E1
1.641646233E1,1.033696511E1,3.112219123E0,-3.740829304E0,1.142508466E1
1.642654617E1,9.182263393E0,-6.599378085E-1,-3.887499692E0,9.993104261E0
1.643662617E1,6.628735785E0,-3.787111185E0,-5.774872731E0,9.572434607E0
1.644670617E1,5.216592860E0,-6.637403113E0,-5.737536505E0,1.020721736E1
1.645678617E1,4.824945186E0,-8.092745268E0,-4.558249002E0,1.046662582E1
1.646686717E1,5.062126379E0,-8.979641583E0,-2.903878736E0,1.070941633E1
1.647694717E1,5.765110804E0,-9.652259663E0,-2.092193987E0,1.143590376E1
1.648702717E1,7.180721714E0,-9.924977310E0,-2.444021537E0,1.249164442E1
1.649710717E1,9.202093640E0,-1.014910693E1,-3.198786566E0,1.406823139E1
1.650718717E1,1.148231420E1,-1.058829715E1,-4.026657577E0,1.612977207E1
1.651726817E1,1.340350929E1,-1.071097875E1,-3.701682195E0,1.755225279E1
1.652734817E1,1.395496605E1,-1.016734440E1,-2.195073992E0,1.740500845E1
1.653742817E1,1.299941406E1,-1.105320809E1,1.330011765E0,1.711511339E1
1.654750817E1,7.313054144E-2,-2.443825071E1,2.026148867E1,3.174525743E1
1.655758817E1,5.935799215E0,-4.358902802E0,3.130958045E1,3.216401054E1
1.656766917E1,-2.994130509E0,4.226630014E0,8.992513644E0,1.037759704E1
1.657774917E1,-6.829180092E0,9.100091887E-1,-3.536141790E1,3.602631945E1
1.658782917E1,-1.292654957E1,8.228576673E0,-3.069037201E1,3.430312073E1
1.659790917E1,-2.333224987E1,2.684657850E1,-7.566782373E0,3.636466495E1
1.660798917E1,-3.268999113E1,2.670964373E1,7.844571310E0,4.293690588E1
1.661807017E1,-2.046865319E1,7.800282744E0,-5.790643841E0,2.265704593E1
1.662815017E1,-4.814875111E0,-1.103028993E0,-8.529959124E-1,5.012713569E0
1.663823017E1,4.802908784E-1,-3.100639297E0,1.175041255E0,3.350427633E0
1.664831017E1,-9.208604515E-2,-4.239966928E0,-2.730811093E0,5.044118220E0
1.665839017E1,-5.698679418E0,-1.801609004E0,-9.116035489E0,1.090058921E1
1.666847117E1,-9.712445054E0,2.877429441E0,-8.514060545E0,1.323255138E1
1.667855117E1,-1.006909480E1,4.173013385E0,-4.104369997E0,1.164674049E1
1.668863117E1,-8.924078416E0,4.173460112E0,1.739403400E0,1.000412260E1
1.669871117E1,-6.933858116E0,5.813223449E0,1.879176705E0,9.241388442E0
1.670879117E1,-4.514244027E0,4.989416252E0,-1.041568325E0,6.808637033E0
1.671887217E1,-1.660344951E0,1.789637414E0,-1.254190920E0,2.744547740E0
1.672895217E1,6.361741394E-1,-7.306364930E-1,-1.125542235E-1,9.753028626E-1
1.673903217E1,2.145622920E0,-2.421344281E0,1.445396626E0,3.543413220E0
1.674911217E1,2.963523844E0,-3.195803316E0,2.885826042E0,5.227200432E0
1.675919217E1,2.946925353E0,-3.473061910E0,3.485459762E0,5.735412611E0
1.676927317E1,2.061279173E0,-3.369590167E0,3.452970877E0,5.246524335E0
1.677935317E1,6.098903203E-1,-2.952151594E0,3.494886058E0,4.615343302E0
1.678943317E1,-7.101554507E-1,-2.501008501E0,3.749772035E0,4.562910760E0
1.679951317E1,-1.153466198E0,-2.462788176E0,3.559373245E0,4.479391451E0
1.680959317E1,-9.045818031E-1,-2.681417323E0,3.017205377E0,4.136640592E0
1.681967417E1,-1.909940368E-1,-3.068749752E0,2.522484739E0,3.977013078E0
1.682975417E1,7.731469202E-1,-3.631793935E0,1.976857073E0,4.206619454E0
1.683983417E1,1.703474014E0,-4.253520189E0,1.539600533E0,4.833697085E0
1.684991417E1,2.482004465E0,-4.693471127E0,1.210918016E0,5.445671660E0
1.685999417E1,2.861868830E0,-4.900808131E0,1.320449814E0,5.826817420E0
1.687007517E1,2.666816826E0,-4.692753088E0,1.805474598E0,5.691536001E0
1.688015517E1,1.742162116E0,-3.751487024E0,2.317900604E0,4.741460423E0
1.689023517E1,6.496490479E-1,-2.240156025E0,2.178549761E0,3.191617452E0
1.690031517E1,5.368094802E-2,-1.397453551E0,1.702120383E0,2.202946180E0
1.691039517E1,-2.584609652E-1,-1.097701303E0,1.511852571E0,1.886119937E0
1.692047617E1,-4.361976099E-1,-8.875962263E-1,1.592575722E0,1.874671397E0
1.693055617E1,-2.385564584E-1,-8.059135473E-1,2.036346645E0,2.202978323E0
1.694063617E1,2.134029061E-1,-7.146899664E-1,2.600932739E0,2.705766742E0
1.695071617E1,6.567528301E-1,-6.133232206E-1,2.978696784E0,3.111289794E0
1.696079617E1,1.040899696E0,-3.254443288E-1,3.179111270E0,3.360972278E0
1.697087717E1,1.347674450E0,5.298512936E-2,3.177161808E0,3.451578045E0
1.698095717E1,1.573050115E0,4.360754031E-1,3.225189668E0,3.614760962E0
1.699103717E1,1.706041526E0,7.719289452E-1,3.334936059E0,3.824689595E0
1.700111717E1,1.723721752E0,9.092367715E-1,3.343022758E0,3.869590333E0
1.701119717E1,1.448957580E0,5.590195441E-1,3.068638655E0,3.439262147E0
1.702127817E1,9.596204746E-1,5.112454534E-2,2.808747461E0,2.968593518E0
1.703135817E1,4.627118093E-1,-4.660757124E-1,3.057953453E0,3.127684145E0
1.704143817E1,2.363655066E-1,-1.022880916E0,3.812701524E0,3.954598202E0
1.705151817E1,3.946660066E-1,-1.332513789E0,4.461120318E0,4.672574103E0
1.706159817E1,6.492993844E-1,-1.663276160E0,3.821776403E0,4.218299675E0
1.707167817E1,6.898825693E-1,-2.171287519E0,1.909211659E0,2.972459690E0
1.708175917E1,3.048732394E-1,-2.475717539E0,-3.525124057E-1,2.519204244E0
1.709183917E1,-1.020922099E0,-1.665239655E0,-2.398547595E0,3.093272637E0
1.710191917E1,-2.322209417E0,-4.914701700E-2,-3.681768333E0,4.353216060E0
1.711199917E1,-1.901491141E0,4.783057487E-1,-3.591033579E0,4.091450490E0
1.712207917E1,-1.628220348E0,-3.030863303E-1,-2.832082821E0,3.280801112E0
1.713216017E1,-3.326561092E0,-5.854898894E-1,-3.419224842E0,4.806236118E0
1.714224017E1,-5.197808679E0,-1.387076497E-2,-4.628570541E0,6.959962121E0
1.715232017E1,-6.576773919E0,1.108677111E0,-5.213258193E0,8.465292736E0
1.716240017E1,-7.310502419E0,2.100159064E0,-4.885719391E0,9.040153079E0
1.717248017E1,-7.662553334E0,2.341318703E0,-3.891625780E0,8.907370435E0
1.718256117E1,-6.205037768E0,1.156028448E0,-2.086088909E0,6.647605766E0
1.719264117E1,-4.940827060E0,5.620519102E-2,3.796421707E-1,4.955709761E0
1.720272117E1,-4.618528533E0,-2.400545150E-1,2.436189630E0,5.227183936E0
1.721280117E1,-4.378979217E0,9.131965059E-1,2.272930838E0,5.017529416E0
1.722288117E1,-3.519584112E0,2.078299248E0,1.478529289E0,4.346590497E0
1.723296217E1,-2.194421443E0,2.556724865E0,1.080102353E0,3.538212627E0
1.724304217E1,-1.078168094E0,2.583295197E0,1.025503392E0,2.981194010E0
1.725312217E1,-4.481025410E-1,2.638413976E0,8.060199666E-1,2.794940497E0
1.726320217E1,-1.788721740E-2,2.698113463E0,4.120258051E-1,2.729450764E0
1.727328217E1,4.659447348E-1,2.854057535E0,-2.389850593E-1,2.901699979E0
1.728336317E1,1.136440861E0,2.777150862E0,-8.791885149E-1,3.126825416E0
1.729344317E1,1.845908679E0,2.419378447E0,-1.519374429E0,3.401362900E0
1.730352317E1,2.439083564E0,2.060329585E0,-2.003656617E0,3.769446441E0
1.731360317E1,2.986498724E0,1.532058794E0,-2.494222807E0,4.181808961E0
1.732368317E1,3.506602124E0,5.191982514E-1,-3.375938489E0,4.895179870E0
1.733376417E1,4.023955579E0,-5.916809213E-1,-4.224774692E0,5.864386243E0
1.734384417E1,4.557489449E0,-1.562586522E0,-5.183932067E0,7.077113705E0
1.735392417E1,4.805079855E0,-2.061233565E0,-5.563471912E0,7.634768885E0
1.736400417E1,4.605127884E0,-1.985965866E0,-4.845442016E0,6.973490631E0
1.737408417E1,4.360982072E0,-1.680790910E0,-3.488071713E0,5.831797921E0
1.738416517E1,4.124131247E0,-1.376824574E0,-2.089953334E0,4.824107108E0
1.739424517E1,3.819715844E0,-1.277449390E0,-9.427354699E-1,4.136527075E0
1.740432517E1,3.686769456E0,-1.545582819E0,-9.373642176E-2,3.998735024E0
1.741440517E1,3.841965669E0,-2.305278804E0,6.743816006E-1,4.530982356E0
1.742448092E1,4.140221030E0,-3.179905906E0,1.860957950E0,5.542237476E0
1.743456192E1,4.222757987E0,-3.962339374E0,3.147272596E0,6.590686089E0
1.744464192E1,3.859160576E0,-4.725195780E0,4.068887338E0,7.333242099E0
1.745472192E1,3.207990668E0,-5.398329585E0,4.621780754E0,7.797052249E0
1.746480192E1,2.484943861E0,-6.076691970E0,4.854508708E0,8.165009864E0
1.747488192E1,1.752743822E0,-6.901994299E0,4.160655002E0,8.247465445E0
1.748496292E1,1.478314696E0,-8.322534996E0,2.955612561E0,8.954643975E0
1.749504292E1,1.754023778E0,-9.114053283E0,1.651897186E0,9.427159221E0
1.750512292E1,1.876824077E0,-7.755627558E0,9.339991450E-2,7.980034523E0
1.751520292E1,1.280991633E0,-4.178762367E0,-9.142317554E-1,4.465289933E0
1.752528292E1,1.297731042E-2,9.895634812E-1,-2.034743924E0,2.262650465E0
1.753536392E1,-4.859588769E0,6.688862119E0,2.448516877E0,8.622744015E0
1.754544392E1,-1.121201379E1,1.199737555E1,-7.622459561E0,1.810381626E1
1.755552392E1,-1.467645983E1,1.798090383E1,-1.791752469E1,2.932147791E1
1.756560392E1,-9.314370121E0,1.730468971E1,4.805600842E0,2.023125246E1
1.757568392E1,-2.692110711E-1,8.171783836E0,8.075300685E0,1.149177997E1
1.758576492E1,1.549178857E0,2.087539603E0,-9.762857409E0,1.010302734E1
1.759584492E1,2.757215365E0,-2.578826755E-1,-1.354015755E1,1.382044162E1
1.760592492E1,3.162902203E0,-6.772040516E-1,-1.237795678E1,1.279360660E1
1.761600492E1,1.399473179E0,1.812497104E0,-1.071912626E1,1.096099168E1
1.762608492E1,-3.348529665E0,7.711737773E0,-6.494312975E0,1.062354232E1
1.763616592E1,-8.330897684E0,1.068688588E1,-1.119490367E0,1.359656739E1
1.764624592E1,-9.260539484E0,9.477178239E0,-9.158036332E-1,1.328206291E1
1.765632592E1,-5.766966711E0,6.105297718E0,-1.466362402E0,8.525419870E0
1.766640592E1,-2.822628751E0,3.491424506E0,-3.807964110E-1,4.505805594E0
1.767648592E1,-1.211067705E0,1.587330185E0,8.325183785E-1,2.163189532E0
1.768656692E1,2.086678308E-1,7.561268449E-2,5.323369449E-1,5.767513889E-1
1.769664692E1,1.011961825E0,-9.654290986E-1,-2.358889586E-1,1.418366554E0
1.770672692E1,1.219135108E0,-2.277042600E0,-8.037524164E-2,2.584119500E0
1.771680692E1,9.246149486E-1,-3.651668036E0,6.294761539E-1,3.819140280E0
1.772688692E1,2.715575588E-1,-4.725656540E0,6.376454450E-1,4.776208220E0
1.773696792E1,-9.999791265E-2,-5.463793257E0,8.879540759E-1,5.536379573E0
1.774704792E1,-8.595991731E-2,-5.664800650E0,2.048675500E0,6.024485606E0
1.775712792E1,2.142770648E-1,-5.588128451E0,2.760539507E0,6.236479184E0
1.776720792E1,6.084361178E-1,-5.514929497E0,3.097601668E0,6.354508475E0
1.777728792E1,9.997113240E-1,-5.356046029E0,3.023150826E0,6.231058715E0
1.778736892E1,1.240649938E0,-5.271310519E0,2.619602314E0,6.015666475E0
1.779744892E1,1.341803260E0,-5.331526900E0,2.081276066E0,5.878547876E0
1.780752892E1,1.301997170E0,-5.450313086E0,1.539422777E0,5.811276267E0
1.781760892E1,1.065562667E0,-5.701795399E0,1.275697564E0,5.939132836E0
1.782768892E1,7.545106745E-1,-5.937803056E0,1.221369329E0,6.108889795E0
1.783776992E1,8.099650830E-1,-6.165455042E0,1.296472136E0,6.352142891E0
1.784784992E1,5.201952016E-1,-5.860366040E0,1.237320533E0,6.012109054E0
1.785792992E1,-1.627712810E-1,-5.107465104E0,1.404803501E0,5.299638399E0
1.786800992E1,-2.203914982E-1,-4.257320294E0,1.982853978E0,4.701601684E0
1.787808992E1,2.557653987E-1,-3.374875465E0,2.127668459E0,3.997771056E0
1.788817092E1,7.866469717E-1,-2.778767032E0,1.850267193E0,3.429846697E0
1.789825092E1,1.127694595E0,-2.474746317E0,1.934857693E0,3.337624713E0
1.790833092E1,1.270637383E0,-2.242155188E0,2.126661569E0,3.341327382E0
1.791841092E1,1.091328422E0,-2.038317157E0,2.021718081E0,3.071331724E0
1.792849092E1,8.109257805E-1,-1.964731117E0,1.872465563E0,2.832648278E0
1.793857192E1,5.521221685E-1,-1.966516272E0,1.896678883E0,2.787367203E0
1.794865192E1,4.160212076E-1,-2.016985930E0,2.182203101E0,3.000552659E0
1.795873192E1,2.454368770E-1,-1.935229576E0,2.759678797E0,3.379523610E0
1.796881192E1,-1.806830567E-1,-1.844791276E0,3.013323995E0,3.537799135E0
1.797889292E1,-1.191230441E0,-1.465912752E0,2.008699840E0,2.757318481E0
1.798897292E1,-2.748795959E0,-6.449899864E-1,2.443435939E-1,2.834006898E0
1.799905292E1,-4.178512691E0,1.740031976E-1,-6.137927520E-1,4.226935884E0
1.800913292E1,-5.147015086E0,9.113055164E-1,4.417174546E-1,5.245698843E0
1.801921292E1,-5.018431891E0,1.658478520E0,1.857383547E0,5.602239131E0
1.802929292E1,-2.843372918E0,2.114490589E0,8.627544037E-1,3.646941892E0
1.803937392E1,-1.534079592E0,2.696288547E0,-4.314460894E-1,3.132014982E0
1.804945392E1,-1.876341682E0,3.657900583E0,-2.065916015E0,4.600967699E0
1.805953392E1,-2.803012512E0,4.869929570E0,-4.387742440E0,7.129191881E0
1.806961392E1,-3.807096384E0,6.685864252E0,-5.969466898E0,9.738033617E0
1.807969492E1,-4.480486296E0,8.304992765E0,-5.646625750E0,1.099691069E1
1.808977492E1,-4.416571552E0,9.021242183E0,-2.898419191E0,1.045417374E1
1.809985492E1,-3.577269233E0,7.719875343E0,-2.494949178E-1,8.512084245E0
1.810993492E1,-2.455556924E0,5.466265460E0,7.637995613E-1,6.040960822E0
1.812001492E1,-2.023640061E0,4.199017122E0,1.100874002E0,4.789445423E0
1.813009592E1,-1.751462113E0,3.871680050E0,8.124214983E-1,4.326378928E0
1.814017592E1,-1.142769887E0,3.604604967E0,2.590070951E-1,3.790275010E0
1.815025592E1,-4.530656576E-1,2.701889595E0,2.979372722E-1,2.755765319E0
1.816033592E1,-9.078913271E-2,1.489006914E0,1.046044734E0,1.821975259E0
1.817041592E1,-3.355097258E-1,3.414481580E-1,1.925823745E0,1.984427050E0
1.818049692E1,-1.243076532E0,-1.303682338E0,2.775292032E0,3.308636088E0
1.819057692E1,-2.434212833E0,-3.361606963E0,4.198822995E0,5.903889229E0
1.820065692E1,-3.131393312E0,-4.672838057E0,4.276366430E0,7.065999535E0
1.821073692E1,-2.971259125E0,-5.044271321E0,3.227681167E0,6.685131238E0
1.822081692E1,-1.797913563E0,-3.351866379E0,1.568702710E0,4.114405133E0
1.823089792E1,-2.941664028E-1,-1.057023393E0,4.387088428E-1,1.181650445E0
1.824097792E1,1.538939213E0,-3.586506665E-1,-4.252913833E-1,1.636409778E0
1.825105792E1,3.513126447E0,-1.590617782E0,-1.059748195E0,3.999398530E0
1.826113792E1,5.206343275E0,-2.984259532E0,-1.906883151E0,6.296667262E0
1.827121792E1,6.525182766E0,-4.153938013E0,-2.075139998E0,8.008708832E0
1.828129892E1,7.486986591E0,-5.072025130E0,-1.865058310E0,9.233571878E0
1.829137892E1,8.082713200E0,-5.874273058E0,-1.253228761E0,1.007014990E1
1.830145892E1,8.460010638E0,-6.733102738E0,-6.968126893E-2,1.081255326E1
1.831153892E1,9.065532503E0,-7.843034077E0,1.104518279E0,1.203814868E1
1.832161892E1,9.874952041E0,-8.536302184E0,1.441393330E0,1.313243114E1
1.833169992E1,9.882374496E0,-9.283010918E0,5.511983085E-1,1.356979871E1
1.834177992E1,8.405317537E0,-1.024098189E1,-1.776804822E0,1.336727752E1
1.835185992E1,7.074860798E0,-1.028016058E1,-3.939419751E0,1.308641986E1
1.836193992E1,6.242077541E0,-8.742052839E0,-3.730822379E0,1.137128205E1
1.837201992E1,4.908266255E0,-2.562962674E0,-2.103073316E0,5.923071219E0
1.838210092E1,-8.632987064E-1,6.010556452E0,9.392700006E0,1.118458256E1
1.839218092E1,-1.241995499E1,9.252475004E0,2.718972820E-1,1.548991620E1
1.840226092E1,-2.140305462E1,2.238797833E1,-3.093802498E1,4.377754802E1
1.841234092E1,-2.396272940E1,4.670826030E1,-2.398680765E0,5.255119076E1
1.842242092E1,-9.767231711E0,2.973913761E1,1.546100298E1,3.491214308E1
1.843250279E1,-2.507014176E0,5.740191725E0,-1.172138346E1,1.329006213E1
1.844258279E1,2.216046785E0,3.216945679E0,-1.038720205E1,1.109745778E1
1.845266279E1,4.953235436E0,1.708584188E0,-1.125652046E1,1.241624154E1
1.846274279E1,5.497165071E0,1.309004474E0,-9.861950172E0,1.136619451E1
1.847282379E1,1.736523061E0,3.039800772E0,-9.388043869E0,1.001954434E1
1.848290379E1,-4.441439760E0,8.342191581E0,-8.068957626E0,1.242685096E1
1.849298379E1,-1.101580346E1,1.468230471E1,-3.005219169E0,1.859971343E1
1.850306379E1,-1.163608428E1,1.331039823E1,-1.043147658E-1,1.767982013E1
1.851314379E1,-4.344627995E0,5.229595898E0,-2.625122085E0,7.288054036E0
1.852322479E1,-5.980730975E-1,1.394166831E0,-2.460990742E0,2.890997754E0
1.853330479E1,1.177218173E0,-1.144931602E-1,-9.163820690E-1,1.496231067E0
1.854338479E1,2.483946911E0,-6.688191444E-1,-1.027888325E0,2.770174311E0
1.855346479E1,3.299403114E0,-9.812130725E-1,-2.071260955E0,4.017332690E0
1.856354479E1,3.758990756E0,-1.548207634E0,-2.133868701E0,4.591334666E0
1.857362579E1,3.827500827E0,-2.358334100E0,-7.119404595E-1,4.551742691E0
1.858370579E1,3.155561024E0,-3.317900196E0,1.105991485E0,4.710546067E0
1.859378579E1,1.483387156E0,-4.177662506E0,2.141108285E0,4.923174398E0
1.860386579E1,4.081350678E-1,-4.722337076E0,2.970484954E0,5.593820033E0
1.861394579E1,3.612977010E-1,-4.958069914E0,3.536253939E0,6.100662687E0
1.862402679E1,5.777370661E-1,-4.872017026E0,3.897285592E0,6.265713447E0
1.863410679E1,7.436015242E-1,-4.802184314E0,4.068837637E0,6.337930035E0
1.864418679E1,7.213943839E-1,-4.819570425E0,3.364766799E0,5.922020310E0
1.865426679E1,4.793062073E-1,-5.154777850E0,2.120565262E0,5.594485334E0
1.866434679E1,1.818788123E-1,-5.546795068E0,1.039764751E0,5.646337411E0
1.867442779E1,-1.096645296E-2,-6.126199760E0,6.906924087E-1,6.165022284E0
1.868450779E1,-1.996303743E-1,-6.399967566E0,5.192134541E-1,6.424096804E0
1.869458779E1,-3.527970189E-1,-6.246588083E0,-4.617253840E-2,6.256713220E0
1.870466779E1,-6.653061372E-1,-5.768384076E0,-4.144471371E-1,5.821396184E0
1.871474779E1,-1.190051057E0,-4.752711022E0,-2.730427516E-1,4.907039426E0
1.872482879E1,-1.576271930E0,-3.758349316E0,-9.837589502E-2,4.076702172E0
1.873490879E1,-2.102966312E0,-2.837111719E0,1.860069466E-1,3.536420337E0
1.874498879E1,-2.614444485E0,-1.817781233E0,5.610520363E-1,3.233330784E0
1.875506879E1,-2.740933208E0,-8.240486866E-1,8.807334224E-1,2.994572165E0
1.876514979E1,-2.374102871E0,3.382321894E-2,1.088596092E0,2.612001130E0
1.877522979E1,-1.832830796E0,5.839193273E-1,1.082582742E0,2.207309652E0
1.878530979E1,-9.730971372E-1,9.607641900E-1,6.654983644E-1,1.520813578E0
1.879538979E1,-1.843831748E-1,1.362178468E0,5.367591941E-1,1.475682136E0
1.880546979E1,-7.908359170E-3,1.572859495E0,1.049396285E0,1.890815194E0
1.881555079E1,-1.742113584E-1,1.076972339E0,1.435726501E0,1.803199823E0
1.882563079E1,-1.339601784E0,5.167242944E-2,8.005678765E-1,1.561445453E0
1.883571079E1,-3.052948821E0,-1.581305214E0,4.438504457E-2,3.438457898E0
1.884579079E1,-4.329548026E0,-2.953670116E0,-1.564831122E-1,5.243437825E0
1.885587079E1,-4.998064284E0,-3.163146032E0,-6.710463488E-1,5.952851637E0
1.886595179E1,-5.371764514E0,-2.584147722E0,-9.724891730E-1,6.039818593E0
1.887603179E1,-4.820422949E0,-2.001881402E0,-6.343186717E-1,5.257981241E0
1.888611179E1,-3.450560070E0,-1.478629276E0,2.473150027E-1,3.762163479E0
1.889619179E1,-1.456818577E0,-1.608694741E0,7.993927324E-1,2.312844110E0
1.890627179E1,2.741595697E-1,-1.693718519E0,8.696472477E-1,1.923572777E0
1.891635279E1,4.715218091E-1,-1.041856300E0,7.580657816E-1,1.372028096E0
1.892643279E1,-6.646997809E-2,-5.617437619E-1,2.264125223E-1,6.092921650E-1
1.893651279E1,-3.794229001E-1,-7.808547199E-2,-4.889816681E-1,6.238286221E-1
1.894659279E1,-5.616958147E-1,8.410319245E-1,-1.068096923E0,1.470941169E0
1.895667279E1,-7.540200931E-1,1.895657374E0,-9.694858968E-1,2.258753215E0
1.896675379E1,-1.041234741E0,2.707631561E0,-8.420692205E-1,3.020681881E0
1.897683379E1,-1.462083410E0,3.372340112E0,-1.184188639E0,3.861692435E0
1.898691379E1,-1.796506138E0,3.572252322E0,-1.236556302E0,4.185390358E0
1.899699379E1,-1.962285227E0,3.212624002E0,-4.458548713E-1,3.790818230E0
1.900707479E1,-1.855443733E0,2.170335007E0,9.828561401E-1,3.019773449E0
1.901715479E1,-1.673311737E0,1.276158909E0,1.645449754E0,2.671340230E0
1.902723479E1,-1.693864115E0,9.227093410E-1,1.517504489E0,2.454259164E0
1.903731479E1,-1.639716559E0,3.628536451E-1,1.389013095E0,2.179378476E0
1.904739479E1,-1.448601485E0,-7.232391804E-1,1.470380609E0,2.187130611E0
1.905747579E1,-1.596512067E0,-1.740825443E0,1.467265213E0,2.780681788E0
1.906755579E1,-1.752188922E0,-2.468078737E0,1.133158818E0,3.231969612E0
1.907763579E1,-1.983215920E0,-2.945858821E0,2.503333354E-1,3.560041623E0
1.908771579E1,-2.423481438E0,-3.630186535E0,-2.862095118E-2,4.364898134E0
1.909779579E1,-2.973848273E0,-4.327919576E0,5.926298513E-1,5.284493500E0
1.910787679E1,-3.079161304E0,-4.118988036E0,7.217224127E-1,5.193089641E0
1.911795679E1,-2.230071917E0,-2.919210135E0,1.939043422E-1,3.678669251E0
1.912803679E1,2.734976649E-2,-1.244593885E0,5.596779406E-1,1.364918073E0
1.913811679E1,2.096609804E0,-1.284337702E0,1.361223618E0,2.810378220E0
1.914819679E1,3.383674355E0,-2.290842029E0,1.559391603E0,4.373661111E0
1.915827779E1,4.142497351E0,-3.237827547E0,1.060632294E0,5.363651032E0
1.916835779E1,4.531022612E0,-3.933148027E0,1.712683086E-1,6.002428854E0
1.917843779E1,4.872570757E0,-4.264423200E0,-5.093224503E-1,6.495125893E0
1.918851779E1,5.252695908E0,-4.628442195E0,-9.250341940E-1,7.061797201E0
1.919859879E1,5.667100360E0,-4.992682507E0,-1.140529526E0,7.638305618E0
1.920867879E1,6.162815609E0,-4.960502940E0,-8.235028490E-1,7.953932524E0
1.921875879E1,6.761162941E0,-4.991292039E0,-7.862019986E-1,8.440641807E0
1.922883879E1,7.269815154E0,-5.431475696E0,-9.299394232E-1,9.122276467E0
1.923891879E1,7.895445009E0,-6.010055346E0,-4.571163163E-1,9.933165280E0
1.924899979E1,8.443580546E0,-6.831369290E0,-8.568363637E-2,1.086135353E1
1.925907979E1,7.631860714E0,-8.764482173E0,-1.756190756E-1,1.162292079E1
1.926915979E1,4.862577281E0,-1.040611662E1,-1.342154678E0,1.156431148E1
1.927923979E1,2.698974173E0,-7.540669293E0,-3.273221621E-1,8.015815290E0
1.928931979E1,1.076135602E0,3.386871028E-1,4.978001318E0,5.104240777E0
1.929940079E1,-4.069116549E0,7.165347630E0,6.198153841E0,1.031101485E1
1.930948079E1,-1.694398667E1,1.531377359E1,-6.260160640E-1,2.284736839E1
1.931956079E1,-2.985418041E1,2.880163949E1,-9.546138546E0,4.256683318E1
1.932964079E1,-2.105254445E1,3.998811616E1,1.403282523E1,4.731996667E1
1.933972079E1,-2.206179024E0,9.674870846E0,2.383951044E0,1.020556585E1
1.934980179E1,1.009386127E0,-1.825949501E0,-1.002804384E1,1.024278357E1
1.935988179E1,3.838805249E0,4.611549881E-1,-8.397484607E0,9.244827602E0
1.936996179E1,5.406030952E0,3.585241035E0,-1.106257533E1,1.282418407E1
1.938004179E1,4.964396017E0,5.298819330E0,-1.338164538E1,1.522468874E1
1.939012279E1,1.441138099E0,8.086772338E0,-1.140659627E1,1.405642929E1
1.940020279E1,-4.388633555E0,1.278490896E1,-6.954056153E0,1.520108215E1
1.941028279E1,-7.631933219E0,1.516012631E1,-2.150836590E0,1.710853391E1
1.942036279E1,-3.665125988E0,1.077337790E1,-1.080618078E0,1.143094726E1
1.943044183E1,9.156067282E-1,4.842842343E0,9.040146232E-2,4.929465495E0
1.944052283E1,1.933806948E0,2.388237931E0,-8.753895789E-1,3.195245944E0
1.945060283E1,2.293729969E0,9.929338163E-1,-2.742733273E0,3.710754713E0
1.946068283E1,2.197874808E0,-1.943368900E-1,-3.184854990E0,3.874496329E0
1.947076283E1,1.411942366E0,-1.567502276E0,-2.651086646E0,3.388053282E0
1.948084283E1,4.639882565E-2,-3.046780009E0,-1.244132832E0,3.291335257E0
1.949092383E1,-1.324342305E0,-3.763944517E0,1.686170933E0,4.331781768E0
1.950100383E1,-2.636620050E0,-3.895779349E0,4.967773953E0,6.841610927E0
1.951108383E1,-3.656194366E0,-3.813046510E0,6.482720870E0,8.362580392E0
1.952116383E1,-3.968957838E0,-3.720736517E0,6.131478041E0,8.197043950E0
1.953124383E1,-3.645410931E0,-3.894614584E0,4.723922841E0,7.125481781E0
1.954132483E1,-3.085263458E0,-4.545613169E0,3.341504821E0,6.430171394E0
1.955140483E1,-2.203630807E0,-5.458537195E0,2.087901692E0,6.245874680E0
1.956148483E1,-1.016142585E0,-6.183914117E0,6.846995974E-1,6.304137776E0
1.957156483E1,3.610760915E-1,-6.685993475E0,-3.234855115E-1,6.703545895E0
1.958164583E1,1.575103657E0,-6.945700482E0,-2.147616528E-1,7.125295031E0
1.959172583E1,2.277588730E0,-6.816643077E0,4.128730667E-1,7.198923352E0
1.960180583E1,2.448072488E0,-6.429743342E0,8.569731885E-1,6.933185516E0
1.961188583E1,2.282773456E0,-5.608207789E0,8.363236734E-1,6.112486118E0
1.962196583E1,1.871449317E0,-4.546181518E0,7.885490710E-1,4.979146371E0
1.963204683E1,1.049469375E0,-3.453771361E0,6.491619748E-1,3.667606011E0
1.964212683E1,5.335373783E-1,-2.747739367E0,3.794206343E-1,2.824658170E0
1.965220683E1,3.999694312E-1,-2.473093894E0,2.719423056E-2,2.505375916E0
1.966228683E1,4.577890384E-1,-2.221587607E0,-2.521278459E-1,2.282233719E0
1.967236683E1,3.129073137E-1,-2.005279804E0,-1.427615243E-1,2.034561115E0
1.968244783E1,3.241345525E-1,-1.682070281E0,3.627998507E-1,1.751013241E0
1.969252783E1,2.857820803E-1,-1.495427157E0,9.086994123E-1,1.773050592E0
1.970260783E1,2.747203177E-1,-1.612049873E0,9.022826779E-1,1.867696463E0
1.971268783E1,3.094404995E-1,-1.739012221E0,4.868964779E-1,1.832207714E0
1.972276883E1,1.208455753E-1,-1.776297576E0,1.269500319E-1,1.784923820E0
1.973284883E1,-1.771729732E-1,-1.874040803E0,1.306384921E-2,1.882442524E0
1.974292883E1,-5.757045740E-1,-2.175652465E0,3.556389850E-2,2.250814119E0
1.975300883E1,-7.440342182E-1,-2.797734815E0,4.969126853E-1,2.937316672E0
1.976308883E1,-6.030900085E-1,-3.663386441E0,1.174055414E0,3.893908562E0
1.977316983E1,-7.692058969E-1,-4.346808422E0,2.112666843E0,4.893851485E0
1.978324983E1,-1.228919254E0,-4.720572971E0,3.127794936E0,5.794579611E0
1.979332983E1,-1.913334092E0,-4.301850935E0,3.955425042E0,6.149158973E0
1.980340983E1,-2.703051437E0,-3.051760667E0,4.214923303E0,5.863898762E0
1.981348983E1,-3.090054667E0,-1.283693047E0,3.847514677E0,5.098987632E0
1.982357083E1,-2.956467424E0,5.666905063E-1,2.958221004E0,4.220534240E0
1.983365083E1,-2.541900419E0,2.103063376E0,1.454170958E0,3.605377439E0
1.984373083E1,-2.051347092E0,3.101869551E0,1.379241228E-2,3.718845229E0
1.985381083E1,-1.493674747E0,4.055893071E0,-1.572599294E0,4.599391415E0
1.986389083E1,-1.585249745E0,5.034259134E0,-2.986675894E0,6.064405550E0
1.987397183E1,-2.001475021E0,5.858833485E0,-4.034675864E0,7.389887779E0
1.988405183E1,-2.149078624E0,6.070342478E0,-4.240807757E0,7.710515363E0
1.989413183E1,-1.840837389E0,6.277810460E0,-2.852188765E0,7.136845747E0
1.990421183E1,-1.058762940E0,6.107985098E0,-7.563127863E-1,6.245035625E0
1.991429283E1,-6.098312634E-1,5.640501961E0,3.440758967E-1,5.683796686E0
1.992437283E1,-7.363913226E-1,5.449213225E0,2.170112959E-1,5.503025609E0
1.993445283E1,-8.368400556E-1,4.912493792E0,-4.252492102E-1,5.001373154E0
1.994453283E1,-7.660349518E-1,3.760969453E0,-6.305228055E-1,3.889634917E0
1.995461283E1,-4.755622351E-1,2.676789252E0,-4.167989238E-1,2.750469320E0
1.996469383E1,-1.285720861E-1,2.004476981E0,-3.934755135E-1,2.046773492E0
1.997477383E1,1.429761171E-1,1.555384507E0,-3.009538507E-1,1.590671667E0
1.998485383E1,1.591255420E-1,1.240985568E0,-1.082565292E-1,1.255820686E0
1.999493383E1,1.667117196E-1,1.081356581E0,6.111334383E-2,1.095837439E0
2.000501383E1,1.605119169E-1,9.293044156E-1,5.397581580E-1,1.086604639E0
2.001509483E1,6.741664231E-2,4.757101697E-1,1.310852194E0,1.396129881E0
2.002517483E1,2.946996689E-3,9.096162558E-2,1.667124798E0,1.669607077E0
2.003525483E1,-5.197239161E-2,-1.152179226E-1,1.434144244E0,1.439703446E0
2.004533483E1,1.335854888E-2,-1.868854907E-1,6.004377115E-1,6.289913217E-1
2.005541583E1,1.797796619E-1,-4.342151114E-1,-7.708378547E-1,9.028036819E-1
2.006549583E1,5.543581438E-1,-9.550877130E-1,-1.535788733E0,1.891600519E0
2.007557583E1,8.913004375E-1,-9.973493412E-1,-2.860409950E0,3.157699679E0
2.008565583E1,1.868107633E0,2.640277776E0,-3.396739257E1,3.412102945E1
2.009573583E1,6.389941930E0,-3.505073077E0,-6.515172917E0,9.775703212E0
2.010581683E1,1.236247569E0,-1.470722964E0,3.210543328E1,3.216286959E1
2.011589683E1,3.513988327E0,-9.048438753E0,2.281241369E1,2.479170377E1
2.012597683E1,1.777955262E0,-1.053594118E1,1.928205199E1,2.204460728E1
2.013605683E1,2.750173563E-1,-8.185842297E0,7.808726124E0,1.131635331E1
2.014613683E1,7.982028240E-1,-6.773611078E0,-2.194891851E0,7.164948362E0
2.015621783E1,3.245337419E0,-6.440819138E0,-8.262913862E0,1.096777606E1
2.016629783E1,5.903040190E0,-7.860809612E0,-9.003623353E0,1.333054555E1
2.017637783E1,7.113295716E0,-9.551790465E0,-1.038918542E1,1.580414030E1
2.018645783E1,6.551275966E0,-1.224547057E1,-8.219882448E0,1.613806784E1
2.019653883E1,4.823343049E0,-1.406047554E1,-2.965672111E0,1.515773142E1
2.020661883E1,1.467617800E0,-1.342965102E1,-7.039457077E-1,1.352793288E1
2.021669883E1,-1.306595421E0,-8.664508234E0,-8.097031277E-1,8.799801912E0
2.022677883E1,-6.844137855E0,2.743829041E0,4.297877167E0,8.534785816E0
2.023685883E1,-1.441937881E1,1.806206786E1,-2.081374884E-1,2.311276924E1
2.024693983E1,-1.923898841E1,3.142115001E1,-3.042207194E0,3.696866737E1
2.025701983E1,-1.568656166E1,2.110716680E1,-3.324364293E-1,2.630002321E1
2.026709983E1,-5.194541255E0,2.994145420E0,-2.783258863E0,6.610196332E0
2.027717983E1,-2.723633051E-3,6.320222654E0,-2.954607717E0,6.976741975E0
2.028725983E1,1.206435540E0,7.300433514E0,-8.667877400E0,1.139666244E1
2.029734083E1,7.352593017E-1,7.672061491E0,-1.002861687E1,1.264809432E1
2.030742083E1,-9.334302109E-1,7.442390462E0,-6.893186054E0,1.018707425E1
2.031750083E1,-2.090856729E0,8.803294821E0,-5.005590820E0,1.034048456E1
2.032758083E1,-2.411140890E0,1.152531930E1,-3.799536518E0,1.237267405E1
2.033766183E1,-6.433153439E-1,1.027663821E1,-2.159952253E0,1.052086220E1
2.034774183E1,1.132310972E0,6.041188261E0,-1.782148300E0,6.399541883E0
2.035782183E1,1.406388681E0,4.348056217E0,-2.300380153E0,5.116177366E0
2.036790183E1,1.233032185E0,3.474772221E0,-2.463828980E0,4.434508271E0
2.037798183E1,9.515384531E-1,2.559464285E0,-1.955339904E0,3.358517083E0
2.038806283E1,8.982901990E-2,1.613622774E0,-1.481663396E0,2.192526883E0
2.039814283E1,-1.368602219E0,5.806232518E-1,-7.705134805E-1,1.674480940E0
2.040822283E1,-1.158453172E1,-7.009640955E0,8.301059927E0,1.588219246E1
2.041830283E1,-2.288644177E1,-2.276031032E1,3.949443340E1,5.100618798E1
2.042838304E1,5.527409209E0,4.469497624E0,-8.626697799E0,1.117803992E1
2.043846404E1,4.633185748E0,-2.070253479E-1,-9.741526181E0,1.078918913E1
2.044854404E1,4.540514982E0,-5.045833113E0,-4.735859932E0,8.276779409E0
2.045862404E1,4.088522288E0,-6.136710715E0,-1.067905500E0,7.450882837E0
2.046870404E1,3.414914274E0,-6.647447460E0,1.035329565E0,7.544673919E0
2.047878504E1,3.328809931E0,-7.106134046E0,6.633875927E-1,7.875163474E0
2.048886504E1,3.419258171E0,-7.300302536E0,5.213194750E-2,8.061542117E0
2.049894504E1,3.096163253E0,-7.131028567E0,-9.160021462E-2,7.774714523E0
2.050902504E1,2.583467690E0,-7.142387368E0,4.328167498E-2,7.595385173E0
2.051910504E1,2.026611616E0,-6.984887352E0,5.031686944E-1,7.290335020E0
2.052918604E1,1.214439209E0,-6.731715778E0,1.967179347E0,7.117629837E0
2.053926604E1,2.324496263E-1,-6.159861596E0,3.938403212E0,7.314981037E0
2.054934604E1,-1.011684667E0,-4.861411931E0,5.396594716E0,7.333489371E0
2.055942604E1,-2.127759676E0,-3.425097200E0,5.328255967E0,6.681988007E0
2.056950604E1,-2.688550926E0,-2.486375259E0,4.507862960E0,5.807856445E0
2.057958704E1,-1.983633996E0,-2.513052011E0,3.504067941E0,4.746443550E0
2.058966704E1,-5.710987222E-1,-2.795375463E0,2.783306810E0,3.985859322E0
2.059974704E1,3.598674721E-1,-2.444802141E0,2.633899341E0,3.611646140E0
2.060982704E1,7.948564625E-1,-1.956223419E0,3.051684068E0,3.710981341E0
2.061990804E1,6.693904173E-1,-1.678085403E0,3.932451332E0,4.327612232E0
2.062998804E1,1.470346695E-1,-1.940414886E0,4.320911103E0,4.738892475E0
2.064006804E1,-5.448657739E-1,-2.905602495E0,3.511923090E0,4.590534649E0
2.065014804E1,-1.198290954E0,-4.129907126E0,2.262356733E0,4.859042300E0
2.066022804E1,-1.646551369E0,-5.272561823E0,1.201961982E0,5.652941906E0
2.067030904E1,-2.331631621E0,-6.532993476E0,1.456361325E0,7.087841567E0
2.068038904E1,-3.186724929E0,-8.216487554E0,3.155997226E0,9.360886817E0
2.069046904E1,-4.920131425E0,-9.326582031E0,5.240651228E0,1.177528135E1
2.070054904E1,-7.253768055E0,-7.245743921E0,6.979257653E0,1.240274136E1
2.071062904E1,-7.298300450E0,-2.811072899E0,7.014805216E0,1.050594177E1
2.072071004E1,-5.808460892E0,1.701101214E-1,4.896819745E0,7.599078826E0
2.073079004E1,-5.342896226E0,1.745523680E0,1.545382844E0,5.829373992E0
2.074087004E1,-5.563630371E0,3.157885292E0,-1.852196774E0,6.660094242E0
2.075095004E1,-5.679485348E0,4.682901115E0,-5.000856915E0,8.899139652E0
2.076103104E1,-5.179530868E0,5.740188802E0,-7.161528229E0,1.053872829E1
2.077111104E1,-3.839706305E0,6.007370889E0,-7.790322597E0,1.056034922E1
2.078119104E1,-2.516480818E0,6.025306638E0,-6.320905609E0,9.087950457E0
2.079127104E1,-1.532113173E0,7.192645941E0,-1.806870328E0,7.572734433E0
2.080135104E1,-1.092458104E0,8.723178027E0,1.280958889E0,8.884151916E0
2.081143204E1,-2.588603300E-1,8.840926917E0,1.561569107E-1,8.846094189E0
2.082151204E1,6.720719504E-1,8.052292476E0,-2.229811131E0,8.382311883E0
2.083159204E1,1.695846321E0,7.055814078E0,-3.396963322E0,8.012475701E0
2.084167204E1,2.741167681E0,5.949073564E0,-2.955346513E0,7.186066347E0
2.085175204E1,3.506986286E0,4.083336977E0,-1.629707880E0,5.623925805E0
2.086183304E1,3.870450965E0,2.439294063E0,-1.117508161E-1,4.576356023E0
2.087191304E1,3.711099136E0,1.351031336E0,1.293630390E0,4.155841919E0
2.088199304E1,3.351868426E0,5.406522703E-1,1.635879616E0,3.768743682E0
2.089207304E1,2.856458402E0,-1.802684891E-1,1.109531974E0,3.069676291E0
2.090215404E1,1.912051213E0,-1.178353702E0,9.772645940E-1,2.449388368E0
2.091223404E1,3.420662087E-1,-2.525206034E0,1.395736223E-1,2.552088478E0
2.092231404E1,-9.927975762E-1,-3.450555977E0,-1.618940232E0,3.938648379E0
2.093239404E1,-2.780842209E0,-4.542739555E0,-2.165980586E0,5.749872864E0
2.094247404E1,-3.934600183E0,-5.132606378E0,-2.480804032E0,6.926695856E0
2.095255504E1,-2.541135018E0,-2.944020164E0,-3.485094895E0,5.222117227E0
2.096263504E1,4.607319421E-1,-1.439685066E0,-2.598745295E0,3.006400526E0
2.097271504E1,2.774028448E0,-2.843997108E0,-7.422692361E-1,4.041598323E0
2.098279504E1,4.563827246E0,-4.729461908E0,3.130818531E-1,6.579844171E0
2.099287504E1,6.325655302E0,-5.917079939E0,7.252243102E-2,8.662044188E0
2.100295604E1,8.546168776E0,-6.856275505E0,-5.122529286E-1,1.096849660E1
2.101303604E1,1.090304458E1,-8.159343885E0,1.324961525E-1,1.361869410E1
2.102311604E1,1.151398506E1,-1.085885132E1,-1.888139024E-1,1.582789167E1
2.103319604E1,9.955616720E0,-1.349748457E1,-1.442873845E0,1.683384326E1
2.104327704E1,7.167819833E0,-1.521136663E1,-2.351501044E0,1.697918941E1
2.105335704E1,1.805706732E0,-1.154737500E1,-5.426017320E-1,1.170029328E1
2.106343704E1,-2.299932110E0,-2.288691131E0,-1.907450331E0,3.763796165E0
2.107351704E1,-7.502382309E0,9.843305740E0,6.131076338E0,1.381182484E1
2.108359704E1,-1.218330882E1,1.952506344E1,5.456363200E0,2.365233636E1
2.109367804E1,-1.372145632E1,2.361966858E1,-6.741771820E0,2.813571742E1
2.110375804E1,-1.549405729E1,1.301664815E1,-1.239971895E1,2.373293008E1
2.111383804E1,-8.741899057E0,4.304771911E0,-6.796516376E0,1.188042487E1
2.112391804E1,-3.969643716E0,9.408391010E0,-7.670854041E-1,1.024032776E1
2.113399904E1,-4.389052801E0,7.155358831E0,-1.211231777E1,1.473672916E1
2.114407904E1,-4.086929507E0,7.303174104E0,-1.207257776E1,1.468967251E1
2.115415904E1,-3.121233775E0,7.663856678E0,-7.818577513E0,1.138450499E1
2.116423904E1,-2.101543685E0,9.621774620E0,-2.369533272E0,1.012964563E1
2.117431904E1,-8.943269563E-1,1.201113755E1,6.083241436E-1,1.205973898E1
2.118440004E1,2.742636502E-2,1.174086521E1,-2.470945626E-1,1.174349709E1
2.119448004E1,-5.081405818E-2,9.008046772E0,-1.284601704E0,9.099323615E0
2.120456004E1,-4.328167498E-1,6.847608762E0,-2.529718622E0,7.312766399E0
2.121464004E1,-6.318834525E-1,5.495026159E0,-3.702458998E0,6.656034241E0
2.122472004E1,-1.000938655E0,4.435227093E0,-4.048366827E0,6.087888922E0
2.123480104E1,-1.394857387E0,3.077386674E0,-2.854039993E0,4.422836212E0
2.124488104E1,-1.687252668E0,1.232560315E0,-7.484012112E-1,2.219488876E0
2.125496104E1,-1.924787033E0,-3.210571629E-1,6.286221680E-1,2.050133814E0
2.126504104E1,-2.178819902E0,-1.819869273E0,1.311400955E0,3.127131721E0
2.127512204E1,-2.376664537E0,-3.207042834E0,1.803846148E0,4.380356034E0
2.128520204E1,-2.123704047E0,-4.282087346E0,2.164393213E0,5.246998084E0
2.129528204E1,-1.446509351E0,-5.140259798E0,2.387724399E0,5.849434836E0
2.130536204E1,-6.238131255E-1,-5.806051254E0,2.620117453E0,6.400342917E0
2.131544204E1,2.400059831E-1,-6.380533175E0,2.684959567E0,6.926601934E0
2.132552304E1,1.107359734E0,-6.851044001E0,2.503415800E0,7.377678507E0
2.133560304E1,1.944120267E0,-7.276851693E0,2.357916024E0,7.892524448E0
2.134568304E1,2.702248614E0,-7.666248189E0,2.431040134E0,8.484306984E0
2.135576304E1,3.285736417E0,-7.834615840E0,2.438831549E0,8.838844296E0
2.136584404E1,3.752107413E0,-7.542864338E0,2.182375594E0,8.702636134E0
2.137592404E1,3.935911714E0,-7.203200165E0,1.876480846E0,8.420135035E0
2.138600404E1,3.818591425E0,-6.949787101E0,1.967021472E0,8.170089026E0
2.139608404E1,3.539754667E0,-6.736518096E0,2.276701707E0,7.943167494E0
2.140616404E1,3.192814804E0,-6.464578714E0,2.750962352E0,7.717035583E0
2.141624504E1,2.726268391E0,-6.004574751E0,3.343600463E0,7.393721751E0
2.142632504E1,2.416601604E0,-5.390014844E0,3.782874877E0,7.014439797E0
2.143641071E1,1.966713908E0,-4.979959550E0,4.294012157E0,6.863417598E0
2.144649071E1,1.492494779E0,-4.891762488E0,5.047146397E0,7.185441369E0
2.145657071E1,1.106470372E0,-4.880030050E0,5.767352042E0,7.635530077E0
2.146665171E1,6.855088520E-1,-5.184147245E0,5.457140880E0,7.558153982E0
2.147673171E1,5.768418574E-1,-5.187180780E0,3.614320700E0,6.348456907E0
2.148681171E1,-2.623669052E-1,-4.132476978E0,1.479467182E0,4.397161074E0
2.149689171E1,-2.535778969E0,-2.596857814E0,5.249443102E-1,3.667344000E0
2.150697271E1,-5.538616567E0,-1.622917508E0,1.465842000E0,5.954731521E0
2.151705271E1,-8.563378885E0,-2.331769030E0,5.806721345E0,1.060597084E1
2.152713271E1,-1.089764760E1,-7.970468295E-1,8.523856385E0,1.385821542E1
2.153721271E1,-6.979233094E0,1.994430880E0,2.894263574E0,7.814359267E0
2.154729271E1,-3.152776580E0,2.768130362E-2,-9.000326693E-2,3.154182462E0
2.155737371E1,-2.019369255E0,-8.505599624E-1,-5.203057140E-1,2.252115111E0
2.156745371E1,-2.089594315E0,1.040879815E0,7.319193721E-2,2.335635299E0
2.157753371E1,-2.600827489E0,2.724244085E0,1.411506347E-1,3.769049345E0
2.158761371E1,-2.973723727E0,3.397272055E0,-1.551829984E0,4.774166579E0
2.159769471E1,-2.923563972E0,3.816687571E0,-3.629393653E0,6.023854962E0
2.160777471E1,-3.166963679E0,4.792339942E0,-4.874994428E0,7.534039537E0
2.161785471E1,-3.253161578E0,5.980117602E0,-5.083130747E0,8.496062910E0
2.162793471E1,-2.879201732E0,7.043575855E0,-4.635522881E0,8.910097408E0
2.163801471E1,-2.424105921E0,7.741255687E0,-3.850885012E0,8.979568169E0
2.164809571E1,-1.480835431E0,8.117590672E0,-2.970279132E0,8.769875143E0
2.165817571E1,-5.387267822E-1,7.688813764E0,-2.461155049E0,8.091067162E0
2.166825571E1,5.743181992E-1,6.379442670E0,-1.402438302E0,6.556978219E0
2.167833571E1,1.710436293E0,4.651291652E0,1.008966297E0,5.057481521E0
2.168841571E1,2.360359576E0,3.529730493E0,2.966922830E0,5.180050749E0
2.169849671E1,2.485103490E0,2.350283946E0,3.415018355E0,4.833417460E0
2.170857671E1,2.051106187E0,1.398678835E0,2.452137473E0,3.489458018E0
2.171865671E1,1.202320855E0,9.318941474E-1,4.310864856E-1,1.581087505E0
2.172873671E1,2.044227523E-1,5.631576186E-1,-1.941812371E0,2.032134457E0
2.173881771E1,-9.377337617E-1,-2.694119230E-1,-3.162582361E0,3.309660795E0
2.174889771E1,-2.430117443E0,-2.033869765E0,-3.316249527E0,4.586895239E0
2.175897771E1,-3.631854746E0,-2.348087732E0,-4.057613322E0,5.930270715E0
2.176905771E1,-3.231652595E0,4.214980021E-1,-4.463107202E0,5.526351867E0
2.177913771E1,-1.221303840E0,1.985133807E0,-3.561142905E0,4.256063685E0
2.178921871E1,5.438191223E-1,-4.717942894E-1,-3.261920707E0,3.340427486E0
2.179929871E1,1.837032605E0,-2.810898359E0,-5.212203940E0,6.200234535E0
2.180937871E1,3.116154299E0,-4.890222624E0,-7.910735478E0,9.808385736E0
2.181945871E1,5.079014892E0,-6.257756850E0,-9.929072700E0,1.278836963E1
2.182953971E1,7.564100255E0,-7.092210656E0,-8.678002439E0,1.352119784E1
2.183961971E1,1.026049639E1,-7.851242983E0,-4.488747535E0,1.367730445E1
2.184969971E1,1.199268608E1,-8.907351286E0,-3.749899212E0,1.540218071E1
2.185977971E1,1.100978316E1,-1.134920468E1,-6.214660531E0,1.698946078E1
2.186985971E1,6.057075146E0,-1.398462429E1,-4.183233733E0,1.580371223E1
2.187994071E1,3.993472874E-1,-4.590744026E0,-1.347247603E0,4.800987927E0
2.189002071E1,-3.577172754E0,1.743189238E1,7.223677699E0,1.920543039E1
2.190010071E1,-8.237124133E0,2.129312229E1,-1.050577890E1,2.513202461E1
2.191018071E1,-1.743000256E1,1.627774089E1,-1.760533951E1,2.964317488E1
2.192026171E1,-2.085844729E1,1.654014639E1,-5.264894369E0,2.713614524E1
2.193034171E1,-1.742570603E1,1.348309106E1,8.584355772E-2,2.203307387E1
2.194042171E1,-1.349646949E1,7.108585199E0,-3.983464780E0,1.576561651E1
2.195050171E1,-1.004930315E1,5.745381714E0,-7.339546709E0,1.370645289E1
2.196058171E1,-7.128534145E0,5.432584328E0,-6.649130874E0,1.115974520E1
2.197066271E1,-4.824882036E0,5.349445692E0,-4.879593848E0,8.700947764E0
2.198074271E1,-2.397165459E0,3.268329840E0,-4.595299884E0,6.127410808E0
2.199082271E1,-3.900899756E-1,7.718786591E-1,-4.256851640E0,4.343817761E0
2.200090271E1,4.766428006E-1,-7.689684999E-1,-3.057088065E0,3.188148107E0
2.201098271E1,5.885766345E-1,-1.649333475E0,-1.992613127E0,2.652777872E0
2.202106371E1,3.483081114E-1,-2.096784636E0,-1.836218819E0,2.808829632E0
2.203114371E1,-1.388374579E-1,-2.466640906E0,-1.561038179E0,2.922401991E0
2.204122371E1,-1.009723511E0,-3.108728920E0,-6.710048336E-1,3.336762585E0
2.205130371E1,-1.926609026E0,-4.114062341E0,9.635170591E-1,4.643888070E0
2.206138471E1,-2.583613871E0,-5.936585666E0,3.034996700E0,7.150476555E0
2.207146471E1,-2.578057262E0,-8.051484976E0,4.479355445E0,9.567518736E0
2.208154471E1,-1.528520644E0,-9.474743459E0,5.132701102E0,1.088355455E1
2.209162471E1,-7.615238249E-2,-9.705809049E0,5.339666809E0,1.107793167E1
2.210170471E1,1.197124434E0,-9.534261097E0,4.617158823E0,1.066083473E1
2.211178571E1,1.974927492E0,-9.724680353E0,3.607535591E0,1.055860121E1
2.212186571E1,2.607030215E0,-9.824508111E0,2.589988213E0,1.048930909E1
2.213194571E1,3.238606104E0,-9.755950093E0,1.450969900E0,1.038135084E1
2.214202571E1,3.854227281E0,-9.547010366E0,4.108414516E-1,1.030384712E1
2.215210671E1,4.226976753E0,-9.244854328E0,-1.057868023E-1,1.016591633E1
2.216218671E1,4.387219114E0,-8.612777333E0,1.653912722E-1,9.667211553E0
2.217226671E1,4.010466052E0,-7.402187346E0,7.851417522E-1,8.455333407E0
2.218234671E1,1.845247943E0,-5.366072835E0,1.658261003E0,5.911810822E0
2.219242671E1,-1.951202415E0,-3.712231742E0,2.960786178E0,5.133625440E0
2.220250771E1,-5.305140755E0,-3.167078285E0,4.386189711E0,7.577173845E0
2.221258771E1,-7.732750912E0,-2.896001952E0,5.347054766E0,9.837340018E0
2.222266771E1,-8.906171903E0,-3.634279586E0,5.290358409E0,1.097796785E1
2.223274771E1,-9.999459143E0,-5.519526578E0,3.655919546E0,1.199250201E1
2.224282871E1,-1.101382359E1,-8.297618256E0,1.495537670E0,1.387052312E1
2.225290871E1,-1.087434411E1,-1.047884429E1,1.267727809E0,1.515469139E1
2.226298871E1,-8.410372455E0,-7.954192570E0,2.573123966E0,1.185852062E1
2.227306871E1,-6.781244034E0,-1.323279866E0,3.723087097E0,7.848421356E0
2.228314871E1,-6.748435307E0,2.176812553E0,2.669525841E0,7.576691903E0
2.229322971E1,-5.918439417E0,2.589247078E0,-8.829856968E-1,6.520106541E0
2.230330971E1,-4.663463216E0,3.717814078E0,-3.285444641E0,6.809124553E0
2.231338971E1,-5.450262215E0,6.475140540E0,-2.804185756E-1,8.468260613E0
2.232346971E1,-9.160318792E0,1.104902149E1,4.189904529E0,1.495150883E1
2.233355071E1,-1.052124128E1,1.730999431E1,1.000460352E0,2.028135454E1
2.234363071E1,-7.961441948E0,1.939737896E1,-1.576531839E0,2.102684762E1
2.235371071E1,-3.073174340E0,1.524193002E1,-7.352598864E-1,1.556603477E1
2.236379071E1,1.368647828E0,8.474787136E0,-7.780755383E-1,8.619780474E0
2.237387071E1,3.394667121E0,3.975795572E0,-2.602699183E0,5.839927938E0
2.238395171E1,4.559161168E0,1.644643423E0,-3.789606777E0,6.152391573E0
2.239403171E1,5.314139619E0,-3.391297370E-1,-3.645959692E0,6.453534764E0
2.240411171E1,5.773683407E0,-1.779784856E0,-2.941022589E0,6.719573505E0
2.241419171E1,6.091816378E0,-2.814028081E0,-2.153982099E0,7.047596733E0
2.242427271E1,6.283793331E0,-3.481702926E0,-1.580868134E0,7.355777182E0
2.243434767E1,6.221478385E0,-4.451116902E0,-9.822766811E-1,7.712593756E0
2.244442767E1,5.877303670E0,-5.840450424E0,-3.722492436E-1,8.294102066E0
2.245450767E1,5.211317502E0,-7.234133690E0,5.467501853E-1,8.932494395E0
2.246458767E1,4.403949752E0,-8.052780719E0,4.953775719E-1,9.191705482E0
2.247466867E1,3.246450144E0,-8.943192964E0,-1.032802764E0,9.570100338E0
2.248474867E1,1.660574162E0,-1.054218367E1,-2.221184441E0,1.090086250E1
2.249482867E1,-1.000207168E-1,-1.273295995E1,-2.711157139E0,1.301878053E1
2.250490867E1,-1.344927428E0,-1.354943825E1,-2.706310967E0,1.388237104E1
2.251498967E1,-1.597364007E0,-1.042750690E1,-3.188831389E0,1.102057701E1
2.252506967E1,-1.029292388E0,-7.047118683E0,-5.017916751E0,8.712107270E0
2.253514967E1,7.456404483E-1,-6.912560803E0,-6.599889717E0,9.586345539E0
2.254522967E1,3.796108296E0,-8.077033800E0,-6.867172961E0,1.126086043E1
2.255530967E1,7.114431830E0,-7.186554896E0,-5.049583517E0,1.130309715E1
2.256539067E1,9.348742393E0,-4.824654872E0,-3.572055856E0,1.111016931E1
2.257547067E1,1.070092154E1,-4.644449532E0,-3.240767528E0,1.210715521E1
2.258555067E1,1.254855982E1,-4.874341587E0,-3.803916083E0,1.398911495E1
2.259563067E1,1.433048359E1,-5.117318248E0,-4.743827348E0,1.593905907E1
2.260571167E1,1.470020187E1,-4.278748586E0,-5.289353857E0,1.619817547E1
2.261579167E1,1.074678008E1,1.363498477E0,4.711929032E0,1.181332660E1
2.262587167E1,-8.801400908E0,9.423934663E0,2.572355759E1,2.877458284E1
2.263595167E1,-2.964469573E1,2.115697104E1,-3.163538263E1,4.824129810E1
2.264603167E1,-4.889503943E1,6.264433200E1,-1.264885477E1,8.046757571E1
2.265611267E1,-2.455810460E1,6.423201010E1,4.101187942E1,8.006763314E1
2.266619267E1,-3.153327388E-1,1.257944131E1,-6.245433258E0,1.404803242E1
2.267627267E1,1.896007038E0,2.619718089E0,-1.540905514E1,1.574473709E1
2.268635267E1,4.918757329E0,1.974891824E0,-1.466648682E1,1.559487759E1
2.269643267E1,6.252415418E0,-1.106150529E0,-6.804676166E0,9.306980459E0
2.270651367E1,1.924217514E0,-4.041507751E-1,-2.604065677E0,3.262990797E0
2.271659367E1,-2.921990486E0,3.407987078E0,-7.392765727E0,8.649010893E0
2.272667367E1,-5.263108045E0,6.958324036E0,-1.988560568E0,8.948349167E0
2.273675367E1,-4.792866191E0,6.700365347E0,3.896245665E0,9.113023230E0
2.274683467E1,-3.272143394E0,2.233898919E0,2.277900971E0,4.570126870E0
2.275691467E1,-1.764394984E0,-2.282640139E0,-6.903187716E-1,2.966492150E0
2.276699467E1,-1.320663822E-1,-7.075840207E0,-4.085522667E-1,7.088855416E0
2.277707467E1,1.246739228E0,-1.020953323E1,1.734223644E0,1.043055411E1
2.278715467E1,1.902830738E0,-1.174996933E1,3.034267552E0,1.228370154E1
2.279723567E1,2.174301174E0,-1.230776680E1,3.487634341E0,1.297583533E1
2.280731567E1,2.313639153E0,-1.226223804E1,4.159043802E0,1.315344264E1
2.281739567E1,2.787332034E0,-1.222874519E1,4.499821869E0,1.332515762E1
2.282747567E1,3.395140745E0,-1.215424114E1,4.557424545E0,1.341725296E1
2.283755667E1,4.037145728E0,-1.180244341E1,4.382027956E0,1.322113403E1
2.284763667E1,5.219515883E0,-1.128558697E1,4.564947572E0,1.324562440E1
2.285771667E1,6.926329241E0,-9.896192636E0,5.793772686E0,1.339688275E1
2.286779667E1,8.991823672E0,-7.154441988E0,8.808701742E0,1.447867948E1
2.287787767E1,1.015802511E1,-3.846283253E0,8.239568269E0,1.363340948E1
2.288795767E1,9.279586789E0,-1.755288531E0,3.024793308E0,9.916710309E0
2.289803767E1,7.754482673E0,-5.504019177E-1,7.538516202E-1,7.810456841E0
2.290811767E1,5.985135098E0,4.822374165E-1,9.685731465E-1,6.082148387E0
2.291819767E1,4.034423849E0,1.226615451E0,2.668268105E0,4.990071737E0
2.292827867E1,1.157409561E0,1.188482834E0,4.114744712E0,4.436576651E0
2.293835867E1,-3.386514933E0,2.049561353E0,3.748021964E0,5.451316700E0
2.294843867E1,-1.027270655E1,4.470855932E0,3.982013501E0,1.189005820E1
2.295851867E1,-1.880932331E1,5.614868937E0,6.534041297E0,2.068842895E1
2.296859867E1,-2.306737568E1,8.338379781E0,9.982846034E0,2.648187329E1
2.297867967E1,-2.321792277E1,1.273132975E1,1.086854601E1,2.862313727E1
2.298875967E1,-2.116295157E1,1.339506357E1,8.270800002E0,2.637620860E1
2.299883967E1,-1.470851193E1,7.843429933E0,4.420129582E0,1.724520982E1
2.300891967E1,-8.423009457E0,2.539127669E0,2.124230881E0,9.050227316E0
2.301900067E1,-4.828738859E0,2.265444648E0,7.770714800E-2,5.334322527E0
2.302908067E1,-1.569245331E0,1.776260154E0,-3.047388704E0,3.860596969E0
2.303916067E1,1.148464490E0,1.754961087E0,-6.137817593E0,6.486267332E0
2.304924067E1,2.574999168E0,3.158662972E0,-8.931874509E0,9.817645070E0
2.305932167E1,2.737064105E0,5.227552881E0,-1.064390534E1,1.217010887E1
2.306940167E1,2.473913088E0,6.724846469E0,-1.218332051E1,1.413425289E1
2.307948167E1,4.247837865E0,5.996527812E0,-1.470063573E1,1.643505897E1
2.308956167E1,6.612600394E0,3.975698508E0,-1.241108360E1,1.461395424E1
2.309964167E1,7.538525704E0,4.419503345E0,-7.409061917E0,1.145668268E1
2.310972267E1,8.396322765E0,6.283848295E0,-4.716631948E0,1.149920007E1
2.311980267E1,9.764603387E0,8.428477188E0,-3.136545879E0,1.327496241E1
2.312988267E1,1.072221242E1,9.960500314E0,-1.314220190E0,1.469369186E1
2.313996267E1,1.113815410E1,1.088791082E1,2.129007618E0,1.572061552E1
2.315004367E1,1.069907499E1,1.092667318E1,4.455107042E0,1.592828839E1
2.316012367E1,9.962988889E0,9.958968344E0,3.990626450E0,1.464128743E1
2.317020367E1,9.166454861E0,8.042712398E0,2.518220950E0,1.245192974E1
2.318028367E1,9.308868476E0,6.504953738E0,9.970975455E-1,1.140016048E1
2.319036367E1,9.553152866E0,5.327986996E0,-1.541037194E0,1.104649133E1
2.320044467E1,9.953785372E0,3.797107585E0,-6.372064653E0,1.241366494E1
2.321052467E1,9.929786060E0,-7.845180005E-1,-1.075013404E1,1.465542567E1
2.322060467E1,9.161225111E0,-9.014225525E0,-1.177743370E1,1.743250561E1
2.323068467E1,7.006960006E0,-1.547438374E1,-4.526094579E0,1.757952141E1
2.324076567E1,3.941658357E0,-1.554256228E1,6.905353525E0,1.745828801E1
2.325084567E1,1.619158918E0,-9.711145218E0,9.420024630E0,1.362589010E1
2.326092567E1,1.183215078E0,-4.377391698E0,4.315702404E0,6.259939556E0
2.327100567E1,1.891619287E0,-4.383185120E0,-3.754812920E-1,4.788686826E0
2.328108567E1,3.416469049E0,-8.107152223E0,3.290105456E-1,8.803773388E0
2.329116667E1,4.484717342E0,-1.132540066E1,4.773232411E0,1.308285662E1
2.330124667E1,3.686556033E0,-1.240961595E1,6.522183729E0,1.449579746E1
2.331132667E1,2.502344590E0,-1.337415510E1,3.743470491E0,1.411181506E1
2.332140667E1,1.989097050E0,-9.709943615E0,-1.685714266E0,1.005391191E1
2.333148767E1,2.826548724E0,4.366080260E0,1.641701104E0,5.454100938E0
2.334156767E1,2.404460446E0,1.667051591E1,4.286593795E-3,1.684302672E1
2.335164767E1,-1.837057164E0,1.140030466E1,-3.916690747E0,1.219353074E1
2.336172767E1,-1.363653721E0,4.083681378E0,-1.804080739E1,1.854741859E1
2.337180867E1,-2.975909416E0,-1.588437647E0,-9.716960859E0,1.028583975E1
2.338188867E1,-4.440643369E0,-2.413145900E0,3.727474848E0,6.279861098E0
2.339196867E1,-4.140520992E0,-1.415108049E-1,2.472760018E0,4.824777870E0
2.340204867E1,-3.829372521E0,3.939280879E-1,-1.390490102E0,4.093010624E0
2.341212867E1,-4.046584303E0,5.913873911E-1,-2.699429086E0,4.900153157E0
2.342220967E1,-4.651643654E0,4.743933767E-1,-4.220121478E0,6.298592148E0
2.343228946E1,-5.832231578E0,1.204972275E0,-4.624089820E0,7.539833554E0
2.344236946E1,-8.666913194E0,4.428976127E0,-6.610157427E0,1.176543221E1
2.345244946E1,-1.107419375E1,6.822999001E0,-7.159748921E0,1.484766269E1
2.346252946E1,-1.027907300E1,6.267308861E0,-4.711535807E0,1.292815036E1
2.347261046E1,-8.530036892E0,5.135319486E0,-1.260473461E0,1.003602655E1
2.348269046E1,-6.774159547E0,4.863502311E0,2.196124444E0,8.623563931E0
2.349277046E1,-5.010708888E0,6.973832606E0,4.756525454E0,9.816622595E0
2.350285046E1,-1.729175450E0,8.852802612E0,5.370734235E0,1.049794971E1
2.351293146E1,1.629247119E0,6.891040710E0,3.889183690E0,8.078777013E0
2.352301146E1,2.747583831E0,5.421854103E0,3.528278629E-1,6.088530719E0
2.353309146E1,2.941257647E0,4.625947773E0,-1.675082420E0,5.732040688E0
2.354317146E1,3.013382467E0,3.740833105E0,-2.346977784E0,5.346270750E0
2.355325246E1,2.781010609E0,2.370465903E0,-2.261483890E0,4.297375710E0
2.356333246E1,2.220964878E0,9.812636510E-1,-1.625025430E0,2.921689749E0
2.357341246E1,1.854198276E0,3.514533287E-1,-8.074443483E-1,2.052690202E0
2.358349246E1,1.761317010E0,-1.720730317E-1,1.198416084E-1,1.773755549E0
2.359357246E1,1.999323830E0,-8.106307885E-1,1.127299835E0,2.434178089E0
2.360365346E1,2.661985856E0,-1.323200929E0,1.403976120E0,3.287579405E0
2.361373346E1,3.431794016E0,-1.848482623E0,1.172960231E0,4.070618366E0
2.362381346E1,4.025519709E0,-2.276974187E0,1.134064552E0,4.761882273E0
2.363389346E1,4.528709453E0,-2.959108904E0,1.255269731E0,5.553488716E0
2.364397446E1,4.785662422E0,-3.548962278E0,8.814467096E-1,6.022843711E0
2.365405446E1,4.728951446E0,-3.795839324E0,1.312585309E0,6.204374114E0
2.366413446E1,4.476151171E0,-3.639679197E0,2.947869093E0,6.478667004E0
2.367421446E1,4.289780527E0,-3.084137285E0,5.615260116E0,7.710075611E0
2.368429446E1,3.837524124E0,-2.313598223E0,7.110016598E0,8.404264641E0
2.369437546E1,2.758226933E0,-1.620529506E0,5.750567025E0,6.580497914E0
2.370445546E1,6.782612282E-1,-6.660434711E-1,3.710055993E0,3.829904394E0
2.371453546E1,-3.565228647E-1,-2.540246826E-1,3.331659279E0,3.360296214E0
2.372461546E1,2.249739611E-1,-1.109439588E0,3.406867336E0,3.590015951E0
2.373469646E1,1.236908305E0,-2.943794754E0,3.246364775E0,4.553543011E0
2.374477646E1,2.010182109E0,-4.597763316E0,2.901472607E0,5.796447439E0
2.375485646E1,1.539260809E0,-4.884976210E0,2.337748539E0,5.630043041E0
2.376493646E1,-1.825638136E0,-2.686672216E0,1.179604276E0,3.455810824E0
2.377501646E1,-5.311275653E0,-9.665622890E-1,9.187741649E-1,5.476133462E0
2.378509746E1,-4.924035026E0,-3.286771958E0,4.480345963E0,7.424452222E0
2.379517746E1,-7.966847699E0,-2.086210531E-1,5.544996464E0,9.708819227E0
2.380525746E1,-1.741602888E1,9.239096575E0,-8.930294591E-1,1.973515820E1
2.381533746E1,-2.664425315E1,1.600409120E1,-8.630361664E0,3.225725195E1
2.382541846E1,-2.218315505E1,1.257544766E1,-4.147471578E0,2.583477835E1
2.383549846E1,-1.066906123E1,6.955464748E0,6.875708141E0,1.447351788E1
2.384557846E1,-8.245590316E0,5.603679705E0,7.607032852E0,1.254025258E1
2.385565846E1,-9.674991299E0,7.657415385E0,2.476560708E0,1.258470580E1
2.386573946E1,-9.454956481E0,1.457238407E1,-6.748704863E0,1.863586856E1
2.387581946E1,-5.581518758E0,2.156141827E1,-1.314625519E1,2.586256242E1
2.388589946E1,-1.934120359E0,2.164841548E1,-2.055835415E0,2.183165531E1
2.389597946E1,8.989854330E-1,1.423495880E1,1.059152247E1,1.776576976E1
2.390605946E1,1.018688462E0,6.207312920E0,2.366979209E0,6.720941187E0
2.391614046E1,4.698810804E-1,5.164085448E0,-9.944774812E0,1.121548540E1
2.392622046E1,1.891752019E0,5.289257378E0,-1.527950657E1,1.627938237E1
2.393630046E1,5.502462063E0,4.582848531E0,-1.457389265E1,1.623816296E1
2.394638046E1,1.024806872E1,9.430368939E-1,-1.057456087E1,1.475579780E1
2.395646146E1,1.457024867E1,-5.067605220E0,-4.523234121E0,1.607583329E1
2.396654146E1,1.712208935E1,-1.298968079E1,-2.609633396E0,2.164966368E1
2.397662146E1,1.744538425E1,-2.067577794E1,-2.701111330E0,2.718685762E1
2.398670146E1,1.635547962E1,-2.366292161E1,-1.862062781E0,2.882538552E1
2.399678146E1,1.401877203E1,-2.491822057E1,-1.642574093E0,2.863811683E1
2.400686246E1,1.310036741E1,-2.546177073E1,-1.553897560E-1,2.863469121E1
2.401694246E1,1.388792304E1,-2.535758738E1,-6.572451657E-1,2.891908738E1
2.402702246E1,1.423267721E1,-2.528951409E1,-6.553278637E0,2.975019470E1
2.403710246E1,1.414284995E1,-2.435320179E1,-1.151001480E1,3.042333122E1
2.404718346E1,1.393918675E1,-2.152498076E1,-7.366474891E0,2.668127951E1
2.405726346E1,1.417253042E1,-1.292880309E1,1.438390843E1,2.397730989E1
2.406734346E1,3.609882079E0,-1.353535348E1,1.574266101E1,2.107293094E1
2.407742346E1,-1.286054620E1,-1.210900825E1,-2.396472214E1,2.977128879E1
2.408750446E1,-2.942063042E1,8.479725695E0,-1.925091673E1,3.616734767E1
2.409758446E1,-6.473366846E1,5.792689665E1,2.835948708E0,8.691384120E1
2.410766446E1,-6.811815382E1,6.766019521E1,-8.657864043E0,9.639991445E1
2.411774446E1,-2.550272930E1,1.349587659E1,6.438707124E0,2.956323453E1
2.412782446E1,8.170162404E-1,3.033339599E-1,-9.049080777E-1,1.256338194E0
2.413790546E1,3.337108299E0,-1.357044905E0,-9.147458426E0,9.831269416E0
2.414798546E1,3.980752257E0,-3.492209203E0,-1.634627727E1,1.718262769E1
2.415806546E1,4.905176586E0,-6.119076097E0,-1.989055768E1,2.138078892E1
2.416814546E1,4.596848812E0,-8.038525207E0,-1.805027987E1,2.028697883E1
2.417822646E1,6.851550955E-1,-6.968709276E0,-1.328332328E1,1.501595897E1
2.418830646E1,-2.530861461E0,-3.876736137E0,-5.647744907E0,7.302832693E0
2.419838646E1,-4.199110678E0,1.848262475E0,3.099829457E0,5.536925801E0
2.420846646E1,-6.300744410E0,7.962208518E0,2.074086329E-1,1.015574532E1
2.421854646E1,-8.340096524E0,8.481189837E0,-3.137647786E0,1.230173259E1
2.422862746E1,-7.341796133E0,4.248676063E0,7.934107384E-1,8.519549246E0
2.423870746E1,-4.178957080E0,-6.821683377E-2,3.649796927E-1,4.195419644E0
2.424878746E1,-1.919119912E0,-2.618641908E0,-2.575043022E0,4.143809026E0
2.425886746E1,-1.705657949E0,-4.399386000E0,-2.119834652E0,5.172771517E0
2.426894846E1,-4.230195646E0,-3.345011981E0,7.935200813E-1,5.450993897E0
2.427902846E1,-6.674275655E0,-6.181910276E-2,4.969712305E0,8.321527355E0
2.428910846E1,-7.187617920E0,1.808523044E0,7.735032495E0,1.071276503E1
2.429918846E1,-5.461170781E0,1.934989547E0,7.722373273E0,9.654202184E0
2.430926846E1,-2.648860027E0,1.328062304E0,4.828402352E0,5.665128259E0
2.431934946E1,-8.731003940E-1,6.923737755E-1,2.174580378E0,2.443457707E0
2.432942946E1,1.679057211E-1,8.134207875E-2,6.401056610E-1,6.667414208E-1
2.433950946E1,1.049760566E0,-7.930356395E-1,-5.450891376E-2,1.316766492E0
2.434958946E1,1.672676729E0,-2.060270821E0,-5.295253113E-2,2.654311071E0
2.435967046E1,2.150928683E0,-3.121819666E0,3.462889217E-2,3.791233492E0
2.436975046E1,2.483146427E0,-3.595019918E0,6.126237474E-2,4.369661024E0
2.437983046E1,2.527761852E0,-3.711006458E0,-4.104577281E-2,4.490304406E0
2.438991046E1,2.193624467E0,-3.381552401E0,-3.519099963E-1,4.046075331E0
2.439999146E1,1.713309615E0,-2.592275936E0,-7.003893580E-1,3.185258171E0
2.441007146E1,1.275834973E0,-1.831909275E0,-7.219879494E-1,2.346255116E0
2.442015146E1,1.139905336E0,-1.675809667E0,-2.388844872E-1,2.040781226E0
2.443023104E1,1.208916514E0,-1.892912691E0,2.075475043E-1,2.255587188E0
2.444031104E1,1.268962741E0,-2.600004786E0,3.900642478E-1,2.919322086E0
2.445039204E1,1.152673901E0,-3.498198506E0,5.859109255E-1,3.729522961E0
2.446047204E1,9.504169571E-1,-4.237705809E0,1.052441515E0,4.468677216E0
2.447055204E1,6.775040138E-1,-4.945780236E0,1.427911697E0,5.192175425E0
2.448063204E1,2.468659365E-1,-5.500688018E0,1.572623852E0,5.726400025E0
2.449071304E1,-2.924134076E-2,-5.909605443E0,1.649024157E0,6.135435781E0
2.450079304E1,-2.389435440E-1,-6.253293085E0,1.623930831E0,6.465131071E0
2.451087304E1,-2.964865780E-1,-6.335865710E0,1.676968585E0,6.560740982E0
2.452095304E1,-2.148033142E-1,-6.020217222E0,1.993526316E0,6.345337110E0
2.453103404E1,-9.265205562E-2,-5.462160714E0,2.283317832E0,5.920922596E0
2.454111404E1,-9.008337379E-2,-4.672707664E0,2.174696445E0,5.154766392E0
2.455119404E1,-1.817355555E-1,-3.837009569E0,1.964862095E0,4.314667229E0
2.456127404E1,-2.925326908E-1,-2.725035798E0,1.926153527E0,3.349845203E0
2.457135404E1,-3.490471995E-1,-1.607866775E0,2.155298746E0,2.711527651E0
2.458143504E1,-2.117060441E-1,-6.941352493E-1,2.335372084E0,2.445527748E0
2.459151504E1,1.842229611E-1,-2.264188081E-1,2.099909534E0,2.120099910E0
2.460159504E1,8.102603674E-1,-3.683517820E-1,2.016918833E0,2.204578526E0
2.461167504E1,1.466985131E0,-8.251362687E-1,2.250982729E0,2.810661574E0
2.462175604E1,1.686191983E0,-1.336332605E0,2.597395173E0,3.372757021E0
2.463183604E1,1.193619613E0,-1.655896974E0,2.850675505E0,3.506147944E0
2.464191604E1,2.123743808E-1,-2.088208525E0,3.103787438E0,3.746893937E0
2.465199604E1,-7.340389878E-1,-2.883350331E0,3.119075568E0,4.310586360E0
2.466207704E1,-1.373688127E0,-3.545234093E0,2.380430582E0,4.485772353E0
2.467215704E1,-1.684909104E0,-4.030385177E0,2.869281346E0,5.226442270E0
2.468223704E1,-1.924564839E0,-4.342263966E0,4.535833993E0,6.567571559E0
2.469231704E1,-2.380321385E0,-4.429043078E0,6.729037753E0,8.400136997E0
2.470239704E1,-3.310249699E0,-3.950974141E0,7.787886647E0,9.339118168E0
2.471247804E1,-4.267648231E0,-2.726217520E0,6.443962601E0,8.195714575E0
2.472255804E1,-3.851628193E0,-1.924039759E0,3.986925454E0,5.867924958E0
2.473263804E1,-4.015931445E0,-1.146859429E0,-3.394775002E-1,4.190254991E0
2.474271804E1,-7.109559930E0,2.454627802E0,-3.359293220E0,8.237468724E0
2.475279904E1,-7.718707069E0,5.593685644E0,-3.828663546E0,1.027260544E1
2.476287904E1,-1.995186925E0,2.015739888E0,-1.878638907E0,3.401949780E0
2.477295904E1,2.034374964E0,-2.618660327E0,-1.181443079E0,3.520208964E0
2.478303904E1,-5.063314533E-1,-5.378128624E-1,-1.822700934E0,1.966685768E0
2.479312004E1,-4.648270395E0,4.269481333E0,-5.102020762E0,8.115756550E0
2.480320004E1,-7.797785398E0,7.961416805E0,-9.344679748E0,1.454347463E1
2.481328004E1,-9.977017529E0,9.662481181E0,-1.053693754E1,1.743363055E1
2.482336004E1,-1.026980165E1,1.018525676E1,-7.984991609E0,1.652175451E1
2.483344004E1,-7.771675242E0,8.819118556E0,-2.689987003E0,1.205868228E1
2.484352104E1,-4.989140264E0,6.524962910E0,3.146750732E-1,8.219834667E0
2.485360104E1,-3.060300525E0,4.910018080E0,-8.589208230E-1,5.849056491E0
2.486368104E1,-1.618450236E0,3.422848946E0,-1.655742023E0,4.132403383E0
2.487376104E1,-7.466233653E-1,1.972227248E0,-1.397238958E0,2.529704226E0
2.488384204E1,-2.937927657E-1,1.205158508E0,-1.600239083E0,2.024718830E0
2.489392204E1,1.431170350E-1,1.306674943E0,-3.368473349E0,3.615867060E0
2.490400204E1,4.905088878E-1,9.510005093E-1,-5.695023154E0,5.794677701E0
2.491408204E1,4.995375735E-1,5.062443298E-1,-7.578633510E0,7.611931883E0
2.492416304E1,3.018619233E-1,4.060400105E-1,-8.619462454E0,8.634299167E0
2.493424304E1,8.258841276E-1,-3.891088128E-2,-7.767495067E0,7.811374928E0
2.494432304E1,1.436221760E0,3.377351761E-2,-5.618090168E0,5.798862883E0
2.495440304E1,2.430056047E0,9.916620469E-1,-3.894528630E0,4.696372990E0
2.496448304E1,4.948560587E0,1.121609398E0,-3.856690128E0,6.373407116E0
2.497456404E1,7.530358313E0,-3.010538381E-1,-4.090611498E0,8.574965432E0
2.498464404E1,9.632186757E0,-1.973929957E0,-5.808215894E0,1.141975451E1
2.499472404E1,1.124685735E1,-3.493422500E0,-7.094329687E0,1.374864774E1
2.500480404E1,1.179139685E1,-4.805649374E0,-5.044549649E0,1.369594052E1
2.501488504E1,1.200065701E1,-6.039221842E0,-1.475379978E0,1.351535109E1
2.502496504E1,1.205211367E1,-7.448939928E0,3.811150843E0,1.467191265E1
2.503504504E1,1.111591714E1,-6.663772302E0,1.431831670E0,1.303915707E1
2.504512504E1,1.011206365E1,-5.558946751E0,-1.786747866E0,1.167682269E1
2.505520604E1,9.481830284E0,-5.304092349E0,-2.977523832E0,1.126517418E1
2.506528604E1,9.230360250E0,-5.452695826E0,-2.740380354E0,1.106531186E1
2.507536604E1,8.682111277E0,-5.882239305E0,-1.105575163E0,1.054524025E1
2.508544604E1,6.055540252E0,-6.867364749E0,3.808788568E-2,9.155966198E0
2.509552704E1,4.000717574E0,-6.343806814E0,-4.931492565E0,8.976037261E0
2.510560704E1,2.991589310E0,-6.083192904E0,-4.716729596E0,8.258473260E0
2.511568704E1,5.269212538E-1,-2.987193958E0,-3.743826879E0,4.818424374E0
2.512576704E1,-4.084579511E0,3.216233195E0,-5.403734751E0,7.498552861E0
2.513584704E1,-1.419780091E1,1.216583032E1,-4.215923469E0,1.916661130E1
2.514592804E1,-2.437620473E1,2.174849175E1,8.764210278E-1,3.267972406E1
2.515600804E1,-2.827081055E1,2.388510177E1,1.585864872E0,3.704391695E1
2.516608804E1,-2.735965998E1,2.165503687E1,-4.587725401E-3,3.489257281E1
2.517616804E1,-2.174959336E1,1.621798001E1,1.181163290E0,2.715626693E1
2.518624904E1,-1.074417690E1,7.369845811E0,3.540799565E0,1.350145274E1
2.519632904E1,-2.177083279E0,2.692964990E0,3.466014846E0,4.899490887E0
2.520640904E1,1.803136881E0,4.143097275E-1,1.602007281E0,2.447321493E0
2.521648904E1,4.263949283E0,-9.211362208E-1,-4.673012888E-1,4.387268617E0
2.522656904E1,5.793018980E0,-9.596432056E-1,-2.530831055E0,6.394144963E0
2.523665004E1,6.451406107E0,-6.370504908E-1,-3.927670063E0,7.579780090E0
2.524673004E1,6.657913392E0,-4.504193905E-1,-4.472135303E0,8.033099186E0
2.525681004E1,6.629274899E0,-4.251657412E-1,-4.584970778E0,8.071555527E0
2.526689004E1,6.487250124E0,-7.712185816E-1,-4.102488363E0,7.714246757E0
2.527697104E1,6.208587028E0,-1.542286597E0,-3.456971835E0,7.271578584E0
2.528705104E1,5.785753230E0,-2.533211457E0,-3.058079753E0,7.017403544E0
2.529713104E1,5.390338195E0,-3.649829087E0,-2.855267909E0,7.108414243E0
2.530721104E1,5.384320241E0,-4.105767481E0,-3.046013146E0,7.424717311E0
2.531729204E1,5.725557314E0,-3.153262483E0,-3.021465658E0,7.200994763E0
2.532737204E1,6.214765781E0,-1.202142661E0,-2.195367522E0,6.699858151E0
2.533745204E1,6.428100275E0,7.121616304E-1,-3.351220554E0,7.284114671E0
2.534753204E1,6.624557365E0,2.112920904E0,-4.064166296E0,8.053983034E0
2.535761304E1,6.738931242E0,3.293973974E0,-4.439347041E0,8.716149435E0
2.536769304E1,6.510829021E0,4.081017095E0,-4.664366026E0,8.988988012E0
2.537777304E1,6.058621150E0,4.589597387E0,-5.119810331E0,9.164264959E0
2.538785304E1,5.551006233E0,4.969737448E0,-5.305549475E0,9.146628654E0
2.539793404E1,5.119000491E0,5.355267180E0,-5.116822988E0,9.003606505E0
2.540801404E1,4.689866318E0,5.697140431E0,-4.683220958E0,8.739840600E0
2.541809404E1,4.215630816E0,6.107590411E0,-4.509136484E0,8.683692512E0
2.542817404E1,3.728535241E0,6.611318684E0,-4.858322262E0,9.011925709E0
2.543825408E1,3.261922754E0,7.070274242E0,-5.125007921E0,9.321728600E0
2.544833508E1,2.768947218E0,7.409613894E0,-5.027918998E0,9.372801940E0
2.545841508E1,2.277101364E0,7.718630471E0,-4.880743995E0,9.411913138E0
2.546849508E1,1.775742968E0,7.993150229E0,-4.724255548E0,9.453163711E0
2.547857508E1,1.254956613E0,8.233073766E0,-4.542581972E0,9.486488851E0
2.548865608E1,7.364095952E-1,8.449424838E0,-4.334378703E0,9.524805401E0
2.549873608E1,2.171536025E-1,8.612502514E0,-4.115788440E0,9.547882996E0
2.550881608E1,-3.166644787E-1,8.746822413E0,-3.897808918E0,9.581236510E0
2.551889608E1,-8.381537057E-1,8.848869190E0,-3.641664035E0,9.605555919E0
2.552897708E1,-1.355126580E0,8.910981238E0,-3.390040219E0,9.629866425E0
2.553905708E1,-1.882114492E0,8.932422393E0,-3.160481456E0,9.660184667E0
2.554913708E1,-2.410327688E0,8.926382804E0,-2.925201777E0,9.697772681E0
2.555921708E1,-2.934588020E0,8.879843060E0,-2.684190365E0,9.729763489E0
2.556929808E1,-3.439738044E0,8.789663792E0,-2.459469881E0,9.753921236E0
2.557937808E1,-3.947638890E0,8.669083681E0,-2.213946173E0,9.779489880E0
2.558945808E1,-4.458341137E0,8.507020497E0,-1.979285422E0,9.806312978E0
2.559953808E1,-4.944688561E0,8.326880647E0,-1.782452940E0,9.847031266E0
2.560961908E1,-5.427551630E0,8.106147671E0,-1.595028775E0,9.884941252E0
2.561969908E1,-5.898095784E0,7.853053281E0,-1.468601155E0,9.930496919E0
2.562977908E1,-6.353806722E0,7.585620348E0,-1.366510670E0,9.988986302E0
2.563985908E1,-6.785158160E0,7.269759021E0,-1.207087505E0,1.001722655E1
2.564993908E1,-7.218048584E0,6.912530982E0,-1.045675263E0,1.004871866E1
2.566002008E1,-7.632248384E0,6.523570688E0,-8.929038171E-1,1.007995373E1
2.567010008E1,-8.016233282E0,6.118241699E0,-8.158893357E-1,1.011724038E1
2.568018008E1,-8.397026185E0,5.707124552E0,-8.708163254E-1,1.019017372E1
2.569026008E1,-8.926398007E0,4.743117496E0,-1.534596485E0,1.022412497E1
2.570034108E1,3.147728679E0,-1.552715370E1,-1.995047293E1,2.547591152E1
2.571042108E1,-4.353450391E1,5.367968502E0,-1.079364084E1,4.517267757E1
2.572050108E1,-1.816564076E1,4.155913671E1,2.539247420E1,5.198009325E1
2.573058108E1,3.390327902E0,4.404586397E1,5.140459773E0,4.447422605E1
2.574066208E1,-1.001489579E1,-8.799388881E0,-1.324682262E1,1.879376737E1
2.575074208E1,-7.254944515E0,-3.482074808E0,-5.827060300E0,9.935476669E0
2.576082208E1,-7.039513795E0,-3.810507942E0,-7.652708377E0,1.107423454E1
2.577090208E1,-6.211211843E0,-4.918394802E0,-7.625757975E0,1.099645146E1
2.578098308E1,-5.152020888E0,-5.601547226E0,-7.792419993E0,1.089231196E1
2.579106308E1,-4.330399088E0,-5.813367290E0,-7.978379577E0,1.077970947E1
2.580114308E1,-3.577551946E0,-5.808457968E0,-8.195677314E0,1.066331039E1
2.581122308E1,-2.847230911E0,-5.709252353E0,-8.387777059E0,1.053836279E1
2.582130408E1,-2.111909190E0,-5.540140936E0,-8.542976781E0,1.039883524E1
2.583138408E1,-1.364328051E0,-5.340748544E0,-8.628106393E0,1.023861348E1
2.584146408E1,-6.227498093E-1,-5.096470585E0,-8.641233977E0,1.005150508E1
2.585154408E1,1.273462173E-1,-4.831844900E0,-8.586929131E0,9.853846665E0
2.586162508E1,8.756848633E-1,-4.532098500E0,-8.475822678E0,9.651233645E0
2.587170508E1,1.594954077E0,-4.194006936E0,-8.300481638E0,9.435654090E0
2.588178508E1,2.309077156E0,-3.838287186E0,-8.058574725E0,9.219810867E0
2.589186508E1,2.995607516E0,-3.465057364E0,-7.778990108E0,9.027345902E0
2.590194508E1,3.644715697E0,-3.069442355E0,-7.453546949E0,8.846512929E0
2.591202608E1,4.263175111E0,-2.653587500E0,-7.065138048E0,8.667892725E0
2.592210608E1,4.833573337E0,-2.234742088E0,-6.643466091E0,8.514290640E0
2.593218608E1,5.003230884E0,-1.559844763E0,-6.625215177E0,8.447420382E0
2.594226608E1,-5.137970613E0,1.917622440E0,-1.936364520E0,5.815971578E0
2.595234708E1,-1.859275765E1,6.863532484E0,2.973589826E0,2.004098180E1
2.596242708E1,-1.200215857E1,-7.926057522E0,-1.674010362E1,2.207046142E1
2.597250708E1,6.089219044E0,6.135117933E0,-5.727998527E0,1.036958185E1
2.598258708E1,5.112729937E0,-4.452558971E-1,-3.072419465E0,5.981473196E0
2.599266808E1,5.819318002E0,-1.054237999E0,-5.803960290E0,8.286243709E0
2.600274808E1,6.540925224E0,-3.151967325E0,1.214462481E1,1.414957641E1
2.601282808E1,7.132548843E0,1.421589834E0,-8.727493272E0,1.136060339E1
2.602290808E1,6.907096580E0,9.803538242E-1,-6.783482348E0,9.730606844E0
2.603298908E1,6.959427990E0,-2.361926337E0,5.420695769E0,9.132156186E0
2.604306908E1,5.698602819E0,-8.568377524E-1,-1.420968128E0,5.935267092E0
2.605314908E1,5.148010867E0,-2.845032211E-1,-5.558736252E0,7.581721881E0
2.606322908E1,8.809339088E0,-6.606256165E0,6.333653709E0,1.270284397E1
2.607331008E1,1.671169317E1,-7.187320297E0,3.663634948E0,1.855695241E1
2.608339008E1,5.838003949E0,-1.101142316E0,1.446469005E0,6.114497289E0
2.609347008E1,6.504133959E0,-5.269863772E-1,-1.565066326E0,6.710507120E0
2.610355008E1,6.517405969E0,-6.325443341E-1,1.877716947E0,6.811939065E0
2.611363108E1,6.776020131E0,-2.625660321E0,4.962101569E0,8.799488219E0
2.612371108E1,1.538930325E1,-3.730239412E0,3.801722208E0,1.628491425E1
2.613379108E1,4.672814083E0,1.183696157E0,-8.800121537E0,1.003386601E1
2.614387108E1,4.216802014E0,-2.443246635E-1,1.095579348E1,1.174182799E1
2.615395108E1,5.509049537E0,1.434947213E0,1.985012770E-2,5.692898588E0
2.616403208E1,5.858172750E0,7.248546200E-1,-2.244447296E0,6.315152085E0
2.617411208E1,5.268206232E0,5.638655703E-1,3.551519265E0,6.378497502E0
2.618419208E1,4.892209800E0,6.525965562E-1,1.921673976E0,5.296454462E0
2.619427208E1,5.129251245E0,7.006312135E-1,1.181380221E0,5.309968141E0
2.620435308E1,5.058740841E0,7.146002117E-1,9.262930995E-1,5.192256857E0
2.621443308E1,4.868656631E0,6.685017867E-1,1.339801174E0,5.093699953E0
2.622451308E1,4.688137296E0,6.135425643E-1,1.613411105E0,4.995814366E0
2.623459308E1,4.675046258E0,6.486865231E-1,1.221392133E0,4.875310294E0
2.624467408E1,4.624692668E0,6.602516578E-1,1.008445310E0,4.779192031E0
2.625475408E1,4.481756312E0,6.264784326E-1,1.149248602E0,4.668981389E0
2.626483408E1,4.370189098E0,6.109769888E-1,1.201388224E0,4.573311634E0
2.627491408E1,4.298030364E0,6.190884291E-1,1.006081865E0,4.457413624E0
2.628499508E1,4.210921176E0,6.142896923E-1,9.398235565E-1,4.358035945E0
2.629507508E1,4.111036115E0,5.945778878E-1,9.996183532E-1,4.272397179E0
2.630515508E1,4.026955200E0,5.953290357E-1,9.214790869E-1,4.173716396E0
2.631523508E1,3.940141590E0,5.951948056E-1,8.659165049E-1,4.077840605E0
2.632531608E1,2.357965141E0,4.094696948E-1,3.707099640E-1,2.421794978E0
2.633539608E1,1.675558237E0,3.721454189E-1,2.432465100E-1,1.733538717E0
2.634547608E1,1.315675708E0,3.591411748E-1,2.064382875E-1,1.379348295E0
2.635555608E1,1.059890283E0,3.556017455E-1,1.691757363E-1,1.130681406E0
2.636563708E1,8.927049387E-1,3.403516224E-1,1.642640752E-1,9.694039513E-1
2.637571708E1,7.652224081E-1,3.383429576E-1,1.540372950E-1,8.507460133E-1
2.638579708E1,6.185223455E-1,3.292107397E-1,1.291480368E-1,7.124807495E-1
2.639587708E1,5.134795648E-1,3.186364156E-1,1.377744341E-1,6.198162821E-1
2.640595808E1,3.556543339E-1,2.937012934E-1,1.258274031E-1,4.781035351E-1
2.641603808E1,2.692374201E-1,2.792192020E-1,1.337690914E-1,4.103002815E-1
2.642611808E1,1.080115400E-1,2.037850220E-1,1.333551085E-1,2.664177414E-1
2.643619804E1,6.500160520E-2,1.445268261E-1,1.349572456E-1,2.081505952E-1
2.644627804E1,2.694400627E-2,8.098930892E-2,1.365547049E-1,1.610355087E-1
2.645635904E1,1.283527790E-2,4.888111487E-2,1.256560796E-1,1.354383923E-1
2.646643904E1,1.882690150E-2,3.687386438E-2,1.317178881E-1,1.380714893E-1
2.647651904E1,1.771905513E-2,2.983430096E-2,1.322084695E-1,1.366862460E-1
2.648659904E1,-9.538453259E-4,3.461867096E-2,1.166969758E-1,1.217273444E-1
2.649668004E1,4.784758296E-3,1.780111373E-2,1.472644651E-1,1.484135986E-1
2.650676004E1,-1.884374879E-3,1.926935757E-2,1.252742565E-1,1.267615807E-1
2.651684004E1,1.338498926E-2,1.927851212E-2,1.336691040E-1,1.357138472E-1
2.652692004E1,4.728387482E-4,1.460115073E-2,1.263425428E-1,1.271843359E-1
2.653700104E1,4.342416432E-3,1.049008875E-2,1.170536560E-1,1.176029631E-1
2.654708104E1,1.597494034E-2,9.547829360E-3,1.317371839E-1,1.330452757E-1
2.655716104E1,6.596444976E-3,1.496195363E-2,1.215735537E-1,1.226682604E-1
2.656724104E1,1.573555168E-2,1.726647836E-2,1.244065297E-1,1.265808970E-1
2.657732204E1,1.053702978E-2,1.387097168E-2,1.333872682E-1,1.345198728E-1
2.658740204E1,1.587866228E-3,4.634080573E-3,1.251485413E-1,1.252443748E-1
2.659748204E1,3.662348706E-3,4.380022479E-3,1.384813625E-1,1.385990085E-1
2.660756204E1,6.506964304E-3,4.831900330E-3,1.259016627E-1,1.261622627E-1
2.661764304E1,4.783954304E-3,8.214281610E-3,1.299420887E-1,1.302893206E-1
2.662772304E1,1.058967300E-2,5.896774231E-3,1.348946804E-1,1.354381332E-1
2.663780304E1,8.055526279E-3,1.049847927E-2,1.281621963E-1,1.288435413E-1
2.664788304E1,8.898073509E-3,5.820923739E-3,1.402986771E-1,1.407010222E-1
2.665796404E1,4.875463229E-3,6.286585943E-3,1.337188053E-1,1.339552545E-1
2.666804404E1,3.100851551E-4,7.383435663E-3,1.302742106E-1,1.304836435E-1
2.667812404E1,1.446626734E-2,1.547699168E-2,1.362635136E-1,1.379005268E-1
2.668820404E1,1.314750094E-2,1.246054903E-2,1.209976029E-1,1.223459929E-1
2.669828504E1,6.676844191E-3,-7.748828398E-4,1.307291240E-1,1.309018126E-1
2.670836504E1,7.172085084E-3,6.620850249E-3,1.346292168E-1,1.349825932E-1
2.671844504E1,5.811036006E-4,3.803328273E-3,1.407699627E-1,1.408225315E-1
2.672852504E1,2.811597101E-3,1.800604379E-3,1.358337432E-1,1.358747697E-1
2.673860604E1,1.589187333E-2,1.078939196E-2,1.250549859E-1,1.265215875E-1
2.674868604E1,8.797501400E-3,8.189653640E-4,1.307414031E-1,1.310396170E-1
2.675876604E1,4.450352378E-3,7.823297029E-3,1.283539850E-1,1.286691691E-1
2.676884604E1,2.544105258E-3,6.994606100E-3,1.321020502E-1,1.323115590E-1
2.677892604E1,3.526236489E-4,6.248631575E-3,1.304572284E-1,1.306072670E-1
2.678900704E1,-6.206563599E-3,9.380219837E-3,1.243229145E-1,1.248306734E-1
2.679908704E1,8.023238685E-3,6.491345842E-3,1.300110859E-1,1.304200613E-1
2.680916704E1,1.827419344E-3,7.892688175E-3,1.283627558E-1,1.286181599E-1
2.681924704E1,4.690691214E-3,1.321162388E-3,1.440865034E-1,1.441688889E-1
2.682932804E1,3.015719745E-3,2.161423266E-3,1.240287995E-1,1.240842836E-1
2.683940804E1,7.307046130E-3,4.590081418E-3,1.235773945E-1,1.238783040E-1
2.684948804E1,1.956642810E-3,-1.004826879E-3,1.280674714E-1,1.280863590E-1
2.685956804E1,2.810811382E-3,1.309535337E-3,1.217787910E-1,1.218182641E-1
2.686964904E1,6.399046630E-4,5.741038439E-3,1.379410797E-1,1.380619806E-1
2.687972904E1,1.351476090E-2,4.146349698E-4,1.457278168E-1,1.463537402E-1
2.688980904E1,3.408981543E-3,3.522447220E-3,1.315062189E-1,1.315975471E-1
2.689988904E1,1.173313256E-2,5.645732250E-3,1.262647748E-1,1.269343691E-1
2.690997004E1,1.132430255E-2,4.542093136E-3,1.298596430E-1,1.304315810E-1
2.692005004E1,-2.428129390E-3,6.155953207E-4,1.280668867E-1,1.280913823E-1
2.693013004E1,5.737635177E-3,-9.303422598E-4,1.361512470E-1,1.362752658E-1
2.694021004E1,4.461553451E-3,1.307207871E-3,1.342035395E-1,1.342840432E-1
2.695029104E1,4.259696603E-4,3.384715598E-3,1.367482477E-1,1.367907929E-1
2.696037104E1,1.720579751E-3,-1.701736185E-3,1.280703950E-1,1.280932566E-1
2.697045104E1,3.386159129E-3,4.123405087E-3,1.301660371E-1,1.302753459E-1
2.698053104E1,5.148966741E-3,4.773126676E-3,1.334632820E-1,1.336478291E-1
2.699061204E1,-2.654581089E-3,-5.121048570E-3,1.234411544E-1,1.235758493E-1
2.700069204E1,7.281135656E-3,3.592672051E-3,1.271851265E-1,1.274440216E-1
2.701077204E1,3.831863143E-3,-3.595347838E-3,1.327236092E-1,1.328275805E-1
2.702085204E1,5.127880219E-3,-2.831701473E-3,1.297274959E-1,1.298596815E-1
2.703093304E1,2.806535605E-3,1.387337566E-3,1.235890889E-1,1.236287355E-1
2.704101304E1,4.915151205E-3,2.720952696E-3,1.273307222E-1,1.274546002E-1
2.705109304E1,1.032006154E-2,5.276680437E-3,1.225406832E-1,1.230876357E-1
2.706117304E1,-7.636646368E-4,5.716758789E-3,1.250883150E-1,1.252212085E-1
2.707125404E1,-3.137140833E-3,6.113897794E-3,1.304765242E-1,1.306573564E-1
2.708133404E1,1.521445513E-3,1.396218139E-2,1.310782027E-1,1.318284967E-1
2.709141404E1,-2.548527215E-3,8.644761164E-3,1.322727889E-1,1.325794764E-1
2.710149404E1,3.679744173E-3,6.867960206E-3,1.259870321E-1,1.262277372E-1
2.711157504E1,-4.517248180E-3,1.170512075E-3,1.360155916E-1,1.360956164E-1
2.712165504E1,3.177267350E-3,2.043053694E-4,1.313769954E-1,1.314155687E-1
2.713173504E1,1.550571956E-3,5.074765346E-3,1.267395687E-1,1.268506042E-1
2.714181504E1,6.099230647E-3,-1.183158963E-4,1.253912008E-1,1.255395071E-1
2.715189604E1,9.805835467E-3,1.474556211E-2,1.267325521E-1,1.279637674E-1
2.716197604E1,4.111871682E-3,8.038489411E-3,1.283767891E-1,1.286939190E-1
2.717205604E1,3.133047782E-3,-2.942141901E-3,1.315190828E-1,1.315892903E-1
2.718213604E1,5.038326457E-3,2.818246025E-3,1.331668282E-1,1.332919028E-1
2.719221704E1,1.025431691E-2,8.895693510E-4,1.331639045E-1,1.335611015E-1
2.720229704E1,4.056505859E-3,3.059419688E-3,1.334609431E-1,1.335576229E-1
2.721237704E1,8.559885174E-3,-6.698396662E-4,1.213361567E-1,1.216395628E-1
2.722245704E1,-1.148429699E-3,9.734903716E-3,1.336135554E-1,1.339726444E-1
2.723253804E1,1.138507705E-2,-5.900891265E-6,1.279300618E-1,1.284356677E-1
2.724261804E1,5.671196189E-3,1.137570323E-2,1.219430977E-1,1.226037853E-1
2.725269804E1,-1.364411227E-3,3.182713712E-3,1.340678841E-1,1.341125976E-1
2.726277804E1,-4.455212876E-4,2.987422419E-3,1.351151204E-1,1.351488770E-1
2.727285804E1,-5.997726638E-3,-1.126048111E-3,1.387111580E-1,1.388453315E-1
2.728293904E1,-3.419433441E-3,-2.443706738E-3,1.324242318E-1,1.324909106E-1
2.729301904E1,-5.437983647E-3,7.590005687E-4,1.322727889E-1,1.323867003E-1
2.730309904E1,-2.654032912E-3,-2.312336247E-3,1.458927083E-1,1.459351675E-1
2.731317904E1,1.356210507E-2,-6.986303511E-4,1.249380416E-1,1.256739154E-1
2.732326004E1,-1.263839118E-3,2.298597575E-3,1.294322115E-1,1.294587897E-1
2.733334004E1,3.590665497E-3,-1.750354869E-3,1.295807308E-1,1.296422864E-1
2.734342004E1,1.882072538E-3,-2.064167624E-3,1.385602999E-1,1.385884544E-1
2.735350004E1,5.676659681E-3,1.330895947E-3,1.397566402E-1,1.398782121E-1
2.736358104E1,7.280697115E-4,2.819729528E-3,1.375118941E-1,1.375427278E-1
2.737366104E1,-1.139841601E-3,-7.003308402E-4,1.390070271E-1,1.390134645E-1
2.738374104E1,4.379125983E-3,-1.888754581E-3,1.379592061E-1,1.380416122E-1
2.739382104E1,3.745470531E-3,-3.179506880E-3,1.268863338E-1,1.269814141E-1
2.740390204E1,1.508819181E-3,1.560831992E-3,1.114678109E-1,1.114889483E-1
2.741398204E1,3.623318542E-3,1.525049773E-4,1.120665658E-1,1.121252284E-1
2.742406204E1,3.339491040E-4,-5.077258407E-3,1.690973836E-1,1.691739200E-1
2.743414192E1,1.385547085E-2,5.124518070E-3,1.252374190E-1,1.261056933E-1
2.744422292E1,1.168202424E-2,2.147174104E-3,1.318219686E-1,1.323560027E-1
2.745430292E1,1.115917353E-2,-1.913565276E-3,1.409477180E-1,1.414017260E-1
2.746438292E1,1.355969310E-3,1.606302088E-3,1.077150679E-1,1.077355777E-1
2.747446292E1,-9.564930182E-3,-9.730166558E-4,1.020204645E-1,1.024724833E-1
2.748454392E1,-1.161220483E-4,1.720406162E-3,1.246129364E-1,1.246248659E-1
2.749462392E1,-3.406734020E-3,-1.693241734E-3,1.608376068E-1,1.608825928E-1
2.750470392E1,1.249988526E-3,-2.539164817E-4,1.485625470E-1,1.485680225E-1
2.751478392E1,9.459186941E-3,1.332369171E-3,1.192206341E-1,1.196027216E-1
2.752486492E1,2.340256702E-3,-2.031013226E-3,1.386819220E-1,1.387165358E-1
2.753494492E1,6.429050155E-3,8.792544971E-4,1.385345721E-1,1.386864573E-1
2.754502492E1,9.722914640E-3,3.464720811E-3,1.243141437E-1,1.247419163E-1
2.755510492E1,4.806977715E-3,-1.781953817E-3,1.252087677E-1,1.253136780E-1
2.756518592E1,6.027163714E-3,-9.224096895E-4,1.323932415E-1,1.325335729E-1
2.757526592E1,1.407951057E-2,1.911839662E-3,1.337381011E-1,1.344907708E-1
2.758534592E1,2.827037405E-3,-6.846495671E-4,1.332831877E-1,1.333149242E-1
2.759542592E1,1.467285678E-5,-1.146189028E-3,1.301391399E-1,1.301441881E-1
2.760550692E1,3.885529619E-3,2.828008134E-3,1.274418193E-1,1.275323970E-1
2.761558692E1,7.941542119E-3,-3.636431380E-4,1.410599846E-1,1.412838263E-1
2.762566692E1,1.222597975E-3,-4.068081519E-3,1.329762089E-1,1.330440385E-1
2.763574692E1,3.818341456E-3,-5.265075085E-4,1.254906034E-1,1.255497849E-1
2.764582792E1,1.821773127E-4,-2.873346896E-3,1.319248796E-1,1.319562926E-1
2.765590792E1,-3.957304191E-3,-4.519382642E-3,1.397110319E-1,1.398401141E-1
2.766598792E1,3.885694072E-3,4.434197161E-3,1.428527409E-1,1.429743554E-1
2.767606792E1,3.564298209E-3,9.004837729E-4,1.323716068E-1,1.324226468E-1
2.768614892E1,5.062409677E-3,3.617614080E-3,1.302765495E-1,1.304250530E-1
2.769622892E1,-1.152687203E-3,1.402741325E-3,1.265360856E-1,1.265491104E-1
2.770630892E1,1.050872561E-3,6.383355078E-4,1.244381046E-1,1.244441790E-1
2.771638892E1,2.017289400E-3,3.958680342E-3,1.313255399E-1,1.314006775E-1
2.772646992E1,1.548233069E-3,-1.419879834E-4,1.289311051E-1,1.289404787E-1
2.773654992E1,5.897903703E-3,9.156244069E-3,1.346186918E-1,1.350585586E-1
2.774662992E1,8.519776929E-3,6.982630729E-3,1.275850761E-1,1.280597336E-1
2.775670992E1,1.361505892E-3,-1.593080757E-3,1.449483830E-1,1.449635310E-1
2.776679092E1,-2.504399009E-3,-7.723636263E-3,1.377627397E-1,1.380018080E-1
2.777687092E1,5.523225088E-3,-2.354180384E-3,1.331206352E-1,1.332559630E-1
2.778695092E1,9.541066233E-3,5.073968206E-3,1.458412528E-1,1.462410617E-1
2.779703092E1,2.468493450E-3,2.987070673E-3,1.277295023E-1,1.277882695E-1
2.780711192E1,2.050179988E-5,-1.423665677E-3,1.322213334E-1,1.322289993E-1
2.781719192E1,5.057293363E-3,6.369582145E-4,1.338690788E-1,1.339660859E-1
2.782727192E1,3.651768900E-3,6.344040547E-3,1.212963957E-1,1.215170682E-1
2.783735192E1,1.367353108E-2,1.274875738E-3,1.244404435E-1,1.251959055E-1
2.784743292E1,4.256535452E-3,7.114171382E-3,1.199328250E-1,1.202190169E-1
2.785751292E1,2.269795926E-2,1.290611486E-2,5.998307705E-2,6.541968120E-2
2.786759292E1,1.257182429E-2,1.205658180E-2,9.749413490E-2,9.903796379E-2
2.787767292E1,-4.864982095E-2,-6.532797120E-2,2.680930835E-1,2.801935944E-1
2.788775392E1,-9.904154571E-2,-1.277913777E-2,5.490395164E-1,5.580474216E-1
2.789783392E1,-1.543419532E-1,-1.466826945E-1,5.024945104E-1,5.457453476E-1
2.790791392E1,-4.597872878E-1,-5.518883530E-1,-4.919706917E-1,8.706435928E-1
2.791799392E1,-1.182449823E0,-5.469185559E0,6.665521789E-1,5.635110476E0
2.792807492E1,-2.708443154E0,-1.906711243E0,4.479604536E-1,3.342436335E0
2.793815492E1,-2.190903027E0,1.192961450E1,-5.597102172E0,1.335826752E1
2.794823492E1,-3.686205200E0,5.080805309E0,8.450513005E0,1.052681630E1
2.795831492E1,-3.095033571E0,3.978257250E0,1.907679834E0,5.389341880E0
2.796839592E1,-6.102678312E-1,1.175816522E0,-2.111027284E0,2.492269551E0
2.797847592E1,1.057330956E0,-1.516771979E0,-1.781070659E0,2.567247296E0
2.798855592E1,3.762749784E-1,-2.638111090E0,1.059975067E0,2.867884260E0
2.799863592E1,-1.149262416E0,-1.958076986E0,2.495385234E0,3.373694866E0
2.800871692E1,-1.173413536E0,-1.435606925E0,1.853815868E0,2.621926743E0
2.801879692E1,1.522209305E-2,-9.415860535E-1,-2.402574134E-1,9.718742887E-1
2.802887692E1,9.733477635E-1,-1.006027998E0,-1.922035918E0,2.377755301E0
2.803895692E1,1.789480709E0,-2.134338232E0,1.666523704E0,3.245757562E0
2.804903792E1,3.233108552E0,-2.054700032E0,3.959708127E0,5.509452930E0
2.805911792E1,4.161548749E0,-2.830545296E0,5.044768919E0,7.126020496E0
2.806919792E1,3.610726417E0,-3.550226446E0,4.256773580E0,6.615253161E0
2.807927792E1,6.160725814E-1,-4.164708585E-1,5.057379025E0,5.111758602E0
2.808935892E1,-2.558053937E0,3.286668755E-2,3.291883010E0,4.169078305E0
2.809943892E1,-3.860620041E0,-7.031596226E-1,3.284053003E0,5.117013258E0
2.810951892E1,-2.926898347E0,-6.096299438E0,3.926248021E0,7.819656277E0
2.811959892E1,-9.426664728E-1,-3.838557035E0,-1.317109884E0,4.166283552E0
2.812967992E1,3.898309439E-1,6.359993661E0,-6.748525938E0,9.281384050E0
2.813975992E1,2.297440027E0,1.031174373E1,-4.369826571E0,1.143265821E1
2.814983992E1,2.332905729E0,5.040447827E0,3.813816004E0,6.737488846E0
2.815991992E1,2.183321089E-2,-5.759209210E-1,7.059153423E0,7.082641361E0
2.817000092E1,-1.092088853E0,-2.406217242E0,6.993283954E0,7.475865163E0
2.818008092E1,-1.019007428E0,-2.602185212E0,6.529744763E0,7.102627028E0
2.819016092E1,-1.070232545E0,-3.733783994E0,7.376913341E0,8.336989328E0
2.820024092E1,-7.405510318E-1,-5.100099367E0,5.444298640E0,7.496653724E0
2.821032192E1,-6.759571329E-1,-5.343746996E0,-1.438918496E0,5.575216268E0
2.822040192E1,1.767747778E-1,-6.180568925E0,-8.099872440E0,1.019012341E1
2.823048192E1,2.806159556E-1,-1.793722864E0,-1.181970205E0,2.166388837E0
2.824056192E1,5.966872343E-1,2.194750641E0,7.150606799E-1,2.384172353E0
2.825064292E1,1.532056309E0,1.239463099E0,-2.665540963E0,3.314901799E0
2.826072292E1,1.902997384E0,-8.238250306E-1,-4.174911976E-1,2.115274362E0
2.827080292E1,3.364578226E0,-1.927378519E0,3.757509656E0,5.399449362E0
2.828088292E1,3.409452098E0,-2.197238777E0,5.978378640E0,7.224488426E0
2.829096392E1,1.805256643E0,-1.735273511E0,4.457945865E0,5.113062393E0
2.830104392E1,-4.135566793E-1,1.970160111E-1,5.563887649E0,5.582713516E0
2.831112392E1,-2.149124233E0,1.313143279E0,1.069081755E1,1.098347213E1
2.832120392E1,-8.345962597E-1,3.443323849E0,9.550010573E0,1.018605576E1
2.833128492E1,1.809591549E-1,2.673329455E0,6.112311453E0,6.673813594E0
2.834136492E1,1.467398383E0,9.634773711E-1,2.870822087E0,3.364991250E0
2.835144492E1,1.548620886E0,3.488280020E-1,2.759184707E0,3.183238582E0
2.836152492E1,4.634860172E-1,-1.972162051E0,2.572480187E0,3.274430754E0
2.837160592E1,-4.145258918E-1,-1.882242400E0,2.476085914E0,3.137781002E0
2.838168592E1,-9.766142374E-1,-1.597780036E0,5.023028387E0,5.360736012E0
2.839176592E1,1.054032341E-1,-2.856128619E0,4.863794671E0,5.641372097E0
2.840184592E1,6.567117535E-1,-1.983397476E0,3.626180023E0,4.185011044E0
2.841192692E1,2.017272772E-1,-1.303153457E0,3.523490052E0,3.762164932E0
2.842200692E1,1.116287189E-1,-1.597098835E0,3.671104766E0,4.005021331E0
2.843208692E1,-6.451876223E-2,-1.688945437E0,2.972681753E0,3.419581285E0
2.844216683E1,-6.765254091E-1,-1.365482145E0,2.405327003E0,2.847424469E0
2.845224783E1,-1.173609856E0,-1.265768992E0,2.592206939E0,3.114332681E0
2.846232783E1,-1.226728887E0,-1.158793158E0,3.113330094E0,3.541255373E0
2.847240783E1,-9.236393407E-1,-1.099541202E0,3.573810605E0,3.851522132E0
2.848248783E1,5.623751516E-1,-1.217516526E0,2.777767743E0,3.084575487E0
2.849256883E1,1.577938387E0,-6.564912403E-1,3.450191111E0,3.850284276E0
2.850264883E1,1.759857545E0,-1.031792730E-1,3.368164616E0,3.801615107E0
2.851272883E1,2.213089848E0,-8.792092726E-1,2.836070330E0,3.703251347E0
2.852280883E1,2.402631583E0,-1.327838355E0,1.735503307E0,3.247732278E0
2.853288983E1,7.066378389E-1,-3.006577258E-1,1.115431815E0,1.354223112E0
2.854296983E1,-9.017004414E-1,9.847921532E-1,-1.548962510E-1,1.344199434E0
2.855304983E1,-1.177646189E0,5.415740473E-1,-8.163414717E-2,1.298775242E0
2.856312983E1,-1.002164158E0,5.717057363E-1,-7.669681674E-1,1.385431564E0
2.857321083E1,-4.156203444E-1,4.112864247E-1,-9.762049323E-1,1.137924806E0
2.858329083E1,-2.405920934E-1,2.202732383E-1,-3.044095552E-1,4.461726484E-1
2.859337083E1,-2.809162832E-1,-5.811160259E-2,7.937326276E-1,8.439800950E-1
2.860345083E1,-3.777893342E-1,-3.667766152E-1,1.720720961E0,1.799480617E0
2.861353183E1,-5.200413102E-1,4.704790313E-2,1.473623475E0,1.563400977E0
2.862361183E1,-7.066183969E-1,4.416534276E-1,4.814258230E-1,9.623607078E-1
2.863369183E1,-1.069794516E0,6.319284761E-1,-4.279243845E-1,1.314120689E0
2.864377183E1,-1.358712385E0,5.921194625E-1,-1.900576637E0,2.410165213E0
2.865385283E1,-1.747897358E0,4.337545701E-1,-3.231295331E0,3.699264483E0
2.866393283E1,-1.999649228E0,8.202415645E-2,-3.935418794E0,4.415070336E0
2.867401283E1,-1.942148586E0,4.689481571E-2,-4.287656819E0,4.707243487E0
2.868409283E1,-1.784135769E0,4.064831563E-1,-4.339432159E0,4.709462863E0
2.869417383E1,-1.661356519E0,5.800348757E-1,-3.787749116E0,4.176552323E0
2.870425383E1,-1.702287468E0,1.056198789E0,-3.237835441E0,3.807481694E0
2.871433383E1,-1.409552902E0,1.151129359E0,-2.576232930E0,3.154189959E0
2.872441383E1,-8.786593419E-1,7.304476279E-1,-1.884442999E0,2.203797040E0
2.873449483E1,-4.496912295E-1,8.221863119E-2,-1.847662843E0,1.903375971E0
2.874457483E1,-6.166048242E-1,-3.563706178E-1,-2.168478516E0,2.282433044E0
2.875465483E1,-1.232431969E0,-4.481686876E-1,-2.556598565E0,2.873315150E0
2.876473483E1,-1.726606622E0,-1.345064344E-1,-3.437824835E0,3.849402811E0
2.877481583E1,-1.743991125E0,2.644039655E-1,-4.366743334E0,4.709550068E0
2.878489583E1,-1.806881146E0,6.430272223E-1,-4.646156042E0,5.026437053E0
2.879497583E1,-1.915316444E0,1.203922919E0,-4.658348656E0,5.178617545E0
2.880505583E1,-1.837093416E0,1.296811421E0,-4.162427586E0,4.731007872E0
2.881513683E1,-1.411059729E0,1.180443497E0,-3.431162517E0,3.893252192E0
2.882521683E1,-7.467351933E-1,1.068199103E0,-2.756181577E0,3.048802988E0
2.883529683E1,-5.064644775E-1,8.577482370E-1,-2.290275434E0,2.497518742E0
2.884537683E1,-7.755495411E-1,3.059668880E-1,-1.698827816E0,1.892381773E0
2.885545783E1,-1.365374556E0,-2.916918977E-1,-6.590548790E-1,1.543918772E0
2.886553783E1,-1.972867957E0,-1.038851051E-1,-4.842377490E-1,2.034081190E0
2.887561783E1,-2.125548259E0,4.818839889E-1,-1.428067818E0,2.605675588E0
2.888569783E1,-1.782114825E0,8.826385184E-1,-2.471578880E0,3.172331345E0
2.889577883E1,-1.560974445E0,1.145220309E0,-3.242604430E0,3.776592944E0
2.890585883E1,-1.452084379E0,1.326260484E0,-3.451822484E0,3.972731350E0
2.891593883E1,-1.287159861E0,1.370064023E0,-3.621479446E0,4.080314855E0
2.892601883E1,-1.156055053E0,1.331081806E0,-3.998430144E0,4.369861059E0
2.893609983E1,-1.198966599E0,1.118786435E0,-5.494596974E0,5.734091026E0
2.894617983E1,-1.241628762E0,8.009119121E-1,-4.929767051E0,5.146426435E0
2.895625983E1,-1.538109200E0,6.163213804E-1,-3.224954025E0,3.625735845E0
2.896633983E1,-1.653295840E0,5.350737342E-1,-2.504437893E0,3.048261832E0
2.897642083E1,-1.595186504E0,5.444575652E-1,-1.801859849E0,2.467337216E0
2.898650083E1,-1.375829085E0,5.727937935E-1,-1.508093981E0,2.120223068E0
2.899658083E1,-1.236119515E0,5.184396117E-1,-1.281842403E0,1.854694323E0
2.900666083E1,-1.360659069E0,5.975903367E-1,-1.134583785E0,1.869702564E0
2.901674183E1,-1.593802760E0,7.835765988E-1,-1.696066176E0,2.455776862E0
2.902682183E1,-2.128696400E0,1.112344923E0,-2.809665474E0,3.696333273E0
2.903690183E1,-3.206105233E0,8.619391557E-1,-3.810878947E0,5.054191154E0