"Time (s)","Linear Acceleration x (m/s^2)","Linear Acceleration y (m/s^2)","Linear Acceleration z (m/s^2)","Absolute acceleration (m/s^2)"
1.045220834E-2,3.460434848E-1,2.507768467E-1,-5.861827844E-1,7.254277200E-1
2.053220835E-2,7.528307694E-1,-1.770607066E-1,-6.625485903E-1,1.018368939E0
3.061220836E-2,6.376102155E-1,-3.271207255E-1,-7.440570223E-1,1.033041920E0
4.069220833E-2,2.954656541E-1,-2.873295459E-1,-4.394860840E-1,6.024999907E-1
5.077220834E-2,-6.864631176E-2,-1.146443108E-1,2.854376793E-1,3.151671031E-1
6.085120834E-2,-1.822144425E-1,1.438575849E-1,9.170176613E-1,9.459484653E-1
7.093120835E-2,-1.970745564E-1,2.543117809E-1,9.852049667E-1,1.036408071E0
8.101120836E-2,-2.277326775E-1,1.719552103E-1,5.809781778E-1,6.472761465E-1
9.109120833E-2,-2.685555983E-1,9.577593058E-2,2.156043828E-1,3.574638277E-1
1.011712083E-1,-1.810268730E-1,8.434462398E-2,1.362132275E-1,2.417411585E-1
1.112512083E-1,-6.940411091E-2,1.222258106E-1,1.556154585E-1,2.096956135E-1
1.213312084E-1,-9.205330074E-2,1.287723532E-1,1.408196640E-1,2.118638877E-1
1.314112083E-1,-2.136666155E-1,1.419627947E-1,2.063581806E-1,3.292272108E-1
1.414912083E-1,-3.312915444E-1,1.382623842E-1,1.701761949E-1,3.972788839E-1
1.515712083E-1,-2.910673785E-1,2.710798413E-2,2.570950556E-1,3.892979954E-1
1.616512084E-1,-1.646821511E-1,-1.984603465E-2,6.460097408E-1,6.669652624E-1
1.717312083E-1,-9.459450066E-2,1.527014986E-1,5.194502664E-1,5.496311913E-1
1.818112083E-1,-8.483081996E-2,8.501763850E-2,4.805616045E-1,4.953420259E-1
1.918912083E-1,-3.863723159E-2,7.034902096E-2,8.355068904E-1,8.393530749E-1
2.019702083E-1,-4.123339534E-2,4.400526792E-2,1.645880109E0,1.646984514E0
2.120502084E-1,-1.007527882E-1,3.200473487E-3,2.218428941E0,2.220717977E0
2.221302083E-1,-6.589110374E-2,-1.968204948E-1,2.406019313E0,2.414955254E0
2.322102083E-1,3.065209848E-1,1.639626512E-1,2.857126154E0,2.878195394E0
2.422902083E-1,4.926477993E-1,2.553215951E-1,3.742220356E0,3.783134173E0
2.523702084E-1,-4.078023612E-2,-5.554729155E-1,2.529410182E0,2.590005609E0
2.624537084E-1,-5.634388697E-1,-1.431964402E0,1.803135712E0,2.370502859E0
2.725337083E-1,-7.788304138E-1,-1.689431048E0,9.769492829E-1,2.101233919E0
2.826137083E-1,-7.975479358E-1,-1.594842395E0,5.069582748E-1,1.853810041E0
2.926937084E-1,-6.536105365E-1,-1.511767201E0,2.877452829E-1,1.671958179E0
3.027737084E-1,-4.184793770E-1,-1.426274184E0,-1.740435433E-1,1.496554106E0
3.128537083E-1,-1.909431660E-1,-1.320044602E0,-5.682207227E-2,1.334992805E0
3.229337083E-1,-1.965360278E-1,-1.158325235E0,3.928603864E-1,1.238823249E0
3.330127083E-1,-4.424745959E-1,-9.478511989E-1,4.074822262E-1,1.122607424E0
3.430927084E-1,-9.629124570E-1,-1.119224319E0,2.110827309E-1,1.491448757E0
3.531727084E-1,-1.658881978E0,-2.408157640E0,3.686555448E-1,2.947375026E0
3.632527083E-1,-1.549437888E0,-3.700794003E0,3.468670651E-2,4.012211010E0
3.733327083E-1,-1.119893240E0,-3.919861107E0,-5.852501535E-1,4.118493621E0
3.834127084E-1,-1.260248635E0,-4.015703403E0,-4.810708970E-1,4.236216432E0
3.934927084E-1,-1.427085485E0,-4.642028493E0,-6.284559609E-1,4.896933572E0
4.035727083E-1,-1.526075923E0,-5.803755637E0,-1.223471988E0,6.124489442E0
4.136527083E-1,-2.144974464E0,-6.606597642E0,-8.432029957E-1,6.997073613E0
4.237327084E-1,-2.338158867E0,-6.924414863E0,-4.918503121E-1,7.325054595E0
4.338127084E-1,-2.173583136E0,-7.387818398E0,1.287580276E-1,7.702006424E0
4.438927083E-1,-2.102866325E0,-6.680204732E0,9.941645090E-1,7.073580784E0
4.539727083E-1,-1.479423913E0,-4.710940853E0,1.847932985E0,5.272240050E0
4.640517083E-1,-1.594477236E-2,-1.924443802E0,2.142163415E0,2.879687878E0
4.741317084E-1,2.749154393E0,2.610606372E-1,1.750447913E0,3.269567315E0
4.842117084E-1,5.296816658E0,3.350934041E0,9.430930272E-1,6.338331808E0
4.942917083E-1,6.325720206E0,8.385988396E0,-3.158015393E0,1.096870998E1
5.043717083E-1,4.987405395E0,9.037935984E0,-1.023483881E1,1.453652038E1
5.144517084E-1,-1.155795144E0,5.550611545E0,-1.220319637E1,1.345597089E1
5.245317084E-1,-5.452251438E0,4.548769496E0,-6.580482223E0,9.680965652E0
5.346117083E-1,-6.702294928E0,6.405953361E0,-8.753764227E-1,9.312533471E0
5.446917083E-1,-6.791335158E0,6.862774685E0,9.849912509E-1,9.705159317E0
5.547717084E-1,-5.416030861E0,6.158636604E0,-8.455711180E-1,8.244827810E0
5.648517084E-1,-1.717789167E0,3.914992130E0,-2.508144735E0,4.956687706E0
5.749317083E-1,3.801280743E-1,3.389635007E0,-1.980995440E0,3.944422108E0
5.850117083E-1,4.462606680E-1,2.268130274E0,-4.395349082E-1,2.353030909E0
5.950907083E-1,7.639931041E-1,1.928774250E-1,1.145104388E0,1.390018425E0
6.051707084E-1,7.819990200E-1,-2.220427519E-1,2.020594246E0,2.177986813E0
6.152507084E-1,-2.931519109E-1,3.917885917E-1,1.855096116E0,1.918545789E0
6.253307083E-1,-2.944944316E-1,7.477928084E-1,1.095301021E0,1.358530596E0
6.354107083E-1,1.444809566E0,-6.715685052E-1,7.165996671E-2,1.594871182E0
6.454907084E-1,1.568888066E0,-6.965647674E-1,-1.843665102E-1,1.726442368E0
6.555707084E-1,1.018318918E0,-3.759478998E-1,1.032145537E0,1.497876715E0
6.656507083E-1,1.037273253E0,-8.314161783E-1,1.345233530E0,1.891254058E0
6.757307083E-1,1.069535265E0,-1.574987297E0,6.004002893E-1,1.996239258E0
6.858107084E-1,1.909538080E0,-1.221645902E0,-1.889811328E-1,2.274745756E0
6.958907084E-1,7.056992877E-1,-4.270981729E-1,-7.509994215E-1,1.115537747E0
7.059707083E-1,2.651893562E-1,1.047445069E0,-3.929296759E-1,1.149721835E0
7.160507083E-1,6.177267587E-1,9.926987582E-1,-4.077927133E-1,1.238277865E0
7.261297083E-1,8.745025563E-1,6.254649639E-2,5.607742935E-2,8.785280094E-1
7.362097084E-1,-1.455688895E0,5.730031604E-1,-6.448601782E-2,1.565733447E0
7.462897084E-1,-1.912097406E0,6.600687861E-2,1.412339392E-1,1.918442186E0
7.563697083E-1,-5.271533883E-1,-3.342227536E-1,-1.272837983E0,1.417643141E0
7.664497083E-1,1.356303186E0,2.968046665E-2,-2.432821780E0,2.785509124E0
7.765297084E-1,4.212296734E0,-1.574042972E0,-1.280015148E0,4.675413760E0
7.866097084E-1,7.445260275E0,-3.942147185E0,7.494646735E-1,8.457784715E0
7.966897083E-1,9.870784146E0,-5.834941177E0,3.193857655E0,1.190292590E1
8.067697083E-1,8.637609288E0,-5.713248925E0,3.956579575E0,1.108620897E1
8.168497084E-1,5.670039171E0,-3.329816236E0,-7.002841812E-1,6.612671042E0
8.269297084E-1,-3.055142112E0,2.132963113E0,-1.235815694E1,1.290765153E1
8.370097083E-1,-1.721608101E1,1.152552045E1,-1.001321998E1,2.301077229E1
8.470887083E-1,-1.481197490E1,6.790397850E0,2.053719015E-1,1.629559085E1
8.571687083E-1,-1.033402396E0,-4.362314653E0,2.943325807E0,5.362916785E0
8.672487084E-1,1.704128317E0,-3.536158630E0,5.675601043E0,6.900791141E0
8.773287084E-1,-2.444468265E0,-3.041953132E0,6.056858214E0,7.205167269E0
8.874087083E-1,-5.337294593E0,-1.523355213E0,-3.170214146E0,6.391993618E0
8.974887083E-1,-2.990537980E0,6.001266396E-1,-3.812593936E0,4.882554855E0
9.075687084E-1,-8.962249625E-1,-1.414137411E0,2.427401558E0,2.948776377E0
9.176487084E-1,-9.853961706E-1,-1.147358782E0,1.357543673E0,2.032329356E0
9.277287083E-1,1.552562640E0,-1.228110584E0,1.919722760E-1,1.988858897E0
9.378087083E-1,4.528539884E0,-3.384767784E0,-1.300370475E0,5.801317937E0
9.478887084E-1,3.014175349E0,-3.294062852E0,-1.940012598E-1,4.469198988E0
9.579687084E-1,-1.256001218E0,-5.359183645E-1,1.139775528E0,1.778717461E0
9.680477084E-1,-2.459797325E0,-7.888303220E-2,9.389739561E-1,2.634102789E0
9.781277083E-1,-2.052524722E0,-1.900383094E0,5.570396769E-1,2.852123216E0
9.882077083E-1,-2.019065784E0,-3.706630109E0,1.063710269E0,4.352839641E0
9.982877084E-1,-1.782487439E0,-5.759825506E0,1.279648966E0,6.163631463E0
1.008367708E0,-9.331665015E-1,-7.354050143E0,4.384616518E-1,7.425974808E0
1.018447708E0,-1.158207706E0,-6.468333212E0,-5.051890536E-1,6.590599032E0
1.028527708E0,-1.308540205E0,-4.506893492E0,-4.608937638E-1,4.715590045E0
1.038607708E0,-8.715666693E-1,-2.088466972E0,1.061261601E0,2.499519741E0
1.048687708E0,-2.448176569E-1,8.584273911E-1,5.747554247E-1,1.061685956E0
1.058767708E0,8.029747367E-2,2.608605455E0,-3.565612224E0,4.418694450E0
1.068847708E0,-8.787838876E-2,4.013828201E0,-5.558141005E-1,4.053081390E0
1.078926708E0,-6.971021265E-1,3.832154042E0,3.269108105E0,5.085117872E0
1.089006708E0,-1.294575884E0,2.167428941E0,3.579128648E0,4.379935709E0
1.099086708E0,-1.997925761E0,5.487132418E-1,2.303831180E0,3.098456337E0
1.109166708E0,-2.849603126E0,2.244804561E-1,1.318610280E0,3.147913995E0
1.119246708E0,-3.016421265E0,-4.890143394E-2,4.996574414E-1,3.057915329E0
1.129326708E0,-2.508585908E0,7.299897909E-2,-4.499502611E-1,2.549664163E0
1.139406708E0,-2.354286073E0,-3.708456194E-1,-7.110461278E-1,2.487122028E0
1.149486708E0,-1.586168928E0,-2.268781069E0,-8.015772521E-1,2.881982911E0
1.159566708E0,-1.087024579E0,-3.582684340E0,-5.855938967E-1,3.789481459E0
1.169646708E0,-1.362287811E0,-4.251366659E0,-5.107050975E-1,4.493413652E0
1.179726708E0,-1.821755877E0,-4.654860792E0,-2.778129832E-1,5.006366300E0
1.189806708E0,-2.085149846E0,-4.413820437E0,4.222262728E-1,4.899789358E0
1.199885708E0,-2.728723637E0,-4.145676482E0,1.089774817E0,5.081355659E0
1.209965708E0,-2.632659439E0,-4.597488497E0,6.410326640E-1,5.336545613E0
1.220045708E0,2.682784987E0,-6.326754579E0,-1.815152324E0,7.107737808E0
1.230125708E0,7.972049382E0,-6.476458502E0,-2.902468972E0,1.067344425E1
1.240205708E0,-8.906186521E-1,-1.341684562E0,6.863579408E-1,1.750544564E0
1.250285708E0,-4.449413900E-1,2.115426729E0,-4.824840959E-1,2.214902704E0
1.260362000E0,6.031611983E-1,3.604757579E0,-1.843042374E-1,3.659514816E0
1.270442000E0,6.219396776E-1,3.792958986E0,1.145691741E0,4.010730157E0
1.280522000E0,1.172552387E0,4.245523537E0,1.750096203E0,4.739428860E0
1.290602000E0,1.584796878E0,5.673828167E0,1.396971155E0,6.054373264E0
1.300682000E0,2.087887220E0,8.601919638E0,1.201343200E0,8.932833816E0
1.310761000E0,2.295706912E0,1.159838962E1,1.377080097E0,1.190332985E1
1.320841000E0,2.305105288E0,1.418984753E1,1.045668100E0,1.441383728E1
1.330921000E0,1.636816632E0,1.573203312E1,-1.479941793E-1,1.581764638E1
1.341001000E0,-5.321935420E-1,1.152228226E1,-2.559430372E0,1.181511330E1
1.351081000E0,-8.676114665E-1,3.691475880E-1,-3.560487725E0,3.683217674E0
1.361161000E0,-9.321148798E-2,-2.775263380E0,-1.523735282E0,3.167419205E0
1.371241000E0,4.955325231E-2,-2.203569412E0,7.265902197E-1,2.320798790E0
1.381321000E0,4.263902944E-1,-1.466194587E0,1.581108162E0,2.198053292E0
1.391401000E0,1.439135720E-1,-5.493669605E-1,1.231601372E0,1.356229004E0
1.401481000E0,1.582819350E-2,-5.414872527E-2,5.243502331E-1,5.273763202E-1
1.411561000E0,8.142730191E-2,-1.223050404E-1,3.578694785E-1,3.868584909E-1
1.421641000E0,-1.128413949E-1,1.000481987E-1,3.275621903E-1,3.606103312E-1
1.431720000E0,-1.516107005E-1,1.516247338E-1,1.517714989E-1,2.626984056E-1
1.441800000E0,6.385671124E-2,4.886167288E-2,-1.913922322E-1,2.075960722E-1
1.451880000E0,1.749088582E-1,1.657592082E-1,-6.640612650E-1,7.064322950E-1
1.461960000E0,1.444512235E-1,2.490375924E-1,-8.080185449E-1,8.577761056E-1
1.472040000E0,1.880797845E-1,2.564319813E-1,-6.966676784E-1,7.658180074E-1
1.482120000E0,1.153209798E-1,1.271295780E-1,-6.538789237E-1,6.760314377E-1
1.492200000E0,6.764263719E-2,7.552088320E-2,-6.107364124E-1,6.190944157E-1
1.502280000E0,-4.008617163E-2,7.346792579E-2,-7.007700849E-1,7.057500614E-1
1.512360000E0,-8.035645746E-2,-6.378727555E-3,-7.585844296E-1,7.628552846E-1
1.522440000E0,1.207442723E-1,-1.920126218E-1,-6.926389468E-1,7.288324477E-1
1.532520000E0,4.730113142E-1,-3.043955219E-1,-6.020977360E-1,8.239648177E-1
1.542599000E0,1.051584751E0,-5.298928088E-1,-2.422302639E-1,1.202203136E0
1.552679000E0,1.551530607E0,-7.122698039E-1,1.354887666E-1,1.712580714E0
1.562759000E0,1.962733709E0,-5.682686698E-1,1.657597929E-1,2.050055902E0
1.572839000E0,2.228876600E0,-2.856744915E-1,-6.603260636E-2,2.248079428E0
1.582919000E0,2.306130451E0,-1.465481812E-1,-3.268821591E-1,2.333787902E0
1.592999000E0,2.265298760E0,-1.869968802E-1,-4.259059256E-1,2.312561818E0
1.603079000E0,2.119781589E0,-1.531169432E-1,-4.191038597E-1,2.166233327E0
1.613159000E0,1.924022510E0,-2.652694631E-1,-4.360806656E-1,1.990577015E0
1.623239000E0,1.720642608E0,-5.499066585E-1,-5.445336521E-1,1.886670405E0
1.633319000E0,1.740372576E0,-6.162708020E-1,-7.019465446E-1,1.975200080E0
1.643399000E0,1.625034785E0,-1.056603563E-1,-9.058494794E-1,1.863455243E0
1.653478000E0,1.374872919E0,-6.646120727E-2,-1.074849799E0,1.746423410E0
1.663558000E0,1.266398737E0,-4.064499003E-1,-1.172552095E0,1.773089309E0
1.673638000E0,1.197037603E0,-5.487857473E-1,-1.039711542E0,1.677815517E0
1.683718000E0,1.185334693E0,-5.166365862E-1,-5.230620915E-1,1.394821010E0
1.693798000E0,1.080934485E0,-6.489736944E-1,-2.035778479E-1,1.277117910E0
1.703878000E0,9.192321481E-1,-5.867511338E-1,-1.680491606E-2,1.090663578E0
1.713958000E0,9.467029519E-1,-7.496674258E-1,2.091022789E-2,1.207760310E0
1.724038000E0,9.836933883E-1,-8.947877169E-1,-1.297660510E-1,1.336090180E0
1.734118000E0,1.039502504E0,-7.633990270E-1,-2.560969359E-1,1.314887512E0
1.744198000E0,1.087793488E0,-2.786777133E-1,-3.031833941E-1,1.163132027E0
1.754278000E0,1.082812903E0,2.597023290E-1,-4.349597909E-1,1.195457696E0
1.764357000E0,9.677580446E-1,7.045719445E-1,-4.820731097E-1,1.290492829E0
1.774437000E0,9.629579191E-1,8.956969589E-1,-2.526681286E-1,1.339179667E0
1.784517000E0,9.080021319E-1,1.003943539E0,-2.582820769E-1,1.378071163E0
1.794597000E0,8.891649612E-1,1.225148385E0,-4.138111062E-3,1.513809769E0
1.804677000E0,8.560675279E-1,1.546379210E0,5.883093802E-1,1.862860220E0
1.814757000E0,6.368858186E-1,1.853667349E0,8.418359166E-1,2.133165230E0
1.824837000E0,6.084469351E-1,1.629603800E0,7.145853013E-1,1.880544700E0
1.834917000E0,4.074843458E-1,1.497732714E0,4.426973748E-1,1.614071789E0
1.844997000E0,4.490149259E-1,1.319762766E0,1.674981701E-1,1.404081123E0
1.855077000E0,1.582289885E0,1.797083259E-2,-7.985191584E-2,1.584405427E0
1.865157000E0,2.767059737E0,-8.431930554E-1,-2.861687640E-2,2.892820949E0
1.875236000E0,2.720240496E0,-1.766554946E-1,4.185435137E-2,2.726291861E0
1.885316000E0,1.783439804E0,1.599517536E-1,-3.951279366E-1,1.833676140E0
1.895396000E0,5.943649395E-1,3.327071553E-1,-8.367780751E-1,1.078963058E0
1.905476000E0,-9.315878995E-2,3.989479226E-1,-9.997645336E-1,1.080447652E0
1.915556000E0,-3.381178033E-1,2.504619741E-1,-8.376130575E-1,9.373635813E-1
1.925636000E0,-2.451395461E-1,2.181151772E-1,-4.224016893E-1,5.348745785E-1
1.935716000E0,6.589673169E-2,1.244766963E-1,-1.060772810E-1,1.763213450E-1
1.945796000E0,2.268710902E-1,-1.527971005E-1,1.030349382E-1,2.922903420E-1
1.955876000E0,1.782011329E-1,-3.576455301E-1,5.310546505E-1,6.645938691E-1
1.965956000E0,6.529008307E-2,-2.911164951E-1,7.625950348E-1,8.188789873E-1
1.976036000E0,-2.576253249E-1,-1.115017247E-1,6.833471364E-1,7.387602801E-1
1.986115000E0,-4.727411728E-1,2.775673270E-2,3.998098022E-1,6.197600589E-1
1.996195000E0,-4.174318483E-1,3.912255049E-2,1.364237273E-1,4.408983503E-1
2.006275000E0,-3.300636292E-1,1.627636796E-1,-1.116315512E-1,3.845719931E-1
2.016355000E0,-2.514930575E-1,2.956714761E-1,-3.108759910E-1,4.973070094E-1
2.026435000E0,-2.675648972E-1,4.518511909E-1,-3.604703200E-1,6.369453073E-1
2.036515000E0,-3.671131224E-1,5.043404764E-1,-2.220871907E-1,6.621586525E-1
2.046595000E0,-4.537251505E-1,4.637350720E-1,-2.737531883E-1,7.041715254E-1
2.056675000E0,-5.808614527E-1,4.304211456E-1,-4.605372298E-1,8.571796369E-1
2.066755000E0,-7.054898112E-1,3.655381018E-1,-5.404476178E-1,9.609462030E-1
2.076835000E0,-7.802579384E-1,2.400825816E-1,-5.305763483E-1,9.736289631E-1
2.086915000E0,-8.352529751E-1,4.043174207E-2,-5.055876875E-1,9.771904461E-1
2.096994000E0,-8.376158349E-1,-7.589042723E-2,-5.351500038E-1,9.968676795E-1
2.107074000E0,-8.417169258E-1,-1.601833034E-1,-6.210900041E-1,1.058252743E0
2.117154000E0,-7.783809091E-1,-1.679413891E-1,-7.538499391E-1,1.096526735E0
2.127234000E0,-6.951688908E-1,-8.863034070E-2,-7.707331165E-1,1.041702770E0
2.137314000E0,-6.385613383E-1,-1.691599488E-2,-8.105772865E-1,1.032028232E0
2.147394000E0,-5.905773325E-1,-1.313693941E-2,-9.088444964E-1,1.083952251E0
2.157474000E0,-5.335265610E-1,8.144703627E-2,-9.771703076E-1,1.116309106E0
2.167554000E0,-5.645525085E-1,1.976902682E-1,-7.025241765E-1,9.226815244E-1
2.177634000E0,-6.411944126E-1,3.720302653E-1,-3.298051822E-1,8.113619730E-1
2.187714000E0,-7.211637112E-1,4.692823255E-1,-1.214550014E-1,8.689386151E-1
2.197794000E0,-7.553215371E-1,3.555446255E-1,-4.001615122E-2,8.357774210E-1
2.207873000E0,-7.418887286E-1,1.292608881E-1,1.948724949E-1,7.778705240E-1
2.217953000E0,-7.051662409E-1,-1.318371713E-2,5.035633814E-1,8.666079372E-1
2.228033000E0,-6.772287561E-1,-1.578602046E-1,7.461865783E-1,1.019976981E0
2.238113000E0,-6.505437449E-1,-8.816373289E-2,7.700069654E-1,1.011874861E0
2.248193000E0,-6.742197789E-1,2.495182335E-2,6.156580138E-1,9.133617541E-1
2.258273208E0,-5.657675964E-1,2.189758873E-1,1.173441164E-1,6.179102314E-1
2.268353208E0,-1.593056363E-1,4.690794271E-1,-6.710194516E-1,8.340748762E-1
2.278433208E0,5.785111644E-1,5.396266687E-1,-1.507888159E0,1.702820838E0
2.288513208E0,1.242436262E0,5.151192337E-1,-1.450318081E0,1.977983374E0
2.298593208E0,1.662404633E0,5.405891204E-1,-4.813638425E-1,1.813156615E0
2.308673208E0,1.970088044E0,6.253088433E-1,4.308672881E-1,2.111375066E0
2.318752208E0,2.166707395E0,6.177571642E-1,7.358628805E-1,2.370177003E0
2.328832208E0,2.300078291E0,5.207425010E-1,6.754142189E-1,2.453103598E0
2.338912208E0,2.203267549E0,4.824064010E-1,4.806500436E-1,2.306106739E0
2.348992208E0,1.774007222E0,1.080512828E-1,3.923822303E-1,1.820093547E0
2.359072208E0,8.448814389E-1,-5.580237633E-1,6.283381395E-1,1.191647592E0
2.369152208E0,-4.329000726E-2,-9.525430048E-1,4.370686989E-1,1.048923852E0
2.379232208E0,-6.710931265E-1,-1.058903857E0,-2.886770368E-2,1.253984333E0
2.389312208E0,-1.277172378E0,-1.335179535E0,-3.136763687E-1,1.874104196E0
2.399392208E0,-1.710205913E0,-1.596583403E0,-6.682478714E-1,2.433195029E0
2.409472208E0,-1.976966270E0,-1.773651127E0,-1.084426077E0,2.868834932E0
2.419551208E0,-2.013410065E0,-1.814312664E0,-1.432461708E0,3.065533735E0
2.429631208E0,-1.608723246E0,-1.754297428E0,-1.698454764E0,2.924089351E0
2.439711208E0,-7.803419191E-1,-1.841523267E0,-1.734615992E0,2.647458044E0
2.449791208E0,-3.767361045E-2,-1.901677083E0,-1.607571345E0,2.490397690E0
2.459871208E0,4.775346471E-1,-1.906974660E0,-1.169077387E0,2.287210885E0
2.469951208E0,1.036461367E0,-1.811022436E0,-6.950548701E-1,2.199353473E0
2.480031208E0,1.601675305E0,-1.525818645E0,-8.246969967E-1,2.360849732E0
2.490111208E0,1.993215244E0,-1.418340390E0,-1.187857474E0,2.719485585E0
2.500191208E0,2.033557377E0,-1.789653202E0,-1.143505905E0,2.940377517E0
2.510271208E0,1.805965618E0,-2.689650788E0,-5.774172235E-1,3.290766449E0
2.520351208E0,1.733859508E0,-3.528299387E0,-1.761111188E-1,3.935248466E0
2.530430208E0,1.740162807E0,-4.059927065E0,-2.479943030E-1,4.424101665E0
2.540510208E0,1.748669482E0,-4.134870243E0,-6.603000435E-1,4.537729943E0
2.550590208E0,1.783434249E0,-3.879458016E0,-1.168231441E0,4.426691419E0
2.560670208E0,1.849229897E0,-3.258510611E0,-1.182033063E0,3.928707774E0
2.570750208E0,1.776676915E0,-2.606269493E0,-8.139157543E-1,3.257557426E0
2.580830208E0,1.642254835E0,-1.977901386E0,-9.391540504E-1,2.736988339E0
2.590910208E0,1.502769360E0,-1.081408036E0,-1.608555870E0,2.452592725E0
2.600990208E0,1.203333154E0,8.712175906E-2,-1.718280187E0,2.099544637E0
2.611070208E0,6.549629974E-1,1.673407046E0,-1.106798401E0,2.110514243E0
2.621150208E0,6.690413386E-2,3.889411731E0,-4.365366022E-1,3.914404678E0
2.631230208E0,-3.121438135E-1,6.864763323E0,-2.296856475E-1,6.875693764E0
2.641309208E0,-6.284974761E-1,1.011595205E1,-1.721455371E-1,1.013691911E1
2.651389208E0,-1.221801438E0,1.138226951E1,2.724553987E-1,1.145089909E1
2.661469208E0,-2.145250891E0,6.766088635E0,9.118963775E-1,7.156368619E0
2.671549208E0,-2.873236110E0,-5.037341201E-1,1.063221149E0,3.104782282E0
2.681629208E0,-3.261572213E0,-3.622016221E0,1.241020944E0,5.029611097E0
2.691709208E0,-3.589444598E0,-3.981926377E0,1.889130274E0,5.684071023E0
2.701789208E0,-3.672218075E0,-2.514824887E0,2.886346737E0,5.304764584E0
2.711869208E0,-3.532082536E0,-6.747967529E-1,3.681468955E0,5.146277428E0
2.721949208E0,-3.323612925E0,5.245537162E-3,3.926086053E0,5.143985039E0
2.732029208E0,-3.129414030E0,1.067029148E-1,3.742054296E0,4.879302003E0
2.742108208E0,-2.964134001E0,2.082865924E-1,3.063592508E0,4.267911988E0
2.752188208E0,-2.646920505E0,6.350848031E-1,2.307105474E0,3.568228768E0
2.762268208E0,-2.055670231E0,1.468370921E0,1.723261138E0,3.058025868E0
2.772348208E0,-1.108469097E0,2.102372235E0,1.291560037E0,2.704958425E0
2.782428208E0,-7.662556842E-3,2.066038806E0,1.356175278E0,2.471393625E0
2.792508208E0,7.781255320E-1,1.466830180E0,1.986234984E0,2.588860663E0
2.802588208E0,1.111444014E0,7.911990291E-1,2.566970941E0,2.906999056E0
2.812668208E0,1.090804146E0,1.721993315E-1,2.678859751E0,2.897549976E0
2.822748208E0,8.424229040E-1,-2.175614458E-1,2.427548761E0,2.578759842E0
2.832828208E0,3.841621415E-1,-5.320814216E-1,1.971908136E0,2.078247552E0
2.842908208E0,3.359510444E-2,-5.681640047E-1,1.492817399E0,1.597636615E0
2.852987208E0,-1.557361304E-1,-6.134214538E-1,1.139198992E0,1.303193756E0
2.863067208E0,-8.174100503E-2,-5.300325572E-1,8.771454978E-1,1.028105212E0
2.873147208E0,1.501423185E-1,-3.580402172E-1,6.188587797E-1,7.305625928E-1
2.883227208E0,3.422948349E-1,-1.722823620E-2,6.727174830E-1,7.549909788E-1
2.893307208E0,4.617447529E-1,4.274045670E-1,7.681113712E-1,9.929138730E-1
2.903387208E0,4.872652911E-1,5.566403121E-1,7.956751458E-1,1.086450569E0
2.913467208E0,4.764071578E-1,5.961347455E-1,8.515113775E-1,1.143421200E0
2.923547208E0,4.424161237E-1,4.045618343E-1,6.413062406E-1,8.778815401E-1
2.933627208E0,4.190485304E-1,2.114844346E-1,4.890201867E-1,6.778407482E-1
2.943707208E0,4.135438885E-1,6.548881531E-2,2.787777738E-1,5.030152878E-1
2.953787208E0,5.279957528E-1,-6.973623276E-2,2.432441711E-3,5.325866820E-1
2.963866208E0,7.688585722E-1,7.906897366E-2,5.830620524E-2,7.751096827E-1
2.973946208E0,9.249603729E-1,2.450842899E-1,3.724500954E-1,1.026809171E0
2.984026208E0,9.680984987E-1,2.759359539E-1,5.772464848E-1,1.160417536E0
2.994106208E0,9.314916397E-1,1.012562335E-2,5.853098317E-1,1.100166716E0
3.004186208E0,8.253093463E-1,-2.739648575E-1,4.671048224E-1,9.871064661E-1
3.014266208E0,6.914537162E-1,-4.322963476E-1,3.469503880E-1,8.862070556E-1
3.024346208E0,4.290602792E-1,-4.156955177E-1,7.186699469E-2,6.017145100E-1
3.034426208E0,3.589824960E-2,-4.120339912E-1,-3.601732814E-1,5.484391369E-1
3.044506208E0,-1.654980569E-1,-3.216775525E-1,-6.719608533E-1,7.631496859E-1
3.054586208E0,-1.033607925E-1,-4.244219023E-1,-9.178736937E-1,1.016518333E0
3.064665208E0,1.722567073E-1,-2.802576309E-1,-8.415324461E-1,9.035450021E-1
3.074745208E0,3.470720100E-1,1.330416977E-2,-4.281495023E-1,5.513147716E-1
3.084825208E0,3.697967020E-1,1.126594734E-1,8.962263146E-2,3.968299055E-1
3.094905208E0,4.080477981E-1,9.193869531E-2,3.241474164E-1,5.291760357E-1
3.104985208E0,4.515111753E-1,-2.119440258E-2,4.774310052E-1,6.574586747E-1
3.115065208E0,5.098584207E-1,-9.090783119E-2,6.831641185E-1,8.572823664E-1
3.125145208E0,4.977838473E-1,-1.884733021E-1,8.295959401E-1,9.856674734E-1
3.135225208E0,3.982950810E-1,-3.102965319E-1,8.643178761E-1,1.000983666E0
3.145305208E0,2.361577843E-1,-3.205975717E-1,7.738801610E-1,8.703124759E-1
3.155385208E0,-2.143538095E-2,-4.084455550E-1,4.756043351E-1,6.272852066E-1
3.165465208E0,-2.665826015E-1,-3.080675733E-1,1.364938939E-1,4.296539261E-1
3.175544208E0,-4.944143893E-1,-1.420236057E-1,-2.100577140E-1,5.556442532E-1
3.185624208E0,-7.693588015E-1,-3.375714540E-2,-7.790865219E-1,1.095458041E0
3.195704208E0,-8.719802868E-1,2.420098239E-1,-1.399240460E0,1.666370979E0
3.205784208E0,-6.784221728E-1,4.314157569E-1,-1.893507353E0,2.057120875E0
3.215864208E0,-3.170362519E-1,4.255071455E-1,-1.541756986E0,1.630516151E0
3.225944208E0,7.223496728E-2,4.800224912E-1,-7.218586528E-1,8.698961991E-1
3.236024208E0,3.801299746E-1,5.479554427E-1,1.024747932E-1,6.747259058E-1
3.246104208E0,5.429972231E-1,2.364403510E-1,9.284776193E-1,1.101281396E0
3.256183958E0,6.876391388E-1,-1.156813145E-2,1.620373385E0,1.760281601E0
3.266263958E0,8.209954899E-1,-1.301502496E-1,1.986792077E0,2.153674869E0
3.276343958E0,9.933589820E-1,-1.800310922E-1,2.008255452E0,2.247724009E0
3.286422958E0,1.124002810E0,-2.891541696E-1,1.600806262E0,1.977264054E0
3.296502958E0,1.196194361E0,-2.661944926E-1,8.605627942E-1,1.497434066E0
3.306582958E0,1.155343812E0,-5.123213410E-2,-7.313638866E-2,1.158789449E0
3.316662958E0,9.711193165E-1,1.947806937E-1,-8.239668256E-1,1.288384095E0
3.326742958E0,6.570109847E-1,3.636664081E-1,-1.144901782E0,1.369202973E0
3.336822958E0,3.823447537E-1,3.545681405E-1,-1.076279444E0,1.195944613E0
3.346902958E0,1.990925767E-1,1.782073456E-1,-7.927421824E-1,8.365619402E-1
3.356982958E0,1.646735264E-1,-6.823759139E-2,-6.430586511E-1,6.673066521E-1
3.367062958E0,2.574556826E-1,-2.595011848E-1,-5.424771863E-1,6.541450841E-1
3.377142958E0,4.426488429E-1,-3.054971373E-1,-5.326274785E-1,7.569402419E-1
3.387221958E0,6.266237359E-1,-3.055965400E-1,-3.977059740E-1,8.026310443E-1
3.397301958E0,8.633133245E-1,-2.066049331E-1,-1.882370746E-1,9.074297167E-1
3.407381958E0,1.015794383E0,-1.821606481E-1,-2.827333421E-1,1.070027510E0
3.417461958E0,1.144940373E0,-4.020182955E-1,-6.179490260E-1,1.361751874E0
3.427541958E0,1.118470978E0,-6.010604399E-1,-9.818779740E-1,1.605096675E0
3.437621958E0,1.023279111E0,-5.699134916E-1,-1.342292819E0,1.781474541E0
3.447701958E0,9.994881796E-1,-3.880422807E-1,-1.701301188E0,2.010964735E0
3.457781958E0,1.025961083E0,-7.262709618E-2,-2.027845379E0,2.273769495E0
3.467861958E0,1.166046702E0,2.950721365E-1,-2.218925369E0,2.523957661E0
3.477941958E0,1.609035634E0,6.434527534E-1,-2.528980996E0,3.065741671E0
3.488021958E0,2.282886892E0,1.164527961E0,-2.682962742E0,3.710254305E0
3.498100958E0,2.632494547E0,1.721658854E0,-2.100251450E0,3.782220631E0
3.508180958E0,2.698298820E0,2.001396668E0,-6.504641497E-1,3.421915948E0
3.518260958E0,2.778162138E0,1.966181227E0,8.811601230E-1,3.515749798E0
3.528340958E0,2.762814951E0,1.585298862E0,1.778490282E0,3.648197722E0
3.538420958E0,2.962912810E0,1.007968177E0,1.845165498E0,3.633109946E0
3.548500958E0,3.488735664E0,6.458851951E-1,1.213179646E0,3.749699864E0
3.558580958E0,3.825044120E0,7.081399155E-1,3.549130531E-1,3.906198655E0
3.568660958E0,3.645098104E0,7.161172718E-1,-1.202110793E-1,3.716720980E0
3.578740958E0,2.538857236E0,8.931469882E-1,-1.380685490E-1,2.694915681E0
3.588820958E0,1.135423445E0,9.909849393E-1,-7.265785253E-1,1.673067214E0
3.598900958E0,2.459393721E-3,5.836474317E-1,-1.504685054E0,1.613916815E0
3.608979958E0,-1.047843118E0,2.524026650E-1,-1.571142753E0,1.905300988E0
3.619059958E0,-1.849750007E0,1.416838825E-2,-1.089850319E0,2.146986155E0
3.629139958E0,-2.274962014E0,-1.071256685E-1,-7.395237491E-1,2.394540342E0
3.639219958E0,-2.403246710E0,-1.626081437E-1,-5.358955604E-1,2.467634537E0
3.649299958E0,-2.516572035E0,-5.236830658E-1,-2.930630332E-1,2.587134458E0
3.659379958E0,-2.619841172E0,-1.042505341E0,2.630230359E-1,2.831883873E0
3.669459958E0,-2.621636268E0,-1.195784837E0,6.498040722E-1,2.953831991E0
3.679539958E0,-2.359848529E0,-7.109114957E-1,1.185003814E0,2.734687235E0
3.689619958E0,-1.762036510E0,-2.078316790E-1,1.490376917E0,2.317151273E0
3.699699958E0,-9.049493737E-1,-8.578917861E-2,1.335825067E0,1.615772806E0
3.709778958E0,-2.110654816E-1,2.915825182E-1,9.700975887E-1,1.034726212E0
3.719858958E0,2.649249342E-1,9.971788949E-1,5.530670055E-1,1.170655407E0
3.729938958E0,5.965543197E-1,1.318561748E0,4.812430244E-2,1.448032488E0
3.740018958E0,7.476559836E-1,1.220503941E0,-5.031184814E-1,1.517151128E0
3.750098958E0,4.919923629E-1,8.349046272E-1,-8.436409521E-1,1.284854964E0
3.760178958E0,-5.518437680E-2,4.692367172E-1,-9.305855405E-1,1.043656007E0
3.770258958E0,-3.158758355E-1,1.836318076E-1,-1.005628121E0,1.069946776E0
3.780338958E0,-2.986402171E-1,-8.814326763E-2,-1.120719452E0,1.163171228E0
3.790418958E0,-1.131056160E-1,-3.060923839E-1,-1.292773772E0,1.333322712E0
3.800498958E0,1.354025476E-1,-4.013254005E-1,-1.413131690E0,1.475241370E0
3.810578958E0,3.289287211E-1,-4.458601338E-1,-1.385077919E0,1.491786246E0
3.820657958E0,3.877750264E-1,-3.473544306E-1,-1.182279523E0,1.291824076E0
3.830737958E0,4.506990336E-1,-2.335559195E-1,-1.203870952E0,1.306515692E0
3.840817958E0,5.151673271E-1,-2.620149028E-1,-1.198720724E0,1.330781935E0
3.850897958E0,5.577196715E-1,-4.199604768E-1,-9.671768314E-1,1.192832368E0
3.860977958E0,5.910493855E-1,-4.466939467E-1,-7.002613771E-1,1.019431633E0
3.871057958E0,6.822920063E-1,-4.400556028E-1,-4.549344277E-1,9.306646275E-1
3.881137958E0,9.161112698E-1,-3.174587864E-1,-1.971412146E-1,9.893960775E-1
3.891217958E0,1.060094789E0,-2.411461902E-1,4.334891796E-2,1.088040245E0
3.901297958E0,1.213441820E0,-2.148003906E-1,1.682981241E-1,1.243746163E0
3.911377958E0,1.411646205E0,-2.958679426E-1,-2.304048916E-1,1.460605786E0
3.921457958E0,1.742930586E0,-3.843971264E-1,-8.288474965E-1,1.967881184E0
3.931536958E0,2.062667740E0,-4.320571965E-1,-1.131616323E0,2.392034099E0
3.941616958E0,2.110940599E0,-3.721565652E-1,-8.159403527E-1,2.293540795E0
3.951696958E0,1.937001867E0,-4.369250035E-1,-1.153491561E-1,1.989016118E0
3.961776958E0,1.654429469E0,-5.737369859E-1,1.591319740E-1,1.758304292E0
3.971856958E0,1.395639452E0,-5.718272853E-1,6.627818942E-2,1.509698222E0
3.981936958E0,1.147450875E0,-4.842435962E-1,-1.968536047E-1,1.260907099E0
3.992016958E0,1.156259267E0,-3.414323705E-1,-5.629804480E-1,1.330585789E0
4.002096958E0,1.309191438E0,-1.638430756E-1,-9.791267129E-1,1.643020358E0
4.012176958E0,1.471134900E0,-1.082787395E-1,-1.054236610E0,1.813112520E0
4.022256958E0,1.608527657E0,-6.802592218E-2,-8.657165301E-1,1.827964403E0
4.032336958E0,1.756390877E0,-2.694432056E-1,-5.994601301E-1,1.875329571E0
4.042415958E0,1.866795518E0,-4.923589468E-1,-2.778072090E-1,1.950517799E0
4.052495958E0,1.750145174E0,-7.829679036E-1,-3.503549293E-2,1.917622057E0
4.062575958E0,1.402004146E0,-1.100481069E0,-1.466496304E-2,1.782383031E0
4.072655958E0,9.216819122E-1,-1.267393933E0,-1.440110012E-1,1.573697588E0
4.082735958E0,3.094668486E-1,-1.479254344E0,-2.858398946E-1,1.538072686E0
4.092815958E0,-1.025791660E-1,-1.760759770E0,-4.767772865E-1,1.827050638E0
4.102895958E0,-3.471600106E-1,-2.191442286E0,-7.902371621E-1,2.355294916E0
4.112975958E0,-4.203113828E-1,-2.752652197E0,-1.244343478E0,3.049942044E0
4.123055958E0,-2.466758289E-1,-3.620773103E0,-1.516747567E0,3.933366244E0
4.133135958E0,7.663974792E-2,-4.330686479E0,-1.341316041E0,4.534296831E0
4.143214958E0,4.246873659E-1,-4.407986085E0,-7.551877820E-1,4.492327823E0
4.153294958E0,6.296944743E-1,-3.826367637E0,-4.534047961E-2,3.878100074E0
4.163374958E0,5.301519866E-1,-2.204101508E0,6.486317785E-1,2.357932945E0
4.173454958E0,1.672289059E-1,4.837395662E-1,2.287705582E0,2.344262423E0
4.183534958E0,5.314066529E-2,4.259420030E0,4.417052193E0,6.136434876E0
4.193614958E0,7.679228716E-2,9.072067351E0,5.748055061E0,1.074003911E1
4.203694958E0,-8.028320646E-1,1.248591743E1,5.666431439E0,1.373503253E1
4.213774958E0,-2.478082446E0,1.310022357E1,5.466087120E0,1.440954054E1
4.223854958E0,-3.428574832E0,5.439812656E0,4.072747085E0,7.611435865E0
4.233934958E0,-3.842171199E0,-2.143970497E0,2.536387664E0,5.078597385E0
4.244014958E0,-4.315850046E0,-4.986845816E0,1.883519285E0,6.858778150E0
4.254093958E0,-4.758255352E0,-5.758853699E0,1.755493329E0,7.673796111E0
4.264173750E0,-4.977898407E0,-4.909408801E0,1.910587216E0,7.247903892E0
4.274253750E0,-4.902889155E0,-3.199008760E0,1.837188141E0,6.135734624E0
4.284333750E0,-4.713441415E0,-1.488415176E0,1.619890405E0,5.201533873E0
4.294413750E0,-4.399054463E0,-4.390089512E-3,1.155922029E0,4.548390394E0
4.304493750E0,-3.485719086E0,7.412433422E-1,8.221851059E-1,3.657275979E0
4.314573750E0,-2.158231563E0,8.019204837E-1,4.967911363E-1,2.355385611E0
4.324653750E0,-9.113581413E-1,1.013460467E0,4.304720163E-1,1.429329191E0
4.334733750E0,1.981600737E-1,1.379257600E0,6.203322780E-1,1.525264265E0
4.344813750E0,1.068643272E0,1.570283797E0,7.018260920E-1,2.024931976E0
4.354892750E0,1.745093325E0,1.724031070E0,6.252544641E-1,2.531516737E0
4.364972750E0,2.245447755E0,1.551305489E0,6.248416507E-1,2.799823464E0
4.375052750E0,2.554804054E0,1.150967683E0,7.649385258E-1,2.904631011E0
4.385132750E0,2.708351645E0,5.721406960E-1,1.156309042E0,2.999927367E0
4.395212750E0,2.766565939E0,-1.752930933E-1,1.640547448E0,3.221181568E0
4.405292750E0,2.542244528E0,-8.677846903E-1,1.892557765E0,3.286005539E0
4.415372750E0,2.183975100E0,-1.396568282E0,1.782987961E0,3.146298821E0
4.425452750E0,1.663411670E0,-1.472568052E0,1.460238029E0,2.658512771E0
4.435532750E0,1.130847706E0,-1.351983263E0,1.084941509E0,2.069727846E0
4.445612750E0,6.997158319E-1,-1.082306753E0,8.014322412E-1,1.517657337E0
4.455692750E0,3.125393411E-1,-6.903146785E-1,5.721992048E-1,9.495404810E-1
4.465771750E0,6.110939696E-2,-2.843419111E-1,3.300718153E-1,4.399228160E-1
4.475851750E0,-2.081855086E-1,-4.886635065E-2,7.920755267E-2,2.280415809E-1
4.485931750E0,-5.005587166E-1,9.075054109E-2,-8.409582496E-2,5.156227276E-1
4.496011750E0,-8.367466463E-1,2.414940995E-1,-4.100886226E-1,9.626198775E-1
4.506091750E0,-1.238397737E0,2.365906245E-1,-8.062871844E-1,1.496563765E0
4.516171750E0,-1.545987739E0,1.137371153E-1,-1.077397431E0,1.887802809E0
4.526251750E0,-1.664224286E0,-7.187397480E-2,-1.429036117E0,2.194755696E0
4.536331750E0,-1.484573994E0,-2.214708942E-1,-1.914250935E0,2.432563657E0
4.546411750E0,-8.200417359E-1,-5.223294353E-1,-2.117459806E0,2.330006978E0
4.556491750E0,-7.945050448E-3,-7.032247460E-1,-1.604006444E0,1.751406531E0
4.566570750E0,6.154844977E-1,-6.492298025E-1,-6.998713678E-1,1.135843490E0
4.576650750E0,1.091424901E0,-4.143787247E-1,-2.047589672E-1,1.185261270E0
4.586730750E0,1.589945937E0,-2.299908721E-1,-9.269072033E-2,1.609166073E0
4.596810750E0,2.036578634E0,-1.923617005E-2,-3.503874544E-1,2.066589928E0
4.606890750E0,2.393613568E0,8.669374287E-2,-6.046507034E-1,2.470324714E0
4.616970750E0,2.622446984E0,3.692925990E-2,-9.198658401E-1,2.779342569E0
4.627050750E0,2.672854953E0,-7.804688036E-2,-1.397749420E0,3.017274989E0
4.637130750E0,2.507160941E0,1.862221241E-1,-2.004999138E0,3.215673523E0
4.647210750E0,2.253796848E0,3.485297209E-1,-2.548444623E0,3.419889354E0
4.657290750E0,2.088254133E0,2.658483374E-1,-3.007812409E0,3.671296250E0
4.667370750E0,1.909579741E0,3.134932047E-1,-3.510550164E0,4.008582696E0
4.677449750E0,1.832319311E0,4.742401797E-1,-3.804589097E0,4.249375955E0
4.687529750E0,1.876955786E0,1.041408404E0,-3.503602502E0,4.108859328E0
4.697609750E0,2.043992318E0,2.248542686E0,-2.437301917E0,3.895419033E0
4.707689750E0,2.039119834E0,3.339434906E0,-8.884774017E-1,4.012384239E0
4.717769750E0,1.730793229E0,3.177550063E0,8.145061038E-1,3.708893339E0
4.727849750E0,1.579775874E0,1.324284418E0,1.951987111E0,2.838956624E0
4.737929750E0,1.920561543E0,-5.080359167E-1,2.655742784E0,3.316568538E0
4.748009750E0,2.412501098E0,-9.932595062E-1,2.995127460E0,3.972091955E0
4.758089750E0,2.591699108E0,-6.880126297E-1,2.544798299E0,3.696791045E0
4.768169750E0,2.689763347E0,7.408287746E-1,1.253715541E0,3.058669121E0
4.778248750E0,2.386438742E0,2.747273929E0,-1.090696412E0,3.798976516E0
4.788328750E0,9.198851359E-1,4.140072511E0,-3.420293128E0,5.448375367E0
4.798408750E0,-4.251762662E-1,4.101338215E0,-4.174372278E0,5.867464012E0
4.808488750E0,-1.005056629E0,3.443325895E0,-2.868069218E0,4.592652075E0
4.818568750E0,-1.124644103E0,2.691421325E0,-9.693946803E-1,3.073808574E0
4.828648750E0,-9.057098772E-1,2.082791664E0,4.081613072E-1,2.307580367E0
4.838728750E0,-4.667590692E-1,1.232316486E0,1.651040862E0,2.112440266E0
4.848808750E0,2.073620014E-2,4.089069003E-1,2.671928462E0,2.703116081E0
4.858888750E0,3.204788367E-1,-2.280080813E-1,2.739234592E0,2.767327324E0
4.868968750E0,2.582443989E-1,-2.637222898E-1,2.209098539E0,2.239722297E0
4.879048750E0,-2.869177558E-2,-7.097818136E-2,1.562021681E0,1.563896689E0
4.889127750E0,-3.706677179E-1,-2.329179883E-2,9.112803002E-1,9.840573411E-1
4.899207750E0,-6.920252815E-1,-2.142367190E-1,4.039198101E-2,7.255534950E-1
4.909287750E0,-9.209823659E-1,-4.721223181E-1,-7.781609807E-1,1.294852313E0
4.919367750E0,-1.206743104E0,-6.991907519E-1,-1.712037261E0,2.208204748E0
4.929447750E0,-1.390409556E0,-9.698156798E-1,-2.496904925E0,3.017998574E0
4.939527750E0,-1.525969357E0,-1.211423215E0,-3.059335150E0,3.627073234E0
4.949607750E0,-1.599050344E0,-1.524094301E0,-2.857052479E0,3.611450444E0
4.959687750E0,-1.605414746E0,-1.725145549E0,-2.168735794E0,3.202639320E0
4.969767750E0,-1.639338975E0,-1.795722612E0,-1.338393749E0,2.775490912E0
4.979847750E0,-1.651586992E0,-1.740916075E0,-5.592733133E-1,2.464003857E0
4.989926750E0,-1.597400552E0,-1.579989005E0,1.805544180E-1,2.254030540E0
5.000006750E0,-1.538725351E0,-1.285973461E0,7.634194922E-1,2.145742941E0
5.010086750E0,-1.470393327E0,-1.041722399E0,1.296806012E0,2.220123403E0
5.020166750E0,-1.198411479E0,-9.827199000E-1,1.349064918E0,2.054727385E0
5.030246750E0,-7.347823881E-1,-8.328078157E-1,1.027839940E0,1.513251122E0
5.040326750E0,-2.168527998E-1,-3.932445484E-1,7.004473186E-1,8.320413798E-1
5.050406750E0,3.449743214E-1,3.363961637E-2,1.663100525E-1,3.844449763E-1
5.060486750E0,9.875513812E-1,-8.231827140E-2,-6.309380309E-1,1.174783736E0
5.070566750E0,1.658730243E0,-7.890226954E-1,-1.477245240E0,2.357158529E0
5.080646750E0,2.278729960E0,-9.613003796E-1,-1.835329896E0,3.079796175E0
5.090726750E0,2.727751245E0,-5.090094781E-1,-1.446291250E0,3.129133408E0
5.100805750E0,3.103467595E0,-2.347820807E-1,-6.734623452E-1,3.184365756E0
5.110885750E0,3.342790916E0,-5.577775955E-2,4.790928570E-1,3.377409100E0
5.120965750E0,3.380819744E0,-1.131155562E-1,1.809798614E0,3.836418681E0
5.131045750E0,3.263659084E0,-3.228575206E-1,2.614854959E0,4.194421778E0
5.141125750E0,2.887959399E0,-7.358761829E-1,2.308192910E0,3.769559359E0
5.151205750E0,2.012501846E0,-1.025406913E0,1.470465978E0,2.695161073E0
5.161285750E0,5.803887784E-1,-1.242726284E0,5.740071273E-1,1.486843614E0
5.171365750E0,-7.091442478E-1,-1.611727107E0,-3.941584682E-1,1.804414235E0
5.181445750E0,-1.605603611E0,-2.078892156E0,-7.587006430E-1,2.734114521E0
5.191525750E0,-2.229897523E0,-2.366362912E0,-9.147534733E-1,3.377704888E0
5.201604750E0,-2.587797846E0,-2.463218531E0,-1.020523757E0,3.715590392E0
5.211684750E0,-2.623708228E0,-2.392536803E0,-1.169262013E0,3.738348683E0
5.221764750E0,-2.313420467E0,-2.518507463E0,-1.124767918E0,3.599985690E0
5.231844750E0,-1.678916293E0,-2.883224616E0,-1.068454553E0,3.503332590E0
5.241924750E0,-1.035600218E0,-3.041550844E0,-1.031957549E0,3.374675648E0
5.252004750E0,-6.065508293E-1,-2.448288251E0,-8.230572912E-1,2.653194786E0
5.262084333E0,-4.630253662E-1,-9.124123943E-1,4.010020494E-1,1.098950186E0
5.272164333E0,-6.237758495E-1,1.781848338E0,2.142547138E0,2.855623934E0
5.282244333E0,-1.300387724E0,5.384561146E0,2.356120344E0,6.019618762E0
5.292324333E0,-2.100769221E0,9.180860646E0,1.728290620E0,9.575407145E0
5.302404333E0,-2.923745528E0,1.101640104E1,2.001275046E0,1.157214248E1
5.312483333E0,-3.710560607E0,7.682164895E0,2.173336237E0,8.803823481E0
5.322563333E0,-3.497321131E0,1.611243542E0,1.676207278E0,4.199646614E0
5.332643333E0,-2.917419426E0,-9.933220714E-1,2.123901537E0,3.742857542E0
5.342723333E0,-2.167974486E0,-1.632734399E0,2.857367059E0,3.940873190E0
5.352803333E0,-1.410406595E0,-1.593417721E0,3.524694579E0,4.117244062E0
5.362883333E0,-8.126707359E-1,-1.330036324E0,3.981386972E0,4.275613706E0
5.372963333E0,-4.789514275E-1,-1.153617057E0,3.738715535E0,3.941854974E0
5.383043333E0,-4.303231316E-1,-1.237333982E0,3.014517119E0,3.286865808E0
5.393123333E0,-5.628169452E-1,-1.386332147E0,2.233421056E0,2.688279998E0
5.403203333E0,-7.079152362E-1,-1.242318733E0,1.479472883E0,2.057508160E0
5.413283333E0,-8.621431504E-1,-1.038983563E0,8.456160685E-1,1.593061264E0
5.423362333E0,-9.414272285E-1,-6.444625676E-1,4.695383605E-1,1.233727482E0
5.433442333E0,-7.663362296E-1,-1.156304437E-1,3.517895436E-1,8.511154442E-1
5.443522333E0,-4.337665204E-1,3.894514596E-1,2.315543445E-1,6.272505465E-1
5.453602333E0,-1.165510513E-1,6.146628177E-1,-7.584774256E-2,6.301963242E-1
5.463682333E0,1.654409369E-1,5.128592849E-1,-3.574261133E-1,6.466442424E-1
5.473762333E0,4.803447093E-1,4.364227277E-1,-5.533477449E-1,8.528713642E-1
5.483842333E0,8.112440883E-1,4.496701795E-1,-5.743240464E-1,1.090948372E0
5.493922333E0,1.178747512E0,4.293592912E-1,-4.822725729E-1,1.344017088E0
5.504002333E0,1.557792390E0,3.331720090E-1,-2.997681085E-1,1.620981689E0
5.514082333E0,1.860555954E0,3.308664519E-1,-3.924007952E-1,1.930056852E0
5.524162333E0,2.196100178E0,-2.962257922E-2,3.136482290E-1,2.218582589E0
5.534241333E0,2.157979256E0,-5.812910038E-1,7.293816805E-1,2.350908619E0
5.544321333E0,2.089372998E0,-7.475589198E-1,1.162694274E0,2.505230895E0
5.554401333E0,2.279518896E0,-8.546799105E-1,1.187770643E0,2.708778922E0
5.564481333E0,2.506855132E0,-9.691414958E-1,6.499437475E-1,2.765137387E0
5.574561333E0,2.626013493E0,-1.131845534E0,-8.700656891E-4,2.859549254E0
5.584641333E0,2.691271928E0,-1.173677684E0,-5.247536544E-1,2.982587852E0
5.594721333E0,2.667992701E0,-1.243934319E0,-9.368748057E-1,3.089221916E0
5.604801333E0,2.326255690E0,-9.730006582E-1,-8.007258976E-1,2.645629940E0
5.614881333E0,1.598723484E0,-5.017250168E-1,-3.181668842E-1,1.705542417E0
5.624961333E0,9.887762998E-1,-4.045460469E-1,-2.050139058E-1,1.087826630E0
5.635040333E0,6.741091935E-1,-5.387279516E-1,-2.174895251E-1,8.899172457E-1
5.645120333E0,3.727863834E-1,-7.454515833E-1,-1.550675744E-1,8.477698410E-1
5.655200333E0,3.049396053E-2,-8.250579160E-1,-2.489522048E-1,8.623384757E-1
5.665280333E0,-3.675991722E-1,-9.311451191E-1,-4.392902023E-1,1.093222880E0
5.675360333E0,-7.585245688E-1,-9.899698627E-1,-5.274357722E-1,1.354100567E0
5.685440333E0,-1.082471718E0,-1.101267520E0,-4.638169330E-1,1.612346525E0
5.695520333E0,-1.346089854E0,-1.129903089E0,-5.076827449E-1,1.829311525E0
5.705600333E0,-1.558903653E0,-9.942090940E-1,-8.295883387E-1,2.026536241E0
5.715680333E0,-1.558565684E0,-7.408813995E-1,-1.618619220E0,2.366000934E0
5.725760333E0,-8.129731831E-1,-5.424456114E-1,-2.968867030E0,3.125594996E0
5.735840333E0,4.526676084E-1,-3.023279464E-1,-4.119199705E0,4.155010994E0
5.745919333E0,1.387437855E0,-5.666302800E-2,-4.126446744E0,4.353820992E0
5.755999333E0,2.109941017E0,3.121793354E-1,-3.000473569E0,3.681324310E0
5.766079333E0,2.562177978E0,6.687817222E-1,-1.437277913E0,3.012937567E0
5.776159333E0,2.924610624E0,9.880075371E-1,3.963716394E-1,3.112332995E0
5.786239333E0,3.147631030E0,1.657321356E0,2.464420719E0,4.327547187E0
5.796319333E0,3.228807048E0,2.024588479E0,3.736519321E0,5.337202460E0
5.806399333E0,3.162818588E0,1.607082664E0,3.542701664E0,5.013668436E0
5.816479333E0,3.036638305E0,1.075263197E0,1.987204306E0,3.785015733E0
5.826559333E0,2.929762898E0,1.525348529E0,-5.197655775E-2,3.303467926E0
5.836639333E0,2.030060889E0,3.555747972E0,-1.704224212E0,4.434960091E0
5.846718333E0,7.626689290E-1,5.313633251E0,-2.604179113E0,5.966415261E0
5.856798333E0,-7.392755348E-1,6.430073125E0,-2.612397959E0,6.979755856E0
5.866878333E0,-2.275196488E0,6.616065454E0,-2.283174575E0,7.359465150E0
5.876958333E0,-3.050410837E0,6.049408277E0,-2.194798442E0,7.121621092E0
5.887038333E0,-3.113252326E0,5.041433083E0,-1.955555667E0,6.239598187E0
5.897118333E0,-2.915203331E0,3.372685683E0,-1.620920100E0,4.743500938E0
5.907198333E0,-2.113324947E0,1.842673999E0,-2.427899156E-1,2.814344816E0
5.917278333E0,-4.918471693E-1,8.265577269E-1,1.177873573E0,1.520689800E0
5.927358333E0,8.544766467E-1,1.263583302E-2,1.395259237E0,1.636165744E0
5.937438333E0,1.560327597E0,-7.300593728E-1,8.077576860E-1,1.902651144E0
5.947518333E0,1.865274365E0,-1.346834205E0,-9.794897519E-2,2.302781977E0
5.957597333E0,1.972179447E0,-1.813398160E0,-1.403501911E0,3.024520172E0
5.967677333E0,1.886864916E0,-1.980209282E0,-2.668037140E0,3.820982883E0
5.977757333E0,1.456700025E0,-1.954987317E0,-3.163460028E0,3.993924100E0
5.987837333E0,8.651902807E-1,-1.895915236E0,-2.528173496E0,3.276386734E0
5.997917333E0,4.582400049E-1,-1.760875545E0,-1.475695728E0,2.342721595E0
6.007997333E0,7.679688270E-2,-1.600361289E0,-6.281570220E-1,1.720940226E0
6.018077333E0,-2.371055632E-1,-1.452955322E0,1.521317239E-1,1.480014282E0
6.028157333E0,-5.683610559E-1,-1.299897435E0,7.916861022E-1,1.624664432E0
6.038237333E0,-8.992825446E-1,-1.108153785E0,1.172305927E0,1.846893363E0
6.048317333E0,-1.068017328E0,-7.662407738E-1,1.309918978E0,1.855713789E0
6.058397333E0,-1.035886659E0,-2.516694242E-1,1.163815770E0,1.578247704E0
6.068476333E0,-8.445015161E-1,7.961042583E-2,4.021715291E-1,9.387558625E-1
6.078556333E0,-7.416935778E-1,3.701989174E-1,-6.953731048E-1,1.081989074E0
6.088636333E0,-8.847359146E-1,7.837526000E-1,-1.996694337E0,2.320304733E0
6.098716333E0,-1.038417114E0,1.180095588E0,-2.927151239E0,3.322521644E0
6.108796333E0,-6.841691087E-1,1.077707918E0,-2.697591891E0,2.984383310E0
6.118876333E0,2.842613291E-1,7.348137438E-2,-1.070457883E0,1.109992835E0
6.128956333E0,9.391426483E-1,-8.325797743E-1,8.998525751E-1,1.544316241E0
6.139036333E0,1.164975492E0,-1.334522892E0,2.361449497E0,2.952043864E0
6.149116333E0,1.331916057E0,-1.824959859E0,3.019706815E0,3.771353619E0
6.159196333E0,1.424744845E0,-2.402627344E0,2.727600971E0,3.904141786E0
6.169275333E0,1.276291056E0,-2.883038090E0,1.816435204E0,3.638717403E0
6.179355333E0,6.980867245E-1,-3.475691403E0,1.138583865E0,3.723456596E0
6.189435333E0,-1.831711201E-1,-4.305121867E0,1.104876860E0,4.448413068E0
6.199515333E0,-8.233889014E-1,-5.119365942E0,1.188246607E0,5.319568303E0
6.209595333E0,-1.097482982E0,-5.651489464E0,1.057400977E0,5.853366457E0
6.219675333E0,-9.688533743E-1,-5.844437640E0,8.384861930E-1,5.983242205E0
6.229755333E0,-6.303228307E-1,-5.595566694E0,6.383722539E-1,5.667026789E0
6.239835333E0,-5.228397511E-1,-4.875780879E0,1.692336237E-1,4.906652688E0
6.249915333E0,-8.053590851E-1,-2.953187721E0,3.312446205E-1,3.078903046E0
6.259996625E0,-8.664145415E-1,5.653029621E-1,1.300879329E0,1.662085625E0
6.270076625E0,-3.926175077E-1,6.512039394E0,1.974751637E0,6.816190256E0
6.280155625E0,-2.249219209E-2,1.330315704E1,3.146499009E0,1.367022125E1
6.290235625E0,-6.496475130E-1,1.539724844E1,5.489689990E0,1.635952315E1
6.300315625E0,-1.876751280E0,9.885743662E0,5.361065279E0,1.140136589E1
6.310395625E0,-2.830701124E0,3.586120749E-1,1.975552998E0,3.470487159E0
6.320475625E0,-3.779713288E0,-4.055058673E0,-5.108453576E-1,5.566928809E0
6.330555625E0,-3.965290464E0,-3.847179047E0,-4.611077718E-1,5.544090138E0
6.340635625E0,-2.980947669E0,-5.216055501E-1,1.517469552E0,3.385385532E0
6.350715625E0,-1.491804515E0,9.418665737E-1,2.596960140E0,3.139553364E0
6.360795625E0,-3.651258731E-1,4.510922223E-1,3.239362149E0,3.290937287E0
6.370875625E0,1.359381891E-1,-8.432854414E-3,4.107050360E0,4.109308089E0
6.380954625E0,3.751280471E-1,-6.523650795E-1,4.330246768E0,4.395149408E0
6.391034625E0,4.206834850E-1,-1.233465464E0,3.552909733E0,3.784386240E0
6.401114625E0,3.268786508E-1,-1.375901299E0,2.396286038E0,2.782470272E0
6.411194625E0,2.257124645E-1,-9.429149795E-1,1.420893284E0,1.720166416E0
6.421274625E0,1.617791547E-1,-3.480695450E-1,6.911327771E-1,7.905627228E-1
6.431354625E0,1.621228979E-1,3.625712246E-1,4.560718574E-2,3.997771158E-1
6.441434625E0,1.738704658E-1,8.394619471E-1,-5.834327658E-1,1.036976900E0
6.451514625E0,1.755894741E-1,8.186780190E-1,-7.511508644E-1,1.124852427E0
6.461594625E0,1.190993044E-1,4.418413424E-1,-5.763705719E-1,7.359425605E-1
6.471674625E0,-3.661438733E-2,-1.782342428E-1,-4.209060446E-1,4.585520222E-1
6.481754625E0,-2.370146938E-1,-6.363729447E-1,-4.236144018E-1,8.003721955E-1
6.491833625E0,-3.488911519E-1,-8.841247344E-1,-3.833457971E-1,1.024868568E0
6.501913625E0,-4.105268714E-1,-8.648417866E-1,-3.005819678E-1,1.003410757E0
6.511993625E0,-3.360658691E-1,-6.480860871E-1,-3.852847338E-1,8.254696668E-1
6.522073625E0,-1.820435576E-2,-1.411295664E-1,-3.991648908E-1,4.237706492E-1
6.532153625E0,5.261909366E-2,3.981953859E-2,-6.052792426E-1,6.088656060E-1
6.542233625E0,-4.376911350E-2,1.051446319E-2,-2.638462690E-1,2.676586313E-1
6.552313625E0,1.488180703E-1,6.656762660E-2,9.484418591E-2,1.886093491E-1
6.562393625E0,5.508108573E-1,1.232996517E-1,5.201097409E-2,5.668337906E-1
6.572473625E0,8.583005796E-1,1.640787184E-2,-2.517366672E-1,8.946063116E-1
6.582553625E0,1.104380285E0,-2.545468390E-1,-3.617181158E-1,1.189659574E0
6.592633625E0,1.318497574E0,-4.629872131E-1,-4.200984710E-1,1.459203803E0
6.602712625E0,1.414796100E0,-6.668462938E-1,-5.823060805E-1,1.668955468E0
6.612792625E0,1.196507334E0,-8.270646805E-1,-6.215771502E-1,1.581778726E0
6.622872625E0,6.825943805E-1,-8.459839314E-1,-5.647287655E-1,1.224966318E0
6.632952625E0,2.765661375E-1,-8.271710998E-1,-3.250314788E-1,9.307772660E-1
6.643032625E0,2.039260313E-2,-7.713278514E-1,-2.873929882E-1,8.233815897E-1
6.653112625E0,-2.974722724E-1,-6.364004266E-1,-7.265259004E-1,1.010611270E0
6.663192625E0,-3.918651903E-1,-2.362029541E-1,-1.201302270E0,1.285487186E0
6.673272625E0,-1.312191206E-1,2.910393119E-2,-1.561919355E0,1.567691796E0
6.683352625E0,3.315947226E-1,7.527237654E-2,-1.767196970E0,1.799612770E0
6.693432625E0,7.141350657E-1,-1.092733508E-1,-1.795843649E0,1.935712780E0
6.703511625E0,1.071743978E0,-3.762987328E-1,-1.656264764E0,2.008344806E0
6.713591625E0,1.411798817E0,-5.848484498E-1,-1.198274070E0,1.941928000E0
6.723671625E0,1.671309942E0,-8.070005447E-1,-1.015180133E0,2.115447353E0
6.733751625E0,1.808884255E0,-9.035807598E-1,-1.500187376E0,2.517753483E0
6.743831625E0,1.935926271E0,-9.653378820E-1,-2.118264382E0,3.027661102E0
6.753911625E0,2.062471128E0,-9.075995511E-1,-2.458124437E0,3.334651383E0
6.763991625E0,2.071703297E0,-4.175081545E-1,-2.071417075E0,2.959229006E0
6.774071625E0,1.788739720E0,7.898997778E-1,-6.368395525E-1,2.056476614E0
6.784151625E0,1.315727018E0,2.256201954E0,9.842635649E-1,2.791121568E0
6.794231625E0,9.711614165E-1,2.793208485E0,2.128187107E0,3.643397934E0
6.804311625E0,8.816300198E-1,1.181328766E0,2.119253147E0,2.581480785E0
6.814390625E0,1.585103857E0,2.590889561E-1,1.471029650E0,2.177982910E0
6.824470625E0,2.522575956E0,1.323709052E0,2.867766917E-2,2.848932698E0
6.834550625E0,2.981227166E0,2.779228377E0,-1.409391811E0,4.312564326E0
6.844630625E0,2.872837915E0,4.396314458E0,-1.958841802E0,5.605161880E0
6.854710625E0,2.396696951E0,5.208971014E0,-2.317931594E0,6.184686102E0
6.864790625E0,1.493837592E0,5.096164775E0,-3.026353930E0,6.112386136E0
6.874870625E0,1.027631706E-1,4.315381392E0,-3.412646724E0,5.502657039E0
6.884950625E0,-7.434941547E-1,3.440519232E0,-2.969329544E0,4.605092191E0
6.895030625E0,-9.519878847E-1,2.473072259E0,-2.248730966E0,3.475508350E0
6.905110625E0,-4.929468478E-1,1.409297086E0,-1.271792209E0,1.961267522E0
6.915190625E0,2.756743275E-1,3.822740024E-1,1.146226030E-2,4.714457882E-1
6.925269625E0,7.944458418E-1,-2.627013659E-1,8.491700792E-1,1.192160235E0
6.935349625E0,9.095336638E-1,-4.326267153E-1,9.807165708E-1,1.405781759E0
6.945429625E0,7.869893993E-1,-2.782268929E-1,9.700103190E-1,1.279719711E0
6.955509625E0,6.962376156E-1,-2.502608299E-3,1.038783004E0,1.250529172E0
6.965589625E0,6.064633403E-1,1.666263503E-1,1.151023232E0,1.311646524E0
6.975669625E0,4.351143401E-1,4.845587611E-2,1.245633081E0,1.320331108E0
6.985749625E0,1.650599360E-1,-1.066491205E-1,1.054455296E0,1.072611201E0
6.995829625E0,-1.925584045E-1,-2.121960407E-1,2.964005874E-1,4.122610909E-1
7.005909625E0,-4.483471008E-1,-4.627907467E-1,-8.407553512E-1,1.059273316E0
7.015989625E0,-5.558666158E-1,-6.964115703E-1,-1.842105650E0,2.046296654E0
7.026069625E0,-7.162315848E-1,-9.102845925E-1,-2.466340359E0,2.724782650E0
7.036148625E0,-8.480966766E-1,-1.147633601E0,-2.819836121E0,3.160349127E0
7.046228625E0,-1.008526148E0,-1.273263953E0,-2.923670976E0,3.344574421E0
7.056308625E0,-1.107140024E0,-1.152285646E0,-2.152700390E0,2.680977473E0
7.066388625E0,-1.122500660E0,-1.021925481E0,-8.267261267E-1,1.728529869E0
7.076468625E0,-1.162304557E0,-8.011135679E-1,1.964477348E-1,1.425246135E0
7.086548625E0,-9.245275328E-1,-5.816821826E-1,1.144983058E0,1.582432154E0
7.096628625E0,-3.611689161E-1,-4.462209070E-1,1.675275232E0,1.770904623E0
7.106708625E0,2.469882895E-1,-4.568037826E-1,1.377497588E0,1.472131963E0
7.116788625E0,7.581630646E-1,-6.315916765E-1,5.477297401E-1,1.128595209E0
7.126868625E0,1.203079312E0,-1.110113187E0,1.948947144E-1,1.648555449E0
7.136947625E0,1.607255157E0,-1.908904826E0,4.081708089E-1,2.528594507E0
7.147027625E0,1.857620359E0,-2.689345563E0,1.029958971E0,3.426973656E0
7.157107625E0,2.050135549E0,-3.272005985E0,1.658560381E0,4.202368555E0
7.167187625E0,2.075244224E0,-3.903108834E0,2.711687189E0,5.185956476E0
7.177267625E0,2.016110601E0,-4.717404950E0,3.856243401E0,6.417883185E0
7.187347625E0,2.014329393E0,-5.478062217E0,5.029083763E0,7.704438465E0
7.197427625E0,1.955573208E0,-6.183118896E0,4.798006479E0,8.066975395E0
7.207507625E0,1.767478952E0,-6.375605727E0,2.904782131E0,7.225654950E0
7.217587625E0,1.227469729E0,-5.583147792E0,8.115314059E-1,5.773803290E0
7.227667625E0,5.387703440E-1,-3.718184792E0,-3.382288273E-1,3.772210276E0
7.237747625E0,3.268593550E-4,-8.203678644E-1,1.098000388E-1,8.276832657E-1
7.247826625E0,-4.243969055E-1,3.441777552E0,8.575853920E-1,3.572309919E0
7.257906625E0,-1.027913395E0,9.602510383E0,6.340463376E-1,9.678162344E0
7.267985458E0,-2.206158997E0,1.397707905E1,3.118974996E0,1.448978541E1
7.278065458E0,-4.111426417E0,1.183109009E1,5.256476133E0,1.358341125E1
7.288145458E0,-5.675288801E0,4.458810083E0,3.642705424E0,8.084503271E0
7.298225458E0,-6.279512000E0,-2.415630966E-1,7.819469798E-1,6.332619108E0
7.308305458E0,-5.828037370E0,-1.362416450E0,-1.887138566E0,6.275626673E0
7.318385458E0,-4.301015952E0,-2.359369057E-1,-2.188900648E0,4.831737833E0
7.328465458E0,-2.466026364E0,8.108012348E-1,-1.079629898E-1,2.598141774E0
7.338545458E0,-1.028489127E0,7.170095569E-1,1.961002933E0,2.327536271E0
7.348625458E0,-3.742897756E-2,-1.028197789E-1,3.092719828E0,3.094654871E0
7.358704458E0,4.122735078E-1,-1.026148340E0,3.279792137E0,3.461211684E0
7.368784458E0,5.647665531E-1,-1.759120796E0,2.887933964E0,3.428356722E0
7.378864458E0,4.001560304E-1,-2.125233679E0,2.300792820E0,3.157592539E0
7.388944458E0,-1.038754937E-1,-2.062448031E0,1.696278430E0,2.672422592E0
7.399024458E0,-6.341381389E-1,-1.515165603E0,1.165131394E0,2.013799679E0
7.409104458E0,-8.950228480E-1,-8.187037468E-1,7.109500873E-1,1.405984264E0
7.419184458E0,-8.127183176E-1,-5.993635780E-1,1.844013011E-1,1.026524039E0
7.429264458E0,-7.100653305E-1,3.987497020E-1,-3.923072398E-1,9.039353233E-1
7.439344458E0,-6.092531931E-1,8.147931290E-1,-8.721952450E-1,1.340075312E0
7.449424458E0,-5.104045507E-1,8.011229235E-1,-1.331557184E0,1.635651332E0
7.459504458E0,-3.328792828E-1,6.085706037E-1,-1.610759393E0,1.753770971E0
7.469583458E0,-5.886932865E-2,3.336637598E-1,-1.654755013E0,1.689085923E0
7.479663458E0,2.496209984E-1,2.083976895E-1,-1.317416278E0,1.356954638E0
7.489743458E0,4.986023844E-1,1.011597544E-1,-8.650464392E-1,1.003565133E0
7.499823458E0,7.254899199E-1,-2.240512705E-1,-5.016150892E-1,9.100287322E-1
7.509903458E0,9.336866114E-1,-6.242095667E-1,-1.933405244E-1,1.139644168E0
7.519983458E0,1.179167342E0,-9.125726080E-1,4.577434301E-2,1.491750541E0
7.530063458E0,1.389909912E0,-1.179873394E0,2.241658759E-1,1.836899869E0
7.540143458E0,1.649729916E0,-1.318416737E0,1.288977760E-1,2.115761358E0
7.550223458E0,1.893554423E0,-1.200000095E0,-2.439294831E-1,2.255005582E0
7.560303458E0,2.095798795E0,-9.405141127E-1,-4.679713798E-1,2.344341400E0
7.570383458E0,2.063065643E0,-7.731831729E-1,-8.469586623E-1,2.360379428E0
7.580462458E0,1.540225600E0,-5.546499199E-1,-1.253226129E0,2.061675814E0
7.590542458E0,9.610061916E-1,-5.594832283E-1,-1.282397888E0,1.697379960E0
7.600622458E0,6.739407206E-1,-8.599809963E-1,-1.231815380E0,1.646551712E0
7.610702458E0,6.636888704E-1,-9.849769253E-1,-1.246228766E0,1.721554123E0
7.620782458E0,8.206928965E-1,-7.516958249E-1,-1.283958510E0,1.699156526E0
7.630862458E0,9.781247925E-1,-2.021581256E-1,-1.589026462E0,1.876859375E0
7.640942458E0,1.170282571E0,1.420791543E-1,-2.178307686E0,2.476847221E0
7.651022458E0,1.447296386E0,-1.721572316E-1,-2.982908533E0,3.319947027E0
7.661102458E0,1.730696019E0,-5.123330355E-1,-3.343099356E0,3.799224546E0
7.671182458E0,1.928605850E0,-8.296672761E-1,-2.739020584E0,3.451101573E0
7.681261458E0,2.055564250E0,-9.372133595E-1,-1.734343219E0,2.848097553E0
7.691341458E0,2.045886816E0,-1.126316407E0,-9.560291147E-1,2.523535849E0
7.701421458E0,1.924057885E0,-1.446611093E0,-5.046899937E-1,2.459551664E0
7.711501458E0,1.894647268E0,-1.143287365E0,-1.380650407E-1,2.217173025E0
7.721581458E0,1.909481946E0,2.520202571E-1,3.839754691E-1,1.963943144E0
7.731661458E0,1.614714303E0,2.342669994E0,1.042539255E0,3.030229873E0
7.741741458E0,1.086774245E0,3.926692409E0,1.950626464E0,4.517182212E0
7.751821458E0,5.578917624E-1,3.261119054E0,2.071963205E0,3.903738238E0
7.761901458E0,4.317402043E-1,2.512146862E0,1.615397404E0,3.017745886E0
7.771981458E0,5.200220510E-1,3.764485969E0,1.531456531E0,4.097210838E0
7.782061458E0,2.485121470E-1,4.805935888E0,1.430818348E0,5.020559649E0
7.792140458E0,-5.925544953E-1,5.221836058E0,9.798149302E-1,5.345907775E0
7.802220458E0,-1.791643594E0,5.045646586E0,4.132525510E-1,5.370224754E0
7.812300458E0,-2.628493005E0,4.393945751E0,-1.465950320E-1,5.122228503E0
7.822380458E0,-3.172383463E0,3.399097556E0,-5.734159007E-1,4.684729109E0
7.832460458E0,-3.620950858E0,2.133432645E0,-5.698620361E-1,4.241174685E0
7.842540458E0,-4.094353716E0,9.533528441E-1,-6.880997533E-1,4.259823385E0
7.852620458E0,-4.213350110E0,4.626685399E-1,-7.873427904E-1,4.311181972E0
7.862700458E0,-3.853036495E0,8.386842674E-1,-9.621417209E-1,4.058940530E0
7.872780458E0,-3.043813131E0,1.194217198E0,-6.022227933E-1,3.324699293E0
7.882860458E0,-1.475028415E0,6.581321883E-1,-1.818180013E-1,1.625393671E0
7.892940458E0,-2.480541638E-1,-4.324051058E-1,-1.611153495E-1,5.238923550E-1
7.903019458E0,5.744448645E-1,-1.464955562E0,-2.952123966E-1,1.601009700E0
7.913099458E0,1.048368637E0,-2.072770121E0,-3.892649335E-1,2.355202743E0
7.923179458E0,1.189163450E0,-1.728339298E0,-7.109395623E-1,2.215107560E0
7.933259458E0,1.301961210E0,-1.034234455E0,-1.426737576E0,2.190964174E0
7.943339458E0,1.724864737E0,-8.636548018E-1,-2.621234856E0,3.254524566E0
7.953419458E0,2.293565662E0,-9.642450374E-1,-3.786889576E0,4.531086470E0
7.963499458E0,2.539342262E0,-1.067177668E0,-4.227664386E0,5.045817422E0
7.973579458E0,2.055771680E0,-1.154164356E0,-3.154361175E0,3.938056245E0
7.983659458E0,1.306441054E0,-9.985184920E-1,-1.537699603E0,2.251299064E0
7.993739458E0,7.466720434E-1,-6.533415645E-1,-3.192906459E-1,1.042267172E0
8.003819458E0,2.169275346E-1,-5.385864490E-1,8.722781293E-1,1.047855932E0
8.013898458E0,-2.802848936E-1,-7.305055153E-1,1.874754163E0,2.031477566E0
8.023978458E0,-7.235286176E-1,-8.375042993E-1,2.553819383E0,2.783325449E0
8.034058458E0,-9.400158568E-1,-8.034086001E-1,2.820101584E0,3.079296695E0
8.044138458E0,-1.037822818E0,-5.663349956E-1,2.400425721E0,2.675790569E0
8.054218458E0,-7.603168134E-1,-2.407637823E-1,1.852480949E0,2.016862544E0
8.064298458E0,-5.179171264E-2,1.800866407E-1,8.604177833E-1,8.805863623E-1
8.074378458E0,6.548234683E-1,3.864150006E-1,-4.917927901E-1,9.055222116E-1
8.084458458E0,1.170433283E0,3.727635062E-1,-9.516602214E-1,1.553873830E0
8.094538458E0,1.728904286E0,2.560630220E-1,-2.841885678E-1,1.770717776E0
8.104618458E0,2.239157320E0,1.087231278E-1,6.273900135E-1,2.327931368E0
8.114698458E0,2.692860324E0,-1.411617261E-1,1.054383960E0,2.895366798E0
8.124777458E0,2.844998444E0,-7.344418609E-1,7.624896388E-1,3.035590789E0
8.134857458E0,2.348511070E0,-1.975467190E0,6.192541976E-1,3.130726853E0
8.144937458E0,1.387655956E0,-3.036275486E0,7.703085355E-1,3.426066712E0
8.155017458E0,3.393294925E-1,-3.491401117E0,9.233336775E-1,3.627336674E0
8.165097458E0,-9.067969476E-1,-3.576147738E0,9.294991279E-1,3.804613249E0
8.175177458E0,-1.972612141E0,-3.683630086E0,6.701119637E-1,4.231947461E0
8.185257458E0,-2.530348660E0,-4.320255631E0,2.107886159E-1,5.011158039E0
8.195337458E0,-2.820393360E0,-4.905753121E0,-8.359062552E-2,5.659330330E0
8.205417458E0,-3.090644943E0,-4.829286743E0,-5.968779266E-1,5.764578031E0
8.215497458E0,-3.338357264E0,-4.159136773E0,-1.561719088E0,5.557158845E0
8.225577458E0,-3.190465393E0,-2.949782302E0,-1.407549938E0,4.567437124E0
8.235656458E0,-2.463935984E0,-7.896506864E-1,-3.491485025E-1,2.610830025E0
8.245736458E0,-1.897654491E0,2.160351471E0,-6.004387347E-1,2.937471314E0
8.255816458E0,-1.326680314E0,4.882781165E0,-1.457662623E-1,5.061904816E0
8.265897083E0,-7.125010613E-1,6.886740668E0,2.442594671E0,7.341738453E0
8.275977083E0,2.217335804E-1,6.382154024E0,4.608225739E0,7.875074617E0
8.286057083E0,2.112793728E0,4.528574967E0,4.868052614E0,6.976376195E0
8.296137083E0,3.537962203E0,4.785875845E0,4.996491383E0,7.770888643E0
8.306217083E0,3.793145512E0,5.137593468E0,5.147201028E0,8.202225182E0
8.316297083E0,3.775232859E0,4.319152846E0,3.665275969E0,6.807474743E0
8.326377083E0,3.452813880E0,2.394378092E0,2.397705596E0,4.837764180E0
8.336457083E0,2.837954888E0,3.448892444E-1,1.875833559E0,3.419311053E0
8.346536083E0,1.748138994E0,-1.135023496E0,1.166339502E0,2.388433819E0
8.356616083E0,5.150980376E-2,-1.500635272E0,9.610030487E-2,1.504591223E0
8.366696083E0,-1.502901361E0,-1.134978472E0,-9.343031272E-1,2.102334646E0
8.376776083E0,-2.359134292E0,-6.583192992E-1,-1.440114251E0,2.841272244E0
8.386856083E0,-2.960846111E0,-4.961251384E-1,-1.312425095E0,3.276462952E0
8.396936083E0,-3.429657444E0,-2.791495836E-1,-7.331180513E-1,3.518229206E0
8.407016083E0,-3.732612796E0,6.861532152E-2,-1.937591485E-1,3.738268176E0
8.417096083E0,-3.880857547E0,4.849838537E-1,1.806603257E-1,3.915214272E0
8.427176083E0,-3.661884584E0,5.026634949E-1,4.629124419E-1,3.725098283E0
8.437256083E0,-2.708504550E0,6.120923817E-2,2.161329710E-1,2.717803696E0
8.447335083E0,-1.391011235E0,-3.800327647E-1,-4.919297612E-1,1.523591824E0
8.457415083E0,-4.046161038E-1,-7.659852505E-1,-1.211765277E0,1.489571308E0
8.467495083E0,3.888238341E-1,-1.162014243E0,-1.842383977E0,2.212654468E0
8.477575083E0,1.001176198E0,-1.341351855E0,-1.924814515E0,2.550782134E0
8.487655083E0,1.438935453E0,-1.469584803E0,-1.494848868E0,2.542594712E0
8.497735083E0,1.823277908E0,-1.594537463E0,-8.559996271E-1,2.568973999E0
8.507815083E0,2.133569177E0,-1.745906088E0,-2.062102826E-1,2.764566545E0
8.517895083E0,2.335875237E0,-1.880840530E0,3.706994390E-1,3.021802822E0
8.527975083E0,2.432602510E0,-2.005330090E0,7.596000910E-1,3.242822234E0
8.538055083E0,2.568980629E0,-1.897097543E0,9.806751287E-1,3.340713138E0
8.548135083E0,2.855960219E0,-1.471275233E0,8.965699482E-1,3.335415605E0
8.558214083E0,3.066204459E0,-1.022114346E0,1.351899648E-1,3.234903994E0
8.568294083E0,2.503768387E0,-3.515240800E-1,-1.042501833E0,2.734819077E0
8.578374083E0,1.336794389E0,6.293820137E-1,-2.457936741E0,2.867855293E0
8.588454083E0,4.682541657E-1,1.172634541E0,-3.915958090E0,4.114494075E0
8.598534083E0,2.452705237E-1,1.197453632E0,-4.675148292E0,4.832293905E0
8.608614083E0,3.835712438E-1,9.423583245E-1,-3.745100695E0,3.880843378E0
8.618694083E0,7.127576809E-1,6.300158519E-1,-1.968331248E0,2.186154475E0
8.628774083E0,1.360025816E0,2.835425967E-1,-4.922917038E-1,1.473912394E0
8.638854083E0,1.872851918E0,7.648158073E-3,1.371102269E-1,1.877879659E0
8.648934083E0,1.817567078E0,-1.081343132E-1,-4.083572620E-1,1.866011460E0
8.659014083E0,1.731921887E0,-1.513557619E-1,-8.454524195E-1,1.933197296E0
8.669094083E0,2.038090577E0,-2.657460111E-1,-1.068548328E0,2.316512394E0
8.679173083E0,2.349468260E0,-1.387596899E-1,-1.950377957E0,3.056669680E0
8.689253083E0,2.595649779E0,-2.123492378E-1,-2.810254288E0,3.831451310E0
8.699333083E0,2.753396548E0,-4.571171933E-1,-2.878440424E0,4.009434867E0
8.709413083E0,2.565133161E0,-6.984627736E-1,-2.306475729E0,3.519600641E0
8.719493083E0,2.232402471E0,-9.486312175E-1,-1.530644352E0,2.868169122E0
8.729573083E0,1.994465086E0,-7.903155148E-1,-6.777403144E-1,2.249849223E0
8.739653083E0,1.900536437E0,-4.131075400E-1,-1.899358369E-2,1.945008315E0
8.749733083E0,1.862304564E0,-1.562200606E-1,4.234594506E-1,1.916220473E0
8.759813083E0,1.775468880E0,-6.118818820E-2,3.624203664E-1,1.813113968E0
8.769893083E0,1.564597233E0,-2.482862252E-1,-2.737894410E-1,1.607660166E0
8.779973083E0,8.944015083E-1,-4.611470944E-1,-6.537941390E-1,1.200023948E0
8.790052083E0,3.309688512E-1,-4.677871925E-1,-9.055635506E-1,1.071639203E0
8.800132083E0,-3.898832034E-2,1.821781898E-1,-1.007287488E0,1.024371547E0
8.810212083E0,-3.550551405E-1,1.372729769E0,-5.363615835E-1,1.515960065E0
8.820292083E0,-5.497824783E-1,2.288822985E0,1.064783818E-1,2.356333821E0
8.830372083E0,-6.665396804E-1,2.667842427E0,6.949661386E-1,2.836306806E0
8.840452083E0,-1.067981002E0,3.125133283E0,1.673711101E0,3.702478941E0
8.850532083E0,-1.675100400E0,3.371315680E0,2.632588395E0,4.593718801E0
8.860612083E0,-2.414260671E0,3.451264660E0,2.843958224E0,5.082123643E0
8.870692083E0,-2.731420373E0,3.620668437E0,2.225125757E0,5.051839449E0
8.880772083E0,-2.351820302E0,3.685391852E0,1.333867419E0,4.570817665E0
8.890851083E0,-1.606675405E0,3.615732218E0,7.901617330E-1,4.034759088E0
8.900931083E0,-1.053446139E0,3.348304548E0,2.703735342E-1,3.520510469E0
8.911011083E0,-7.139469315E-1,2.907802802E0,-2.254943633E-1,3.002646344E0
8.921091083E0,-7.780227672E-1,2.375202733E0,-3.204782885E-1,2.519843999E0
8.931171083E0,-9.743002018E-1,1.552763785E0,-7.341707328E-2,1.834591595E0
8.941251083E0,-1.115332704E0,6.061533648E-1,-5.738693157E-2,1.270701461E0
8.951331083E0,-1.245056692E0,-1.424218011E-1,-3.101947904E-1,1.290996105E0
8.961411083E0,-1.396496361E0,-8.270073777E-1,-5.579793245E-1,1.716241305E0
8.971491083E0,-1.458136101E0,-1.439947606E0,-5.097544134E-1,2.111743251E0
8.981571083E0,-1.463832020E0,-1.910104675E0,-2.722147858E-1,2.421859810E0
8.991651083E0,-1.382540520E0,-2.027821405E0,-8.075355649E-2,2.455605643E0
9.001730083E0,-1.238882909E0,-2.035934417E0,2.446941893E-2,2.383371260E0
9.011810083E0,-9.979923888E-1,-2.042465757E0,2.315614343E-1,2.285011132E0
9.021890083E0,-6.024856257E-1,-2.149336486E0,3.875148618E-1,2.265569251E0
9.031970083E0,-5.280914644E-2,-2.280143378E0,2.380179298E-1,2.293140896E0
9.042050083E0,4.142138698E-1,-2.597942473E0,5.780676166E-2,2.631391237E0
9.052130083E0,7.636153740E-1,-2.942517722E0,1.570679069E-2,3.040027251E0
9.062210083E0,9.099192877E-1,-3.189122288E0,-9.229943197E-2,3.317675882E0
9.072290083E0,1.076157091E0,-3.201128376E0,6.835738622E-2,3.377870585E0
9.082370083E0,1.245395831E0,-3.049451017E0,3.512328887E-1,3.312631404E0
9.092450083E0,1.265628805E0,-2.981802825E0,5.895232987E-1,3.292491773E0
9.102530083E0,1.312475381E0,-2.802956963E0,6.193908763E-1,3.156391044E0
9.112609083E0,1.409341963E0,-2.299384226E0,4.963315451E-1,2.742217641E0
9.122689083E0,1.879800749E0,-1.783629985E0,-1.239819487E-1,2.594293411E0
9.132769083E0,1.938435312E0,-9.928262275E-1,-1.453071681E0,2.618139165E0
9.142849083E0,1.903111989E0,-4.484270614E-1,-3.137320050E0,3.696714645E0
9.152929083E0,2.351239673E0,-1.402343577E-1,-4.367123988E0,4.961830872E0
9.163009083E0,3.413074448E0,-9.762277365E-2,-4.275303991E0,5.471456077E0
9.173089083E0,4.555749025E0,-5.607099742E-1,-3.279275243E0,5.641178155E0
9.183169083E0,5.199432451E0,-1.293442109E0,-1.475334370E0,5.557310663E0
9.193249083E0,5.352033085E0,-2.221123922E0,1.137040346E0,5.905125771E0
9.203329083E0,5.319313821E0,-2.941365820E0,3.705144624E0,7.118625506E0
9.213409083E0,5.076237465E0,-2.382098939E0,5.922340679E0,8.155777171E0
9.223488083E0,4.257991555E0,7.530289900E-1,8.314916074E0,9.372052820E0
9.233568083E0,2.584932418E0,5.759645997E0,9.138567735E0,1.110715165E1
9.243648083E0,6.525783567E-1,9.767153358E0,7.637575783E0,1.241594568E1
9.253728083E0,-2.244086231E0,1.083345453E1,6.742208022E0,1.295596500E1
9.263807625E0,-5.817367371E0,6.883446931E0,6.464372892E0,1.109106495E1
9.273887625E0,-8.620226685E0,4.928518671E-1,6.273950129E0,1.067303431E1
9.283967625E0,-9.893519289E0,-3.758762130E0,5.026802180E0,1.171660176E1
9.294047625E0,-9.348883311E0,-4.552531595E0,2.113511473E0,1.061103642E1
9.304127625E0,-7.691781226E0,-3.356122275E0,-1.003492134E0,8.451866753E0
9.314207625E0,-6.452623497E0,-2.409458061E0,-2.445141864E0,7.308936782E0
9.324287625E0,-5.845151585E0,-2.139137188E0,-2.000199012E0,6.537774931E0
9.334366625E0,-5.306274530E0,-2.507344544E0,-7.453852905E-1,5.915988952E0
9.344446625E0,-4.495657190E0,-2.376406674E0,7.223182440E-1,5.136145042E0
9.354526625E0,-3.932744862E0,-1.621467399E0,1.887803979E0,4.653970621E0
9.364606625E0,-2.912713586E0,-5.761781985E-1,1.678461964E0,3.410735451E0
9.374686625E0,-1.578693555E0,-4.484580517E-2,9.279070772E-2,1.582053919E0
9.384766625E0,-5.457586803E-1,1.683736153E0,-1.422643940E0,2.270844722E0
9.394846625E0,4.305625751E-1,3.415756273E0,-1.736347060E0,3.855862571E0
9.404926625E0,1.523633541E0,4.588715335E0,-1.020918006E0,4.941663805E0
9.415006625E0,2.515890250E0,3.482009320E0,-1.313202775E-1,4.297829413E0
9.425086625E0,3.219566401E0,1.870589191E0,6.978616798E-1,3.788366753E0
9.435166625E0,3.732914805E0,6.548758739E-1,1.245859222E0,3.989446146E0
9.445245625E0,3.999133271E0,-2.194974589E-1,1.346816078E0,4.225536606E0
9.455325625E0,4.053969629E0,-7.947541362E-1,1.242845567E0,4.314043231E0
9.465405625E0,3.923941294E0,-1.152678578E0,1.365142422E0,4.311565495E0
9.475485625E0,3.614500210E0,-1.305330668E0,1.339709373E0,4.069806030E0
9.485565625E0,3.288644237E0,-1.296267484E0,1.305905449E0,3.768405412E0
9.495645625E0,2.920014127E0,-1.228470188E0,1.236359836E0,3.400618642E0
9.505725625E0,2.565022941E0,-9.972537392E-1,7.998090541E-1,2.865929558E0
9.515805625E0,1.751085113E0,-5.716430980E-1,2.075229643E-1,1.853683006E0
9.525885625E0,7.632846408E-1,-1.548424566E-1,-5.166547126E-1,9.346184897E-1
9.535965625E0,-1.201034175E-1,8.172711790E-2,-1.118827293E0,1.128219245E0
9.546045625E0,-8.927195567E-1,1.723513591E-1,-1.461667673E0,1.721373168E0
9.556124625E0,-1.538617908E0,1.336848915E-2,-1.489741910E0,2.141694362E0
9.566204625E0,-1.909139592E0,6.432463467E-2,-1.505676742E0,2.432285775E0
9.576284625E0,-1.939244566E0,3.635284138E-1,-1.689566996E0,2.597587155E0
9.586364625E0,-1.776751028E0,4.840202326E-1,-1.946401266E0,2.679477130E0
9.596444625E0,-1.502092252E0,2.350130457E-1,-1.993038073E0,2.506733537E0
9.606524625E0,-9.471432473E-1,-2.833221567E-1,-1.579253426E0,1.863167507E0
9.616604625E0,-1.816839539E-1,-6.216420543E-1,-1.069021295E0,1.249901769E0
9.626684625E0,4.832915964E-1,-5.198145479E-1,-8.135552734E-1,1.079652775E0
9.636764625E0,1.093819336E0,-2.174503487E-1,-1.089882991E0,1.559349328E0
9.646844625E0,1.643833876E0,-9.981489480E-2,-1.551110192E0,2.262320855E0
9.656924625E0,2.082491994E0,-2.178561455E-1,-1.704069260E0,2.699645579E0
9.667003625E0,2.385785608E0,-4.248633671E-1,-1.578872772E0,2.892286479E0
9.677083625E0,2.587168393E0,-8.082424933E-1,-1.580226987E0,3.137485228E0
9.687163625E0,2.790336041E0,-1.290707951E0,-1.845342084E0,3.585692352E0
9.697243625E0,3.022840631E0,-1.574905436E0,-2.118682897E0,4.013316562E0
9.707323625E0,3.184980705E0,-1.735983363E0,-2.145173269E0,4.214203208E0
9.717403625E0,3.305397094E0,-1.777178752E0,-1.887851341E0,4.200951911E0
9.727483625E0,3.373297886E0,-1.650592965E0,-1.514476216E0,4.049349821E0
9.737563625E0,3.390748317E0,-1.022031316E0,-9.765323764E-1,3.673600092E0
9.747643625E0,3.225854789E0,1.192516243E-1,-3.527688792E-1,3.247276697E0
9.757723625E0,2.633145050E0,1.089352648E0,-8.587929882E-2,2.850880092E0
9.767803625E0,2.054018978E0,1.438910310E0,9.144453250E-2,2.509545565E0
9.777882625E0,1.418822639E0,2.000894392E0,7.559349831E-1,2.566724322E0
9.787962625E0,7.193991677E-1,2.935887564E0,8.593459886E-1,3.142522311E0
9.798042625E0,1.644891199E-2,3.473726739E0,6.488620857E-1,3.533846350E0
9.808122625E0,-8.812977518E-1,3.377228969E0,5.772078931E-1,3.537729525E0
9.818202625E0,-2.000056925E0,3.044931119E0,9.329501545E-1,3.760615536E0
9.828282625E0,-2.873885443E0,2.959862902E0,1.409740305E0,4.359744679E0
9.838362625E0,-3.300583082E0,3.159801425E0,1.694731842E0,4.873428951E0
9.848442625E0,-3.321361455E0,3.534268225E0,1.357862054E0,5.036495126E0
9.858522625E0,-3.164660461E0,3.967458612E0,5.523934063E-1,5.104991885E0
9.868602625E0,-2.760542430E0,3.962146416E0,-2.955709040E-1,4.838032750E0
9.878682625E0,-2.114118414E0,2.983468696E0,-3.930246931E-1,3.677641981E0
9.888761625E0,-1.490541955E0,1.823706801E0,1.154233061E-2,2.355367283E0
9.898841625E0,-8.592208582E-1,9.090110689E-1,8.434257746E-2,1.253664739E0
9.908921625E0,-3.075217723E-1,5.551580429E-2,-5.203466445E-1,6.069697483E-1
9.919001625E0,1.711488244E-1,-7.717137676E-1,-1.322938389E0,1.541103513E0
9.929081625E0,4.668620533E-1,-1.453861640E0,-2.234822195E0,2.706677684E0
9.939161625E0,5.961943505E-1,-1.878879958E0,-2.917506841E0,3.521006074E0
9.949241625E0,6.370121185E-1,-2.052190261E0,-2.942238225E0,3.643354921E0
9.959321625E0,5.115971999E-1,-2.124301633E0,-2.029571477E0,2.982205476E0
9.969401625E0,3.578254051E-1,-2.288248789E0,-1.051244078E0,2.543469216E0
9.979481625E0,2.213002834E-1,-2.456052184E0,-3.474193712E-1,2.490354666E0
9.989561625E0,6.490222081E-2,-2.406950190E0,2.434476542E-1,2.420100881E0
9.999640625E0,-2.302985271E-3,-2.201801798E0,7.746034616E-1,2.334083757E0
1.000972063E1,-5.206774233E-2,-1.892717979E0,1.129810118E0,2.204895304E0
1.001980063E1,7.718203149E-2,-1.485492153E0,8.628443778E-1,1.719634968E0
1.002988063E1,3.199046036E-1,-1.074468561E0,5.492991328E-2,1.122425471E0
1.003996062E1,5.338099682E-1,-5.328503305E-1,-1.279128710E0,1.484942024E0
1.005004063E1,7.981094147E-1,-8.509745300E-2,-3.153689915E0,3.254224991E0
1.006012063E1,8.636360908E-1,5.412445933E-1,-4.223055611E0,4.344307965E0
1.007020063E1,6.818722493E-1,9.821948200E-1,-3.473634353E0,3.673661939E0
1.008028062E1,7.760211191E-1,1.108650799E0,-2.105105224E0,2.502555369E0
1.009036063E1,1.070914038E0,1.305607241E0,-1.212980256E0,2.079131609E0
1.010044063E1,1.412504576E0,1.467112015E0,-8.238036883E-1,2.196870356E0
1.011052063E1,1.883013794E0,1.420456497E0,-3.736313061E-1,2.388103423E0
1.012059963E1,2.336685954E0,8.371938121E-1,1.053143181E0,2.696313276E0
1.013067962E1,2.689089455E0,-2.628867227E-1,3.007766801E0,4.043138961E0
1.014075963E1,2.849853972E0,-1.741731176E0,4.401132563E0,5.524967239E0
1.015083963E1,2.517781532E0,-3.627468165E0,4.832998556E0,6.546420714E0
1.016091963E1,1.614889866E0,-5.286668816E0,4.043459551E0,6.848817532E0
1.017099962E1,6.831144903E-1,-6.267367918E0,2.882883139E0,6.932356109E0
1.018107963E1,-2.352270538E-1,-6.271786659E0,2.366634808E0,6.707577802E0
1.019115963E1,-1.007442513E0,-5.123979396E0,2.279217764E0,5.697801232E0
1.020123963E1,-1.446013507E0,-3.056579357E0,2.385315492E0,4.138038476E0
1.021131962E1,-1.546921247E0,-7.438547087E-1,2.357045374E0,2.915810019E0
1.022139963E1,-1.634383898E0,1.735749475E0,2.268807381E0,3.291128059E0
1.023147863E1,-1.811750122E0,3.822449418E0,2.241811956E0,4.787408370E0
1.024155863E1,-2.275544105E0,5.182947981E0,2.211929176E0,6.077308732E0
1.025163863E1,-2.758575135E0,5.389966312E0,2.078860581E0,6.401807162E0
1.026171862E1,-3.490690973E0,4.205974724E0,1.470875283E0,5.660266862E0
1.027179858E1,-4.800650882E0,4.305156366E0,1.311732785E0,6.580369528E0
1.028187858E1,-5.882676677E0,3.304514750E0,4.580030465E-1,6.762800411E0
1.029195858E1,-5.837764798E0,1.805920156E0,-1.354974114E0,6.259137344E0
1.030203858E1,-5.167037707E0,7.898635250E-1,-2.717259586E0,5.891151221E0
1.031211858E1,-4.568327263E0,5.637072569E-1,-3.190364821E0,5.600518507E0
1.032219858E1,-3.648345356E0,1.149659661E0,-1.662790257E0,4.170972621E0
1.033227858E1,-2.362123973E0,1.638519049E0,1.723308939E0,3.351741046E0
1.034235758E1,-9.755026086E-1,1.503488129E0,4.969812877E0,5.283097759E0
1.035243758E1,3.090330217E-1,1.111034709E0,6.675593618E0,6.774470435E0
1.036251758E1,1.300174593E0,4.070539176E-1,6.248718224E0,6.395516109E0
1.037259758E1,2.004378309E0,-1.219892907E-1,4.687945508E0,5.099926164E0
1.038267758E1,2.478746689E0,-4.941914642E-1,3.219824848E0,4.093370543E0
1.039275758E1,2.612473681E0,-8.138733619E-1,1.760442851E0,3.253700603E0
1.040283758E1,2.378910891E0,-1.043950773E0,2.844097205E-1,2.613415224E0
1.041291758E1,2.207745932E0,-1.210349666E0,-1.341148957E0,2.852677503E0
1.042299758E1,2.015586691E0,-1.579157531E0,-3.053884960E0,3.985290650E0
1.043307758E1,1.478695788E0,-2.219660949E0,-5.007299961E0,5.673313747E0
1.044315758E1,8.982903818E-2,-2.416438467E0,-5.338496781E0,5.860613620E0
1.045323658E1,-6.156804525E-1,-1.729955469E0,-3.040515302E0,3.551977146E0
1.046331658E1,-4.747436980E-1,-1.398435298E0,-1.763802661E0,2.300435326E0
1.047339658E1,-4.879098004E-1,-1.540584034E0,-1.289674748E0,2.067538657E0
1.048347658E1,-5.560320920E-1,-1.775478966E0,-8.470685899E-1,2.044265747E0
1.049355658E1,-4.437278004E-1,-1.857955112E0,-3.634553967E-1,1.944477150E0
1.050363658E1,-4.981302948E-1,-1.783776165E0,-1.740687229E-1,1.860185775E0
1.051371658E1,-1.728736251E-1,-1.575642185E0,-1.619064778E-1,1.593344688E0
1.052379658E1,6.022422353E-1,-1.458796105E0,-4.922565474E-1,1.653208485E0
1.053387658E1,1.316232363E0,-1.131470727E0,-1.293579519E0,2.164726683E0
1.054395658E1,1.690343506E0,-9.630106902E-1,-2.193601078E0,2.931985070E0
1.055403658E1,2.018586751E0,-9.702542210E-1,-2.549224057E0,3.393321237E0
1.056411658E1,2.415862516E0,-9.821591520E-1,-2.449557681E0,3.577898983E0
1.057419558E1,2.628321389E0,-9.193770128E-1,-2.092373496E0,3.483009369E0
1.058427558E1,2.499872972E0,-9.667301041E-1,-2.079676852E0,3.392489908E0
1.059435558E1,2.055164009E0,-1.149488922E0,-2.527282380E0,3.454298787E0
1.060443558E1,1.704207255E0,-1.459349252E0,-3.028488749E0,3.769053821E0
1.061451558E1,1.690722844E0,-1.664507584E0,-3.145596784E0,3.940039132E0
1.062459558E1,1.950578224E0,-9.398978162E-1,-2.440219678E0,3.262335879E0
1.063467558E1,2.000451027E0,9.695087010E-1,-5.622197253E-1,2.292998572E0
1.064475558E1,1.897139790E0,3.078590031E0,1.651575882E0,3.975494794E0
1.065483558E1,1.989712908E0,3.839833775E0,3.054775491E0,5.294802562E0
1.066491558E1,2.258934065E0,2.252717598E0,2.634875826E0,4.137643086E0
1.067499558E1,2.460060157E0,1.470245538E0,1.180312520E0,3.099460528E0
1.068507558E1,2.380366701E0,1.954903117E0,6.401502460E-1,3.146042620E0
1.069515458E1,1.930359576E0,2.188415768E0,1.050787922E0,3.101549116E0
1.070523458E1,1.506649134E0,2.680471829E0,9.579534334E-1,3.220651427E0
1.071531458E1,1.019979308E0,3.542881758E0,6.012007731E-1,3.735480064E0
1.072539458E1,1.870018869E-1,4.175207845E0,4.840518075E-1,4.207331269E0
1.073547458E1,-5.492605412E-1,4.283436883E0,5.005473876E-1,4.347420656E0
1.074555458E1,-1.136863468E0,4.153067363E0,7.275275284E-1,4.366889439E0
1.075563458E1,-1.429940096E0,4.101406628E0,7.429413736E-1,4.406611724E0
1.076571458E1,-1.608553531E0,3.435149149E0,9.822556311E-1,3.918229225E0
1.077579458E1,-1.703960502E0,2.477686881E0,1.431194324E0,3.330274894E0
1.078587458E1,-1.757561636E0,1.572781143E0,1.770991813E0,2.949419507E0
1.079595458E1,-1.624367472E0,1.043330968E0,1.523257565E0,2.459150829E0
1.080603358E1,-1.241304826E0,6.765327913E-1,7.015723228E-1,1.578207215E0
1.081611358E1,-5.898417527E-1,4.523762709E-1,-2.660616877E-1,7.895228973E-1
1.082619358E1,5.594387529E-2,7.351411879E-2,-1.530022793E0,1.532809118E0
1.083627358E1,3.603044418E-1,-4.981845278E-1,-2.613508930E0,2.684853077E0
1.084635358E1,2.393803310E-1,-7.938887483E-1,-2.835867432E0,2.954607652E0
1.085643358E1,1.909072422E-1,-1.157645788E0,-2.253690575E0,2.540809035E0
1.086651358E1,1.584882321E-1,-1.857420677E0,-1.543193062E0,2.420036140E0
1.087659358E1,1.873527381E-2,-2.395499003E0,-8.992544780E-1,2.558793681E0
1.088667358E1,-7.511597265E-2,-2.640597911E0,-4.307147489E-1,2.676549071E0
1.089675358E1,-2.758528366E-2,-2.719175134E0,-3.969218624E-1,2.748130514E0
1.090683358E1,3.717249950E-2,-2.986216888E0,-8.136564302E-1,3.095304489E0
1.091691358E1,1.320363878E-1,-3.393315829E0,-1.583081598E0,3.746755032E0
1.092699258E1,2.844956563E-1,-3.471712958E0,-2.552669236E0,4.318547078E0
1.093707258E1,3.889329943E-1,-3.245939682E0,-3.158988662E0,4.546053526E0
1.094715258E1,3.333104418E-1,-2.729086164E0,-2.655327047E0,3.822272736E0
1.095723258E1,4.110600644E-1,-2.181159958E0,-1.245736431E0,2.545248199E0
1.096731258E1,6.845326594E-1,-1.826391258E0,5.994331598E-2,1.951379817E0
1.097739258E1,1.126477936E0,-1.573172321E0,6.769485283E-1,2.049898291E0
1.098747258E1,1.768111767E0,-1.550396832E0,8.446069121E-1,2.498661720E0
1.099755258E1,2.409504839E0,-1.751746872E0,7.187900341E-1,3.064472187E0
1.100763258E1,2.936916674E0,-1.795516790E0,3.210695151E-1,3.457230933E0
1.101771258E1,3.225008697E0,-1.832645440E0,8.491914947E-2,3.710320965E0
1.102779258E1,3.071387723E0,-1.666472248E0,4.415618455E-1,3.522148374E0
1.103787258E1,2.519930091E0,-1.457918438E0,7.827739222E-1,3.014682214E0
1.104795158E1,1.657668096E0,-1.172930410E0,4.848113608E-1,2.087743116E0
1.105803158E1,7.303737337E-1,-7.155512613E-1,-2.362591604E-1,1.049417834E0
1.106811158E1,-2.695405617E-2,5.004403836E-1,-6.852854884E-1,8.489895754E-1
1.107819158E1,-7.023369925E-1,2.557921205E0,-1.258477221E0,2.935984172E0
1.108827158E1,-9.926004519E-1,5.561552271E0,8.098276734E-2,5.650015710E0
1.109835158E1,-1.310039285E0,9.172620749E0,3.454799302E0,9.888822607E0
1.110843158E1,-2.330664199E0,1.185028065E1,5.068119775E0,1.309759463E1
1.111851158E1,-3.890976446E0,9.810816271E0,4.937615769E0,1.165211840E1
1.112859158E1,-4.933148496E0,2.809361418E0,3.770178233E0,6.814888816E0
1.113867158E1,-5.194142475E0,-2.746417896E0,2.268201902E0,6.298147917E0
1.114875158E1,-5.172272719E0,-5.313849598E0,1.397190865E0,7.545962161E0
1.115883158E1,-5.203727231E0,-6.198256168E0,9.037502559E-1,8.143335996E0
1.116891058E1,-5.559111643E0,-5.437270287E0,8.165659317E-1,7.818849682E0
1.117899058E1,-5.966963705E0,-3.013243303E0,1.145884626E0,6.782134077E0
1.118907058E1,-5.560820199E0,-1.044605076E-2,1.828337796E0,5.853686830E0
1.119915058E1,-4.546099365E0,1.758331422E0,2.925503494E0,5.684832409E0
1.120923058E1,-3.199197333E0,1.636658465E0,3.741483607E0,5.187698342E0
1.121931058E1,-1.771891553E0,6.243194944E-1,3.929172213E0,4.355200201E0
1.122939058E1,-6.531103802E-1,-1.026332527E-1,3.662920418E0,3.722105955E0
1.123947058E1,8.061461203E-2,-4.965531546E-1,3.175309410E0,3.214911134E0
1.124955058E1,6.540834300E-1,-5.106227249E-1,2.486192826E0,2.621014206E0
1.125963058E1,1.170078138E0,-2.862668145E-1,1.367050953E0,1.822048256E0
1.126971458E1,1.662687346E0,4.855878711E-2,-2.471731346E-2,1.663579908E0
1.127979358E1,2.051278680E0,4.245312452E-1,-8.896994698E-1,2.275859431E0
1.128987358E1,2.293230470E0,7.419689816E-1,-8.590764320E-1,2.558795864E0
1.129995358E1,2.460049632E0,7.490178001E-1,-3.155321288E-1,2.590836232E0
1.131003358E1,2.538781807E0,3.813700229E-1,3.276147787E-1,2.588085702E0
1.132011358E1,2.546997145E0,-2.513220996E-1,8.499430811E-1,2.696805609E0
1.133019358E1,2.539005755E0,-5.639218497E-1,1.329389037E0,2.920930209E0
1.134027358E1,2.476527379E0,-4.632380587E-1,1.688413925E0,3.032906022E0
1.135035358E1,2.384553308E0,-7.641726136E-2,1.786914951E0,2.980771564E0
1.136043358E1,1.986244924E0,2.328133231E-1,1.584203094E0,2.551287985E0
1.137051358E1,1.365582425E0,5.392471844E-1,1.170889732E0,1.877920565E0
1.138059358E1,7.509443115E-1,5.683405906E-1,5.469959146E-1,1.089097294E0
1.139067358E1,2.290386896E-1,2.180970508E-1,-3.417767715E-1,4.656569622E-1
1.140075358E1,-3.201502597E-1,-1.348578429E-1,-1.400417504E0,1.442862437E0
1.141083258E1,-8.487053718E-1,-3.282942617E-1,-2.362940537E0,2.532107010E0
1.142091258E1,-1.245342913E0,-3.609614861E-1,-2.906273755E0,3.182388931E0
1.143099258E1,-1.398893428E0,-3.861501217E-2,-2.837973599E0,3.164251584E0
1.144107258E1,-1.253034341E0,2.076194251E-1,-2.503905212E0,2.807622160E0
1.145115258E1,-3.333565252E-1,2.946295023E-1,-2.393824945E0,2.434816417E0
1.146123258E1,7.020345452E-1,3.064636821E-1,-2.148202127E0,2.280689560E0
1.147131258E1,1.459223391E0,2.660407108E-1,-1.498496361E0,2.108459605E0
1.148139258E1,1.892788146E0,1.224839652E-1,-6.967946360E-1,2.020686035E0
1.149147258E1,2.160484057E0,-1.934913826E-1,-1.100861504E-1,2.171922935E0
1.150155258E1,2.315781427E0,-6.679245204E-1,8.101960480E-2,2.411541200E0
1.151163258E1,2.363087156E0,-1.068968085E0,-8.617279250E-2,2.595052875E0
1.152171258E1,2.265558084E0,-1.386908097E0,-5.047434226E-1,2.703892273E0
1.153179158E1,1.993158233E0,-1.285360672E0,-8.890008006E-1,2.532815474E0
1.154187158E1,1.550191010E0,-8.154690671E-1,-1.077429079E0,2.056437547E0
1.155195158E1,1.135048200E0,-6.004786420E-1,-1.209167433E0,1.763801263E0
1.156203158E1,8.506632388E-1,-5.835725874E-1,-1.338170385E0,1.689640462E0
1.157211158E1,6.683455930E-1,-7.777749914E-1,-1.677457997E0,1.966083696E0
1.158219158E1,6.782889294E-1,-1.078994890E0,-2.239645563E0,2.576881466E0
1.159227158E1,1.014298519E0,-1.362096022E0,-2.710448749E0,3.198537085E0
1.160235158E1,1.587604273E0,-1.392843606E0,-2.902914530E0,3.589904373E0
1.161243158E1,2.222092075E0,-1.309261166E0,-2.827281380E0,3.826928010E0
1.162251158E1,2.774688307E0,-9.387845063E-1,-2.421389304E0,3.800439147E0
1.163259158E1,2.981235937E0,-4.423558974E-1,-1.568178799E0,3.397444804E0
1.164267158E1,3.053182125E0,4.503162968E-1,-4.312888724E-1,3.116202167E0
1.165275058E1,3.071846437E0,1.736084520E0,6.273407507E-1,3.583822877E0
1.166283058E1,2.892887140E0,2.524882683E0,1.115618341E0,3.998553845E0
1.167291058E1,2.575683000E0,2.397533834E0,7.715348428E-1,3.602440480E0
1.168299058E1,2.216235504E0,1.982441749E0,9.583173495E-2,2.975056103E0
1.169307058E1,1.833069363E0,1.806170416E0,-3.710959168E-1,2.600020585E0
1.170315058E1,1.233308759E0,1.748373613E0,-1.896427818E-1,2.147981651E0
1.171323058E1,3.842764545E-1,1.811540499E0,2.568570739E-1,1.869578276E0
1.172331058E1,-4.766412291E-1,2.081762554E0,3.672448675E-1,2.166977385E0
1.173339058E1,-1.166622434E0,2.544122946E0,3.526783204E-1,2.820984130E0
1.174347058E1,-1.718782024E0,3.207220005E0,3.254226941E-1,3.653268637E0
1.175355058E1,-2.205586409E0,3.964405780E0,3.619279943E-1,4.551056632E0
1.176363058E1,-2.713826686E0,3.880690024E0,6.977751410E-1,4.786595919E0
1.177370958E1,-3.288714696E0,2.847588760E0,1.023178539E0,4.468926093E0
1.178378958E1,-3.566477028E0,1.370372756E0,1.282944603E0,4.030338290E0
1.179386958E1,-3.288441631E0,4.294961160E-1,8.174156052E-1,3.415623449E0
1.180394958E1,-2.650195823E0,2.364964843E-2,1.205707745E-1,2.653042502E0
1.181402958E1,-1.821676355E0,-2.436371040E-1,-3.123483199E-1,1.864249247E0
1.182410958E1,-9.983343047E-1,-6.263870698E-1,-5.324766934E-1,1.293276295E0
1.183418958E1,-4.396759723E-1,-9.313550341E-1,-5.535529822E-1,1.169255346E0
1.184426958E1,-2.301909931E-1,-9.907516354E-1,-3.300963736E-1,1.069364443E0
1.185434958E1,-2.329748525E-1,-8.077033800E-1,-1.332416817E-1,8.511259470E-1
1.186442958E1,-2.919550589E-1,-5.762992358E-1,-1.638074076E-1,6.664768807E-1
1.187450958E1,-2.426958119E-1,-5.524595529E-1,-4.105868053E-1,7.298591230E-1
1.188458958E1,-1.971098955E-1,-7.200097632E-1,-6.558014882E-1,9.936508250E-1
1.189466958E1,-1.952162564E-1,-8.354431558E-1,-8.317336822E-1,1.194929107E0
1.190474858E1,-2.924175737E-1,-9.522032815E-1,-8.384018469E-1,1.301966506E0
1.191482858E1,-4.319491326E-1,-1.017961653E0,-6.403402074E-1,1.277834716E0
1.192490858E1,-5.107194232E-1,-9.309925067E-1,-4.594215810E-1,1.157000245E0
1.193498858E1,-5.460233033E-1,-9.038181567E-1,-2.219929775E-1,1.079031784E0
1.194506858E1,-4.272487387E-1,-7.999692678E-1,2.347890973E-2,9.072174896E-1
1.195514858E1,-3.618808146E-1,-6.296585870E-1,5.975854397E-2,7.286966061E-1
1.196522858E1,-2.376267145E-1,-3.769413418E-1,-3.508294308E-1,5.671265468E-1
1.197530858E1,4.277625628E-2,-3.333515185E-1,-8.519158586E-1,9.158131213E-1
1.198538858E1,4.375764199E-1,-3.894795263E-1,-1.149263147E0,1.289950854E0
1.199546858E1,9.221476429E-1,-5.409113020E-1,-1.606440493E0,1.929661206E0
1.200554858E1,1.419822513E0,-7.844074881E-1,-1.844145305E0,2.456025851E0
1.201562858E1,1.820964018E0,-1.121872523E0,-1.390583803E0,2.551123522E0
1.202570858E1,2.100061415E0,-1.476223732E0,-3.276594003E-1,2.587828267E0
1.203578758E1,2.330241445E0,-1.786688079E0,8.337087254E-1,3.052433410E0
1.204586758E1,2.347859398E0,-2.469597843E0,1.830490741E0,3.868081386E0
1.205594758E1,2.030237182E0,-3.620035769E0,2.333885868E0,4.761674624E0
1.206602758E1,1.517451280E0,-4.473838597E0,2.106866551E0,5.172695317E0
1.207610758E1,7.381184439E-1,-5.001577291E0,1.283526109E0,5.216132045E0
1.208618758E1,-1.659447111E-2,-4.943599809E0,4.880881405E-1,4.967663886E0
1.209626758E1,-5.232473751E-1,-4.484821422E0,-1.600289369E-1,4.518077054E0
1.210634758E1,-8.173237308E-1,-3.615880737E0,-8.023711579E-1,3.792942270E0
1.211642758E1,-1.100003790E0,-1.692994634E0,-1.604092544E0,2.578633758E0
1.212650758E1,-1.148676159E0,1.563793972E0,-1.384115613E0,2.383418666E0
1.213658758E1,-1.093693329E0,6.021196631E0,-2.852447212E-1,6.126364216E0
1.214666758E1,-1.226047102E0,1.080941545E1,1.203568943E-1,1.087939060E1
1.215674658E1,-1.852242237E0,1.315789115E1,1.373835916E0,1.335845522E1
1.216682658E1,-2.661194436E0,7.448416602E0,2.152893494E0,8.197305417E0
1.217690658E1,-2.254260678E0,-1.099230350E0,1.190367099E0,2.776143440E0
1.218698658E1,-1.719798855E0,-3.806371329E0,8.840054512E-1,4.269383613E0
1.219706658E1,-8.632870120E-1,-3.495957853E0,1.614446501E0,3.946317686E0
1.220714658E1,-4.205628131E-1,-1.889164626E0,3.204170097E0,3.743330345E0
1.221722658E1,-3.515816020E-1,-2.462736136E-1,4.670686866E0,4.690370573E0
1.222730658E1,-3.877125708E-1,9.194916183E-1,5.641986569E0,5.729554810E0
1.223738658E1,-5.770794006E-1,1.582547162E0,5.792767550E0,6.032713489E0
1.224746658E1,-9.343556059E-1,1.427656758E0,4.926203173E0,5.213319664E0
1.225754658E1,-1.287647811E0,6.441935956E-1,3.549763931E0,3.830645669E0
1.226762350E1,-1.760662706E0,-1.207140130E-1,2.152691034E0,2.783627800E0
1.227770350E1,-2.223149544E0,-6.137535757E-1,1.127669452E0,2.567240881E0
1.228778250E1,-2.437269173E0,-5.963066536E-1,5.290151417E-1,2.564316608E0
1.229786250E1,-2.368343510E0,-1.808982342E-1,2.182333275E-1,2.385246515E0
1.230794250E1,-2.030902303E0,5.601650137E-1,1.280236538E-1,2.110625278E0
1.231802250E1,-1.594222590E0,1.143678544E0,9.107038379E-2,1.964138512E0
1.232810250E1,-1.203670977E0,1.293874218E0,7.303753417E-2,1.768691266E0
1.233818250E1,-8.662603211E-1,1.116396605E0,5.570287865E-2,1.414160930E0
1.234826250E1,-3.473617761E-1,8.483029372E-1,1.032664879E-1,9.224651995E-1
1.235834250E1,3.869109906E-1,5.365200430E-1,1.860233370E-1,6.871379433E-1
1.236842250E1,1.077431053E0,2.216305232E-1,1.635887218E-1,1.112087691E0
1.237850250E1,1.646296285E0,-1.489671743E-1,-3.781039875E-2,1.653454657E0
1.238858250E1,2.158452296E0,-6.588467181E-1,-4.679398048E-1,2.304769614E0
1.239866250E1,2.620186450E0,-9.783906215E-1,-7.816078413E-1,2.904055106E0
1.240874150E1,3.032805456E0,-1.104280005E0,-8.526936114E-1,3.338327374E0
1.241882150E1,3.351700611E0,-1.005795937E0,-6.843382394E-1,3.565647385E0
1.242890150E1,3.471486086E0,-9.236203372E-1,-3.720741194E-1,3.611471905E0
1.243898150E1,3.023041190E0,-8.326160270E-1,-8.751177748E-2,3.136827346E0
1.244906150E1,1.765657106E0,-6.056265306E-1,-2.114090238E-1,1.878569212E0
1.245914150E1,7.651511452E-1,-4.354479969E-1,-6.026000118E-1,1.066863631E0
1.246922150E1,1.921562074E-1,-4.753061271E-1,-9.792215109E-1,1.105312033E0
1.247930150E1,-1.689349041E-1,-6.755101132E-1,-1.337033102E0,1.507484803E0
1.248938150E1,-3.713965733E-1,-6.164643449E-1,-1.537813039E0,1.697890646E0
1.249946150E1,-3.582411421E-1,-3.354863369E-1,-1.369900301E0,1.455168249E0
1.250954150E1,-1.366547288E-1,-1.512481731E-1,-1.133763421E0,1.151941847E0
1.251962150E1,1.360760372E-1,-2.231250715E-1,-9.087496984E-1,9.455831533E-1
1.252970150E1,3.708113036E-1,-4.874367607E-1,-8.319365805E-1,1.033060546E0
1.253978050E1,6.136458407E-1,-7.391751820E-1,-1.116743930E0,1.473111731E0
1.254986050E1,8.501475875E-1,-8.071093029E-1,-1.712106843E0,2.074966551E0
1.255994050E1,1.003342883E0,-7.696707505E-1,-2.423027694E0,2.733158102E0
1.257002050E1,1.109929146E0,-7.626131612E-1,-3.012084970E0,3.299420769E0
1.258010050E1,1.197325725E0,-9.537165409E-1,-3.224144186E0,3.569071288E0
1.259018050E1,1.242299584E0,-1.123342513E0,-2.764260675E0,3.232080403E0
1.260026050E1,1.224142444E0,-1.561420587E0,-1.676120739E0,2.597294690E0
1.261034050E1,1.226356273E0,-1.871009606E0,-3.953746891E-1,2.271771952E0
1.262042050E1,1.137945495E0,-1.755012542E0,7.555978180E-1,2.223941779E0
1.263050050E1,1.013114458E0,-1.219065526E0,1.534504684E0,2.206179115E0
1.264058050E1,9.210170107E-1,-7.323082119E-1,1.980587012E0,2.303751845E0
1.265066050E1,1.046701449E0,-2.663283938E-1,1.656978709E0,1.977901206E0
1.266074050E1,1.357056892E0,1.052831524E0,7.238070913E-1,1.863854697E0
1.267081950E1,1.449637027E0,2.058866027E0,4.157219032E-1,2.552097476E0
1.268089950E1,1.353960353E0,2.885990934E0,2.015868527E-1,3.194180578E0
1.269097950E1,1.059920396E0,3.801259693E0,-3.355950952E-2,3.946407574E0
1.270105950E1,3.874574860E-1,4.126058489E0,-1.568253205E-1,4.147176888E0
1.271113950E1,-4.230756905E-1,4.154449060E0,-2.917819083E-2,4.176037763E0
1.272121950E1,-9.125798439E-1,4.124171593E0,2.613008116E-1,4.232005601E0
1.273129950E1,-1.142408456E0,3.786949802E0,5.171493870E-1,3.989176528E0
1.274137950E1,-1.252335598E0,3.250073079E0,5.360399866E-1,3.524011682E0
1.275145950E1,-1.198524988E0,2.573260791E0,5.250554073E-1,2.886835019E0
1.276153950E1,-9.896000263E-1,1.594113539E0,7.308691391E-1,2.013622578E0
1.277161950E1,-6.705474351E-1,6.656025910E-1,8.010637935E-1,1.238694423E0
1.278169950E1,-1.802206881E-1,1.994719148E-2,4.659382298E-1,4.999758203E-1
1.279177950E1,4.099261431E-1,-2.441808951E-1,-2.202277762E-1,5.255131071E-1
1.280185850E1,7.777425393E-1,-4.198482102E-1,-1.162687258E0,1.460478564E0
1.281193850E1,7.505765216E-1,-2.958100551E-1,-1.794592345E0,1.967595077E0
1.282201850E1,4.729217056E-1,-7.252593935E-2,-1.964869696E0,2.022282838E0
1.283209850E1,1.983744838E-1,1.278423536E-1,-1.823993315E0,1.839197574E0
1.284217850E1,1.394752795E-2,2.790665531E-1,-1.557899394E0,1.582758098E0
1.285225850E1,-1.692082797E-1,2.340120023E-1,-1.212303221E0,1.246223158E0
1.286233850E1,-4.275720897E-1,1.111789584E-1,-1.014225283E0,1.106269215E0
1.287241850E1,-7.505956712E-1,-1.267617881E-1,-7.841537189E-1,1.092867543E0
1.288249850E1,-9.919244407E-1,-4.939014423E-1,-5.679049730E-1,1.245138060E0
1.289257850E1,-1.042545687E0,-1.026139569E0,-4.085724396E-1,1.518813801E0
1.290265850E1,-1.103467388E0,-1.280738449E0,-3.131914884E-1,1.719308047E0
1.291273850E1,-1.116457124E0,-1.458989648E0,-2.182718825E-1,1.850072949E0
1.292281850E1,-1.140515493E0,-1.391663053E0,-2.914638380E-1,1.822759669E0
1.293289750E1,-1.099468331E0,-9.721703535E-1,-4.611605795E-1,1.538380606E0
1.294297750E1,-1.020622210E0,-4.041665626E-1,-5.638411216E-1,1.234073383E0
1.295305750E1,-8.659573623E-1,5.063688755E-4,-7.454545069E-1,1.142621911E0
1.296313750E1,-4.776783059E-1,2.845214206E-1,-9.088677391E-1,1.065443368E0
1.297321750E1,1.593341049E-1,4.735332513E-1,-8.938017301E-1,1.023964174E0
1.298329750E1,8.786337604E-1,4.265204680E-1,-1.230672834E0,1.571137365E0
1.299337750E1,1.676522443E0,1.792890805E-1,-1.305206122E0,2.132237111E0
1.300345750E1,2.257758044E0,-2.506414837E-1,-5.807700169E-1,2.344693232E0
1.301353750E1,2.373699414E0,-8.286890370E-1,8.801216575E-1,2.663792139E0
1.302361750E1,2.303098524E0,-1.508289278E0,2.204200326E0,3.526712128E0
1.303369750E1,1.971113061E0,-2.433605307E0,2.875757722E0,4.251788326E0
1.304377750E1,7.713792338E-1,-3.809981984E0,3.103771065E0,4.974372671E0
1.305385750E1,-2.919096699E-1,-4.437189419E0,2.327500563E0,5.019075618E0
1.306393750E1,-1.125282473E0,-4.343418206E0,1.269777843E0,4.663033147E0
1.307401650E1,-1.735942579E0,-3.112319695E0,3.347952691E-1,3.579401960E0
1.308409650E1,-1.790829223E0,-1.410741348E0,-5.154636347E-1,2.337298273E0
1.309417650E1,-1.565947063E0,-1.225950623E-1,-1.362082135E0,2.079059282E0
1.310425650E1,-1.086403605E0,2.259463531E-1,-2.435573480E0,2.676442177E0
1.311433650E1,-2.648006260E-1,-8.957723880E-1,-3.601515298E0,3.720677355E0
1.312441650E1,3.841160215E-1,-1.575660312E0,-3.775248939E0,4.108862992E0
1.313449650E1,4.221920666E-1,-4.391814440E-1,-2.173013617E0,2.256793004E0
1.314457650E1,3.556214433E-2,1.115482686E0,-6.584011602E-1,1.295784849E0
1.315465650E1,-3.652011925E-1,2.571717126E0,2.068674000E-1,2.605742698E0
1.316473650E1,-7.631014037E-1,3.100576147E0,2.163971483E0,3.857287748E0
1.317481650E1,-1.028905814E0,2.141296565E0,3.874713878E0,4.545019889E0
1.318489650E1,-1.060335914E0,1.013925321E0,4.045446435E0,4.303253846E0
1.319497650E1,-1.053987226E0,4.986680925E-1,3.212899990E0,3.417935822E0
1.320505550E1,-1.156498418E0,7.066038519E-1,2.912783461E0,3.212644562E0
1.321513550E1,-1.362067517E0,1.168568387E0,3.304364476E0,3.760266558E0
1.322521550E1,-1.575919051E0,1.271071832E0,3.693990183E0,4.212446786E0
1.323529550E1,-1.807503582E0,1.457881601E0,3.724122055E0,4.388800866E0
1.324537550E1,-2.119601933E0,1.692954288E0,3.582404258E0,4.493598430E0
1.325545550E1,-2.521919606E0,1.542328259E0,3.411677256E0,4.514243752E0
1.326553521E1,-3.013014677E0,1.150875297E0,3.357118056E0,4.655428341E0
1.327561521E1,-3.392461551E0,1.108784115E0,3.196401486E0,4.791156442E0
1.328569521E1,-3.314845903E0,1.413870778E0,2.669324112E0,4.484699003E0
1.329577521E1,-2.485573021E0,1.672938100E0,1.721845965E0,3.455654592E0
1.330585521E1,-1.470513048E0,1.660684674E0,9.058974266E-1,2.396024282E0
1.331593521E1,-6.162794998E-1,1.528140575E0,3.522152209E-1,1.684953887E0
1.332601521E1,4.594868140E-2,1.303330336E0,-1.477696554E-1,1.312485092E0
1.333609521E1,6.500886123E-1,9.237378663E-1,-8.383433747E-1,1.406672124E0
1.334617421E1,1.193445366E0,1.268302006E-1,-1.608643870E0,2.007020888E0
1.335625421E1,1.511568688E0,-8.777272958E-1,-2.226612704E0,2.830732986E0
1.336633421E1,1.437507124E0,-1.600819126E0,-2.260235948E0,3.120531228E0
1.337641421E1,1.192021715E0,-1.836577692E0,-1.515012406E0,2.662554409E0
1.338649421E1,1.084621374E0,-1.891774238E0,-6.475440502E-1,2.274758578E0
1.339657421E1,1.158724015E0,-2.081440372E0,-1.061521437E-1,2.384597166E0
1.340665421E1,1.308792804E0,-2.206615226E0,8.848627992E-3,2.565573554E0
1.341673421E1,1.433749411E0,-2.182980781E0,4.223034561E-2,2.612053955E0
1.342681421E1,1.566540556E0,-2.071532266E0,9.180537879E-2,2.598792694E0
1.343689421E1,1.664891308E0,-1.859929132E0,8.495715637E-2,2.497682358E0
1.344697421E1,1.729135982E0,-1.567318674E0,-2.158523047E-1,2.343713141E0
1.345705421E1,1.724930079E0,-1.152127771E0,-9.269362932E-1,2.272001996E0
1.346713421E1,1.652640660E0,-7.233046693E-1,-2.126265128E0,2.788439382E0
1.347721321E1,1.739937251E0,-3.905957597E-1,-2.820070594E0,3.336576814E0
1.348729321E1,1.897712817E0,-4.187553656E-1,-2.884130350E0,3.477769093E0
1.349737321E1,2.072877271E0,-5.851332092E-1,-2.354059201E0,3.190735930E0
1.350745321E1,2.241607011E0,-9.576756907E-1,-1.998963057E0,3.152427323E0
1.351753321E1,2.386236575E0,-1.227914702E0,-1.875106750E0,3.273824191E0
1.352761321E1,2.637729559E0,-1.209329912E0,-1.734804565E0,3.380775494E0
1.353769321E1,2.889798348E0,-1.104224457E0,-1.358712239E0,3.378808235E0
1.354777321E1,2.986928786E0,-9.763429266E-1,-8.278973240E-1,3.249677378E0
1.355785321E1,2.889933711E0,-9.188934481E-1,-4.335634392E-1,3.063341196E0
1.356793321E1,2.675413110E0,-7.036013067E-1,-6.464389265E-2,2.767140933E0
1.357801321E1,2.414634747E0,-5.408803117E-1,-8.688553154E-2,2.475997086E0
1.358809321E1,2.011624179E0,-1.049008030E-1,-5.634792155E-1,2.091684690E0
1.359817321E1,1.209207121E0,1.053281760E0,-1.281931280E0,2.053029988E0
1.360825321E1,-3.900787197E-2,2.877274489E0,-1.973808920E0,3.489434303E0
1.361833221E1,-1.136200832E0,3.762427164E0,-1.838327764E0,4.338923768E0
1.362841221E1,-1.790716810E0,3.511690956E0,-1.085217497E0,4.088561737E0
1.363849221E1,-2.231289015E0,3.088652505E0,-5.885544151E-1,3.855492350E0
1.364857221E1,-2.603909849E0,3.046036828E0,-1.854882985E-1,4.011619718E0
1.365865221E1,-2.681956437E0,3.375999885E0,3.266950482E-1,4.324002221E0
1.366873221E1,-2.116933849E0,3.697579789E0,6.947959846E-1,4.316971933E0
1.367881221E1,-9.707629287E-1,3.772486714E0,9.018049604E-1,3.998410792E0
1.368889221E1,-8.063858561E-3,3.787255611E0,8.998566681E-1,3.892699849E0
1.369897221E1,5.827737115E-1,3.351792997E0,8.606423163E-1,3.509251585E0
1.370905221E1,8.436888993E-1,2.495213910E0,1.011829678E0,2.821648936E0
1.371913221E1,8.759083001E-1,1.485540685E0,9.774843031E-1,1.982302207E0
1.372921221E1,8.108347832E-1,4.890997088E-1,4.540128700E-1,1.050142494E0
1.373929221E1,5.540967733E-1,1.657112610E-1,-2.547999869E-1,6.319861466E-1
1.374937221E1,2.185772534E-1,5.312370837E-2,-9.111803859E-1,9.385349433E-1
1.375945121E1,6.338315529E-2,-3.239936346E-1,-1.527385114E0,1.562656260E0
1.376953121E1,5.562211398E-2,-6.287961227E-1,-1.954054686E0,2.053486815E0
1.377961121E1,8.643854845E-2,-8.743265551E-1,-1.848997763E0,2.047122682E0
1.378969121E1,-4.786032806E-3,-1.145636192E0,-1.314129558E0,1.743399463E0
1.379977121E1,-2.494457281E-1,-1.393156432E0,-7.298728466E-1,1.592426572E0
1.380985121E1,-3.872415776E-1,-1.757886449E0,-3.078389472E-1,1.826166921E0
1.381993121E1,-4.131720056E-1,-2.101457731E0,-7.033440292E-2,2.142844518E0
1.383001121E1,-4.330159937E-1,-2.309346712E0,2.963018060E-2,2.349779359E0
1.384009121E1,-4.913970067E-1,-2.500058329E0,-1.224307646E-1,2.550833581E0
1.385017121E1,-6.173831617E-1,-2.389426669E0,-5.384086937E-1,2.525946496E0
1.386025121E1,-7.595329942E-1,-2.006627587E0,-1.082473984E0,2.403163450E0
1.387033121E1,-8.061703131E-1,-1.470613913E0,-1.863036343E0,2.506695089E0
1.388041121E1,-7.463159479E-1,-9.590544641E-1,-2.706941589E0,2.967205036E0
1.389049121E1,-5.231718729E-1,-2.521664375E-1,-3.610791321E0,3.657199842E0
1.390057021E1,1.947660025E-1,2.869439220E-1,-4.200881799E0,4.215172417E0
1.391065021E1,1.071089016E0,3.102889305E-1,-3.777082626E0,3.938256475E0
1.392073021E1,1.649235534E0,-2.580434740E-2,-2.068351965E0,2.645510076E0
1.393081021E1,2.132928322E0,-5.173826909E-1,2.255395330E-2,2.194897892E0
1.394089021E1,2.592560403E0,-1.024224021E0,1.540958841E0,3.185115137E0
1.395097021E1,2.814763076E0,-1.625354043E0,2.089715352E0,3.864139904E0
1.396105021E1,2.982099279E0,-2.282336669E0,2.243655145E0,4.374467417E0
1.397113021E1,2.890161168E0,-3.445481763E0,2.020686486E0,4.930268759E0
1.398121021E1,2.449815543E0,-5.093817118E0,1.532625243E0,5.856407531E0
1.399129021E1,1.960873709E0,-5.875475246E0,8.291796184E-1,6.249301874E0
1.400137021E1,1.219220770E0,-5.280163788E0,2.205715925E-3,5.419098982E0
1.401145021E1,2.482276800E-1,-2.992969252E0,-1.026055369E0,3.173684223E0
1.402153021E1,-5.498522063E-1,5.425660640E-1,-1.997028944E0,2.141223946E0
1.403161021E1,-8.096016055E-1,5.093357527E0,-5.198066542E-1,5.183429812E0
1.404168921E1,-1.250042320E0,1.133175892E1,2.522658402E0,1.167626531E1
1.405176921E1,-2.174350144E0,1.619761883E1,4.714863750E0,1.700942664E1
1.406184921E1,-3.353661182E0,1.345940633E1,6.086055701E0,1.514736730E1
1.407192921E1,-4.260797341E0,2.968631971E0,4.920180541E0,7.153694593E0
1.408200921E1,-4.704027397E0,-3.697254099E0,2.991219181E0,6.689166900E0
1.409208921E1,-4.781164451E0,-6.327859118E0,1.763333276E0,8.124695611E0
1.410216921E1,-4.764936966E0,-6.412226838E0,1.679155444E0,8.163384122E0
1.411224921E1,-4.777697637E0,-4.530601612E0,2.753096001E0,7.136685734E0
1.412232921E1,-4.686539545E0,-1.868923320E0,3.954471946E0,6.410489502E0
1.413240921E1,-4.627896942E0,5.496218991E-1,4.778545775E0,6.674879330E0
1.414248921E1,-4.293984091E0,2.273545380E0,5.637076077E0,7.442038341E0
1.415256921E1,-3.675907084E0,2.190100350E0,5.874077761E0,7.267298121E0
1.416264921E1,-2.715493434E0,7.349365354E-1,4.943185827E0,5.687628893E0
1.417272921E1,-1.574635295E0,-2.205499578E-1,3.264587038E0,3.631204638E0
1.418280821E1,-5.582933199E-1,-3.094235426E-1,1.198911928E0,1.358243046E0
1.419288821E1,4.467019136E-1,-5.177592516E-2,-1.105156430E0,1.193144618E0
1.420296821E1,1.513182812E0,3.057941759E-1,-3.122207336E0,3.483017507E0
1.421304821E1,2.386168016E0,6.343731970E-1,-4.176385474E0,4.851641246E0
1.422312821E1,2.922346582E0,7.910458320E-1,-3.395392760E0,4.549126845E0
1.423320821E1,2.939947870E0,8.629858804E-1,-1.148384968E0,3.272128687E0
1.424328821E1,2.759334688E0,4.264526403E-1,3.611439558E-1,2.815353394E0
1.425336821E1,2.683977527E0,-1.810824215E-1,1.057570692E0,2.890498569E0
1.426344821E1,2.644069695E0,-6.027268964E-1,1.719135196E0,3.210889299E0
1.427352821E1,2.486772577E0,-7.133503693E-1,2.082294066E0,3.320972023E0
1.428360821E1,2.383030693E0,-8.056755656E-1,1.928408214E0,3.169654025E0
1.429368821E1,2.364143748E0,-7.877415705E-1,1.094070182E0,2.721525676E0
1.430376821E1,2.384110673E0,-6.378557986E-1,-1.669485319E-1,2.473603755E0
1.431384821E1,2.396002010E0,-4.997685385E-1,-1.378916123E0,2.809271061E0
1.432392721E1,2.232905185E0,-3.027430987E-1,-2.134984496E0,3.104138809E0
1.433400721E1,1.540706387E0,2.940564752E-1,-2.137760754E0,2.651464958E0
1.434408721E1,8.958194581E-1,9.338512105E-1,-1.610129063E0,2.065692665E0
1.435416721E1,6.042591593E-1,7.724651349E-1,-1.217812468E0,1.563617192E0
1.436424721E1,3.865923174E-1,3.334591073E-1,-1.186273171E0,1.291469176E0
1.437432721E1,3.522002374E-1,1.653949267E-1,-1.464993569E0,1.515785818E0
1.438440721E1,6.544203027E-1,2.062482530E-1,-1.702748959E0,1.835799088E0
1.439448721E1,1.155750413E0,5.506264508E-1,-1.459985429E0,1.941779071E0
1.440456721E1,1.598297368E0,9.170428044E-1,-7.758050644E-1,1.999348764E0
1.441464721E1,1.860105134E0,9.374571884E-1,-2.679176853E-1,2.100142132E0
1.442472721E1,1.895141796E0,4.431382549E-1,-2.603647820E-1,1.963599694E0
1.443480721E1,1.832574834E0,-4.145272440E-1,-5.542183954E-1,1.958908214E0
1.444488721E1,1.615656144E0,-1.218428764E0,-9.813808876E-1,2.249004641E0
1.445496721E1,1.381489336E0,-1.851606790E0,-1.553963633E0,2.784198891E0
1.446504721E1,1.063852648E0,-2.160129277E0,-2.163029496E0,3.236763438E0
1.447512621E1,7.240846878E-1,-2.069713781E0,-2.673425934E0,3.457632137E0
1.448520621E1,5.519775230E-1,-1.961600518E0,-3.167431456E0,3.766321522E0
1.449528621E1,7.233263040E-1,-2.114275997E0,-3.538692813E0,4.185177506E0
1.450536621E1,1.097020248E0,-2.190749391E0,-3.307002740E0,4.115714208E0
1.451544621E1,1.400230393E0,-2.131420033E0,-2.327390050E0,3.452584678E0
1.452552621E1,1.698893013E0,-1.771799313E0,-9.578616321E-1,2.634959047E0
1.453560621E1,1.884097429E0,-1.027220135E0,3.914640347E-1,2.181340968E0
1.454568621E1,1.958099498E0,-7.246512830E-2,1.341296307E0,2.374548509E0
1.455576621E1,2.146962371E0,6.110252649E-1,1.372033950E0,2.620167257E0
1.456584621E1,2.394476325E0,1.170630700E0,3.008105940E-1,2.682234166E0
1.457592621E1,2.332177750E0,1.897236122E0,-5.765331244E-1,3.061200485E0
1.458600621E1,1.771157874E0,2.268630211E0,-2.142817608E-1,2.886104627E0
1.459608621E1,9.202634507E-1,2.152960591E0,3.451131928E-1,2.366691201E0
1.460616621E1,-1.438475715E-1,1.984647903E0,1.708006044E-1,1.997171067E0
1.461624521E1,-1.098799921E0,2.153826563E0,-1.216337435E-1,2.420976022E0
1.462632521E1,-1.703290704E0,2.567315342E0,6.390882455E-2,3.081621590E0
1.463640521E1,-2.039247157E0,3.238999037E0,4.640500908E-1,3.855513742E0
1.464648521E1,-2.323985509E0,3.875072604E0,8.524118487E-1,4.598228169E0
1.465656521E1,-2.676410353E0,3.946001084E0,1.138677421E0,4.902110076E0
1.466664521E1,-3.008670196E0,3.466770891E0,1.194193152E0,4.743067999E0
1.467672521E1,-3.047686912E0,2.536936718E0,1.114591497E0,4.119072423E0
1.468680521E1,-2.726119872E0,1.359146102E0,8.815741058E-1,3.171148149E0
1.469688521E1,-2.283581980E0,3.143305260E-1,5.303320078E-1,2.365333460E0
1.470696521E1,-1.439707285E0,-4.532492602E-1,1.334755611E-1,1.515258290E0
1.471704521E1,-5.532799172E-1,-7.892559993E-1,-4.201716343E-1,1.051469401E0
1.472712521E1,8.636381373E-2,-6.687460542E-1,-9.580206764E-1,1.171530456E0
1.473720521E1,2.948324738E-1,-2.659763914E-1,-1.018116093E0,1.092808312E0
1.474728521E1,4.171886042E-2,1.190300149E-1,-4.997754820E-1,5.154455744E-1
1.475736521E1,-3.034164787E-1,1.800673449E-1,-7.899347149E-2,3.615601980E-1
1.476744521E1,-4.710546166E-1,-4.678883493E-2,1.780699360E-1,5.057574013E-1
1.477752421E1,-6.206711242E-1,-3.449564874E-1,2.413812482E-1,7.499950197E-1
1.478760421E1,-6.506575464E-1,-6.417564762E-1,1.553406394E-1,9.270044938E-1
1.479768421E1,-8.412278062E-1,-9.885600990E-1,3.579164024E-1,1.346484104E0
1.480776421E1,-1.399675639E0,-1.418801150E0,7.728512704E-1,2.137612613E0
1.481784421E1,-2.014522644E0,-1.905603488E0,8.145077848E-1,2.890164194E0
1.482792421E1,-2.374729693E0,-2.505536000E0,6.177479549E-1,3.506945152E0
1.483800421E1,-2.588187563E0,-3.014101675E0,4.732772894E-1,4.000939284E0
1.484808421E1,-2.676585477E0,-3.115329257E0,3.499196041E-1,4.122114739E0
1.485816421E1,-2.560173553E0,-2.458099878E0,-2.316630296E-1,3.556741682E0
1.486824421E1,-2.149526229E0,-1.305806047E0,-1.409138042E0,2.882926024E0
1.487832421E1,-1.258395068E0,-1.366453367E-1,-2.771866733E0,3.047207784E0
1.488840421E1,3.210923193E-1,6.724701458E-1,-3.963490691E0,4.032936255E0
1.489848421E1,2.128523176E0,6.884733903E-1,-4.130800581E0,4.697671760E0
1.490856421E1,3.400783601E0,-8.287317216E-2,-2.511692241E0,4.228568904E0
1.491864421E1,3.730905409E0,-1.276018576E0,1.564469326E-1,3.946182234E0
1.492872321E1,3.407399433E0,-3.182288647E0,2.987841829E0,5.537556385E0
1.493880321E1,2.597050480E0,-5.500061197E0,4.511063726E0,7.572650811E0
1.494888321E1,2.025398026E0,-6.658821464E0,3.838940320E0,7.948559822E0
1.495896321E1,1.590831790E0,-6.465582097E0,2.959681638E0,7.286577594E0
1.496904321E1,5.133443480E-1,-3.274940702E0,3.382596713E0,4.736108059E0
1.497912321E1,-3.222718488E-2,1.579955676E0,4.107759043E0,4.401247878E0
1.498920321E1,-7.344924393E-1,5.755894423E0,3.952610192E0,7.020892186E0
1.499928321E1,-1.926973892E0,8.736434834E0,3.271900735E0,9.525956981E0
1.500936321E1,-2.808008958E0,7.560051059E0,1.891335551E0,8.283503877E0
1.501944321E1,-2.165643932E0,2.747309012E0,1.986870722E-1,3.503883132E0
1.502952321E1,-9.352446020E-1,1.109959406E-1,-3.805533130E-1,1.015787078E0
1.503960321E1,-2.584814304E-1,-3.366008162E-1,-1.056486619E-1,4.373492873E-1
1.504968321E1,-3.283985249E-1,3.996507579E-1,3.338594954E-1,6.156528909E-1
1.505976321E1,-1.315411268E0,6.104545766E-1,1.079240620E0,1.807684129E0
1.506984321E1,-2.027100736E0,8.368172514E-1,1.171379728E0,2.486268484E0
1.507992221E1,-2.099067389E0,1.084770770E0,1.236171556E0,2.666633016E0
1.509000221E1,-1.780263450E0,9.441352934E-1,1.582225127E0,2.562062793E0
1.510008221E1,-1.261473919E0,6.707031173E-1,2.265585566E0,2.678439299E0
1.511016221E1,-7.194610021E-1,5.024483174E-1,3.042499262E0,3.166524941E0
1.512024221E1,-2.151361852E-1,3.299940473E-1,3.405094460E0,3.427805119E0
1.513032221E1,1.915541818E-1,8.415663600E-2,3.300146295E0,3.306771978E0
1.514040221E1,7.422783724E-1,1.178330898E-2,2.670900521E0,2.772151804E0
1.515048221E1,1.276070324E0,2.283086282E-1,1.720193542E0,2.153960567E0
1.516056221E1,1.624885974E0,4.385493600E-1,5.517783888E-1,1.771168924E0
1.517064221E1,1.786952665E0,4.178613263E-1,-6.301719725E-1,1.940341370E0
1.518072221E1,1.825695147E0,2.086122823E-1,-1.628264787E0,2.455183918E0
1.519080221E1,1.788343572E0,8.631659746E-3,-2.486155404E0,3.062550559E0
1.520088221E1,1.695540512E0,-1.064696109E-1,-3.003421150E0,3.450613280E0
1.521096221E1,1.550767545E0,-8.180547059E-2,-2.871598012E0,3.264605223E0
1.522104221E1,1.359635806E0,1.428696978E-1,-2.054356070E0,2.467670995E0
1.523112121E1,1.195288189E0,2.749699938E-1,-1.117221063E0,1.659067586E0
1.524120121E1,1.286523099E0,5.913113773E-2,-4.991586739E-1,1.381230450E0
1.525128121E1,1.354058732E0,-2.590930492E-1,-3.089709681E-1,1.412822465E0
1.526136121E1,1.361839622E0,-6.437690878E-1,-3.211203128E-1,1.540183122E0
1.527144100E1,1.341695379E0,-9.292564684E-1,-4.630521172E-1,1.696490890E0
1.528152100E1,1.352018931E0,-9.679808235E-1,-6.858228475E-1,1.798692593E0
1.529160100E1,1.414219564E0,-8.637846100E-1,-9.713938433E-1,1.920871372E0
1.530168100E1,1.526181173E0,-6.848656583E-1,-1.331656587E0,2.138125162E0
1.531176100E1,1.747084302E0,-3.960646605E-1,-1.624707926E0,2.418438881E0
1.532184100E1,1.974601218E0,-3.000206351E-1,-1.556811227E0,2.532335591E0
1.533192100E1,2.051482163E0,-1.684623760E-1,-1.228753193E0,2.397246972E0
1.534200100E1,2.019832939E0,-2.405649769E-1,-9.849177953E-1,2.260013202E0
1.535208100E1,1.964946734E0,-3.637623024E-1,-1.134734058E0,2.298033956E0
1.536216100E1,1.768709206E0,-4.067820221E-1,-1.927596036E0,2.647532879E0
1.537224100E1,1.484362325E0,-4.705628657E-1,-3.131627201E0,3.497406160E0
1.538232100E1,1.249960752E0,-5.152315003E-1,-4.112701110E0,4.329223464E0
1.539240000E1,1.065785957E0,-4.328360456E-1,-4.743869448E0,4.881346544E0
1.540248000E1,8.771015706E-1,-5.419760799E-1,-5.037249985E0,5.141685779E0
1.541256000E1,8.765631882E-1,-6.273302257E-1,-4.758569348E0,4.879127839E0
1.542264000E1,1.153043956E0,-1.884844118E-1,-3.695347322E0,3.875645568E0
1.543272000E1,1.475149598E0,5.832392961E-1,-2.209234194E0,2.719733468E0
1.544280000E1,1.514850292E0,1.778140034E0,-4.753289312E-1,2.383797596E0
1.545288000E1,1.207535986E0,2.304017560E0,8.959390336E-1,2.751244596E0
1.546296000E1,6.109097093E-1,1.433616241E0,1.233997561E0,1.987766631E0
1.547304000E1,2.978202548E-2,5.201314670E-1,9.244541502E-1,1.061149937E0
1.548312000E1,-4.569433849E-1,2.530265629E-2,7.081369919E-1,8.431461799E-1
1.549320000E1,-5.947451547E-1,7.114225423E-1,3.759367901E-1,1.000585980E0
1.550328000E1,-1.823044165E-1,1.576797595E0,-1.648622682E-2,1.587386957E0
1.551336000E1,1.821383556E-1,2.389616704E0,2.246968031E-1,2.407058584E0
1.552344000E1,5.010343876E-1,3.459927894E0,9.221140945E-1,3.615581682E0
1.553352000E1,8.344371423E-1,4.257438408E0,1.642575263E0,4.638978405E0
1.554360000E1,1.112782368E0,4.112177199E0,2.316877341E0,4.849351145E0
1.555367900E1,1.233946398E0,3.036445055E0,2.520133574E0,4.134452263E0
1.556375900E1,8.804613076E-1,1.553689983E0,1.663633425E0,2.440664019E0
1.557383900E1,6.131946550E-1,3.301495832E-1,2.784701554E-1,7.500347056E-1
1.558391900E1,3.983672210E-1,-9.079544771E-1,-1.053241414E0,1.446511407E0
1.559399900E1,1.886573432E-1,-1.926445888E0,-1.803577176E0,2.645690077E0
1.560407900E1,-7.381905109E-2,-2.283646445E0,-2.127346863E0,3.121873638E0
1.561415900E1,-5.066168705E-1,-2.067659070E0,-1.821476673E0,2.801723033E0
1.562423900E1,-9.395352888E-1,-1.705449788E0,-1.117846130E0,2.245187188E0
1.563431900E1,-1.198798346E0,-1.377176576E0,-4.409549046E-1,1.878343425E0
1.564439900E1,-1.395374866E0,-1.010292445E0,4.171520591E-2,1.723224303E0
1.565447900E1,-1.543266152E0,-5.048240411E-1,9.681001067E-2,1.626619165E0
1.566455900E1,-1.686799801E0,-1.212642360E-1,-2.716849915E-1,1.712837213E0
1.567463900E1,-1.772455517E0,-1.309776306E-2,-8.751340556E-1,1.976772553E0
1.568471900E1,-1.816208039E0,-1.587185758E-1,-1.396462448E0,2.296499640E0
1.569479900E1,-1.816246631E0,-6.698634571E-1,-1.646236789E0,2.541173831E0
1.570487900E1,-1.478763470E0,-1.587192775E0,-1.361025982E0,2.560920543E0
1.571495800E1,-9.643203203E-1,-2.618011871E0,-8.587806360E-1,2.919144398E0
1.572503800E1,-6.224645383E-1,-3.222995208E0,-3.172419278E-1,3.297848185E0
1.573511800E1,-4.239742979E-1,-3.327779067E0,4.044192354E-1,3.378967688E0
1.574519800E1,-2.146458779E-1,-2.898556600E0,7.790211061E-1,3.009082435E0
1.575527800E1,3.019195915E-1,-2.200765087E0,4.774334172E-1,2.272105868E0
1.576535800E1,1.190365491E0,-1.543702354E0,-6.759860766E-1,2.063236326E0
1.577543800E1,2.086349256E0,-1.337910184E0,-1.445085262E0,2.868994300E0
1.578551800E1,2.804938585E0,-1.310970308E0,-1.467563274E0,3.426377909E0
1.579559800E1,3.283107801E0,-1.013691432E0,-1.102798905E0,3.608674629E0
1.580567800E1,3.551480674E0,-4.313186932E-1,4.317781381E-1,3.603537588E0
1.581575800E1,3.121522043E0,1.096931809E-1,3.999687295E0,5.074783829E0
1.582583800E1,1.824664283E0,1.050460478E0,8.217078123E0,8.482525558E0
1.583591800E1,5.013162965E-1,1.797467421E0,9.495936692E0,9.677552418E0
1.584599800E1,-1.263443116E0,1.545940084E0,7.849793458E0,8.099720772E0
1.585607800E1,-3.828692490E0,3.887228966E-3,6.198295344E0,7.285448954E0
1.586615800E1,-6.000609754E0,-2.396555595E0,4.770347979E0,8.031625986E0
1.587623800E1,-6.591208355E0,-2.390587342E0,3.375263135E0,7.781473939E0
1.588631700E1,-6.225379062E0,7.043029726E-2,2.226314350E0,6.611866641E0
1.589639700E1,-6.240135096E0,2.358442274E0,1.672468422E0,6.877404059E0
1.590647700E1,-6.591656837E0,4.652114355E0,1.776695187E0,8.261280386E0
1.591655700E1,-7.063177477E0,6.701782127E0,1.871607192E0,9.914901574E0
1.592663700E1,-6.316846472E0,6.792522728E0,9.854651678E-1,9.328025298E0
1.593671700E1,-3.475319228E0,3.778114659E0,-1.168690082E0,5.264772609E0
1.594679700E1,-1.069499962E0,1.977388585E0,-1.837907349E0,2.903756052E0
1.595687700E1,5.175750643E-1,2.000428369E0,-1.816940403E-1,2.074273447E0
1.596695700E1,1.463117198E0,2.065731243E0,2.159167410E0,3.327155152E0
1.597703700E1,2.135385615E0,1.703733045E0,3.391586223E0,4.354932275E0
1.598711700E1,2.676796854E0,9.853353596E-1,3.322308412E0,4.378796678E0
1.599719700E1,2.990337421E0,1.740710253E-1,2.777284763E0,4.084816919E0
1.600727700E1,3.087632166E0,-5.774014360E-1,1.975391761E0,3.710665361E0
1.601735700E1,3.058845738E0,-1.149252695E0,1.285871719E0,3.511521762E0
1.602743700E1,2.924321479E0,-1.574834685E0,4.118439567E-1,3.346845655E0
1.603751600E1,2.718674320E0,-1.881513544E0,-6.676806915E-1,3.372992852E0
1.604759600E1,2.418203449E0,-2.096660090E0,-1.799726200E0,3.671880424E0
1.605767600E1,1.609544049E0,-2.216261378E0,-2.449657084E0,3.674679084E0
1.606775600E1,2.195412765E-1,-1.761825718E0,-3.082662617E0,3.557391888E0
1.607783600E1,-1.002088802E0,-9.033427781E-1,-3.918587583E0,4.144338161E0
1.608791600E1,-1.601463928E0,-5.456177258E-1,-4.274610511E0,4.597247050E0
1.609799600E1,-1.701457894E0,-7.487476587E-1,-3.875256792E0,4.298045745E0
1.610807600E1,-1.566132274E0,-1.212144177E0,-2.975084959E0,3.573960592E0
1.611815600E1,-1.242664596E0,-1.706848442E0,-2.011369094E0,2.916016553E0
1.612823600E1,-6.563287608E-1,-1.774737539E0,-1.660394068E0,2.517413203E0
1.613831600E1,1.927456433E-1,-1.661506793E0,-1.529260316E0,2.266361141E0
1.614839600E1,1.158415136E0,-1.445696003E0,-1.290259470E0,2.257594308E0
1.615847600E1,2.012205100E0,-1.382106364E0,-1.057739604E0,2.660451171E0
1.616855600E1,2.583425298E0,-1.411614922E0,-1.021326653E0,3.116063397E0
1.617863600E1,2.993759211E0,-1.779315909E0,-1.874747731E0,3.955153395E0
1.618871600E1,3.238192121E0,-2.558460318E0,-3.615641586E0,5.486754186E0
1.619879600E1,3.119843599E0,-3.037494630E0,-4.902830098E0,6.557251001E0
1.620887500E1,2.511008702E0,-2.590838106E0,-4.778904210E0,5.987948917E0
1.621895500E1,2.065389035E0,-1.357046952E0,-3.642227122E0,4.401502777E0
1.622903500E1,1.754006821E0,1.681672086E0,-1.964660951E0,3.124812568E0
1.623911500E1,1.262785158E0,5.752126477E0,3.800356883E-1,5.901356835E0
1.624919500E1,1.262512093E0,9.296266556E0,2.918818957E0,9.825172404E0
1.625927500E1,1.592897026E0,9.518724461E0,3.283695738E0,1.019441484E1
1.626935496E1,1.686337871E0,6.127827040E0,1.078404906E0,6.446468552E0
1.627943496E1,1.374388185E0,3.195065398E0,-5.916411602E-1,3.528090849E0
1.628951496E1,6.991065520E-1,1.668895919E0,-7.445014107E-1,1.956590379E0
1.629959496E1,1.305432556E-1,1.213343441E0,-8.437304145E-1,1.483618839E0
1.630967496E1,-3.212906861E-1,1.069200220E0,-5.553486621E-1,1.246927805E0
1.631975496E1,-3.837113942E-1,7.144911611E-1,3.371446073E-1,8.782929691E-1
1.632983496E1,-3.356966905E-2,2.630334878E-1,1.008992025E0,1.043253777E0
1.633991496E1,3.089116920E-1,2.284279114E-1,1.284800509E0,1.341013830E0
1.634999496E1,5.560392183E-1,1.714380240E-1,1.809349548E0,1.900609480E0
1.636007496E1,7.210340492E-1,-6.401151627E-1,2.402358956E0,2.588622428E0
1.637015396E1,7.924335225E-1,-1.661559418E0,2.727450113E0,3.290549302E0
1.638023396E1,7.037906103E-1,-2.457364883E0,2.627297249E0,3.665604211E0
1.639031396E1,4.807328548E-1,-2.849120731E0,1.951700013E0,3.486793076E0
1.640039396E1,6.960320860E-2,-2.958153176E0,7.552673042E-1,3.053840782E0
1.641047396E1,-4.936621084E-1,-2.879116947E0,-1.834189506E-1,2.926885577E0
1.642055396E1,-1.057961725E0,-2.702526357E0,-4.591689813E-1,2.938327394E0
1.643063396E1,-1.520315246E0,-2.050369438E0,-5.210044563E-1,2.605152380E0
1.644071396E1,-1.789775555E0,-6.174262118E-1,-8.143031323E-1,2.060970949E0
1.645079396E1,-2.355976503E0,1.241369146E0,-1.735081723E0,3.178385002E0
1.646087396E1,-3.075645081E0,2.549685402E0,-2.982799190E0,4.985737591E0
1.647095396E1,-3.717067389E0,2.430296368E0,-3.199184761E0,5.473364006E0
1.648103396E1,-4.132785126E0,1.277956928E0,-2.018662326E0,4.773686667E0
1.649111396E1,-4.515252379E0,1.377241480E-1,-6.565769020E-1,4.564818202E0
1.650119396E1,-4.960398275E0,-5.575922388E-1,1.087465167E-1,4.992823446E0
1.651127396E1,-5.115416148E0,-8.346736622E-1,2.164755448E-1,5.187583653E0
1.652135396E1,-4.724002655E0,-5.827738577E-1,-2.021336404E-1,4.764103742E0
1.653143396E1,-3.242578995E0,-8.416113836E-1,-1.308133239E0,3.596364947E0
1.654151296E1,-1.172215442E0,-1.308877004E0,-2.533333079E0,3.083021982E0
1.655159296E1,3.071505106E-1,-1.087461074E0,-2.536979402E0,2.777260793E0
1.656167296E1,1.269784859E0,-2.357433629E-1,-1.235019654E0,1.786953292E0
1.657175296E1,2.202977381E0,6.282967705E-1,5.086316018E-1,2.346608676E0
1.658183296E1,3.152298570E0,5.281444913E-1,1.624513067E0,3.585382209E0
1.659191296E1,3.734191545E0,-7.901400983E-1,2.142083015E0,4.376874171E0
1.660199296E1,3.828184367E0,-2.759851874E0,2.972868279E0,5.577609140E0
1.661207296E1,3.369179400E0,-5.400832193E0,3.048579197E0,7.057917067E0
1.662215296E1,2.796360719E0,-7.440787740E0,2.447994136E0,8.317309105E0
1.663223296E1,2.467415662E0,-8.144541074E0,1.230671664E0,8.598618616E0
1.664231296E1,1.911843344E0,-6.479717740E0,-4.487036347E-2,6.756026962E0
1.665239296E1,1.166754873E0,-1.893178155E0,-2.298261268E-1,2.235678982E0
1.666247296E1,4.199645698E-1,3.707587883E0,8.085076645E-2,3.732172959E0
1.667255296E1,-5.446111277E-2,9.828992926E0,9.533581066E-1,9.875270104E0
1.668263296E1,-8.349417570E-1,1.325218686E1,3.214173514E0,1.366193601E1
1.669271296E1,-1.901643900E0,1.035260173E1,4.227713795E0,1.134311139E1
1.670279296E1,-2.616219699E0,3.084038467E0,3.481010031E0,5.336040631E0
1.671287196E1,-3.435451450E0,-1.438206305E0,2.068173186E0,4.260059198E0
1.672295196E1,-4.113998607E0,-2.402302238E0,1.063071607E0,4.881204956E0
1.673303196E1,-3.814414174E0,9.210709512E-2,1.412715222E0,4.068661144E0
1.674311196E1,-2.951224518E0,1.936389663E0,2.178560286E0,4.147945998E0
1.675319196E1,-2.290024296E0,1.562984133E0,2.615658367E0,3.811666219E0
1.676327196E1,-1.965238071E0,8.577689946E-1,3.003554467E0,3.690429211E0
1.677335196E1,-1.651990303E0,4.756364948E-1,3.738052461E0,4.114406183E0
1.678343196E1,-1.262558724E0,-6.242195070E-2,4.392903192E0,4.571165003E0
1.679351196E1,-8.329244676E-1,-7.363848907E-1,4.261876445E0,4.404499598E0
1.680359196E1,-2.722358723E-1,-1.016838403E0,3.039753410E0,3.216857706E0
1.681367196E1,3.232625499E-1,-8.550091088E-1,1.659291283E0,1.894409357E0
1.682375196E1,8.725162572E-1,-8.871220171E-2,6.209134912E-1,1.074564115E0
1.683383196E1,1.303278003E0,5.892812240E-1,-3.345788125E-1,1.468920997E0
1.684391196E1,1.792109909E0,7.364106184E-1,-1.443155973E0,2.415917567E0
1.685399196E1,2.467864144E0,4.085233229E-1,-2.905204300E0,3.833726224E0
1.686407196E1,3.231674815E0,-3.752269381E-1,-4.679529026E0,5.699342880E0
1.687415096E1,3.678924539E0,-1.001786501E0,-5.274567418E0,6.508388695E0
1.688423096E1,3.414931231E0,-7.203740448E-1,-2.998377342E0,4.601191233E0
1.689431096E1,2.853300321E0,-2.324449486E-1,-3.368522465E-1,2.882502872E0
1.690439096E1,2.500904421E0,-2.959176439E-1,1.104508631E0,2.749914451E0
1.691447096E1,2.425398886E0,-8.245977402E-1,1.545793319E0,2.991989000E0
1.692455096E1,2.445730094E0,-1.397349470E0,1.399697127E0,3.145366955E0
1.693463096E1,2.432588184E0,-1.828757041E0,9.259124458E-1,3.181061371E0
1.694471096E1,2.290527302E0,-1.838249411E0,3.406365645E-1,2.956638207E0
1.695479096E1,2.056427738E0,-1.627747893E0,-6.212900519E-2,2.623417287E0
1.696487096E1,1.826829799E0,-1.231658090E0,-4.238471210E-1,2.243643275E0
1.697495096E1,1.545814076E0,-6.725297874E-1,-1.382291136E0,2.180038132E0
1.698503096E1,1.398956870E0,-8.948403418E-2,-2.598016148E0,2.952079880E0
1.699511096E1,1.441489224E0,2.359895307E-1,-3.660747592E0,3.941402692E0
1.700519096E1,1.570915735E0,1.842925429E-1,-3.885854870E0,4.195427041E0
1.701527096E1,1.769640814E0,5.784358084E-2,-3.214816707E0,3.670152715E0
1.702535096E1,1.974048071E0,-1.023882544E-1,-2.806665267E0,3.432887861E0
1.703543096E1,2.147327968E0,-2.755851209E-1,-2.747854557E0,3.498238018E0
1.704550996E1,2.231517933E0,-5.710209543E-1,-2.895678601E0,3.700093482E0
1.705558996E1,2.191352532E0,-1.053514479E0,-3.097639675E0,3.937929689E0
1.706566996E1,2.020917890E0,-1.491856847E0,-3.054302452E0,3.954555530E0
1.707574996E1,1.942196679E0,-1.966150237E0,-3.108876269E0,4.159685848E0
1.708582996E1,1.927863253E0,-2.127246290E0,-3.238485652E0,4.327773425E0
1.709590996E1,1.922248903E0,-1.826305304E0,-2.640811334E0,3.742234147E0
1.710598996E1,1.681406768E0,-8.689880472E-1,-5.044708693E-1,1.958764867E0
1.711606996E1,1.339854968E0,9.606191790E-1,1.330248578E0,2.118386608E0
1.712614996E1,1.103152077E0,2.268246633E0,1.750268111E0,3.070069341E0
1.713622996E1,9.072576351E-1,2.591204141E0,1.559916683E0,3.157656628E0
1.714630996E1,6.240271336E-1,2.281359599E0,1.651674700E0,2.884794758E0
1.715638996E1,2.803423425E-1,2.103080333E0,1.830704749E0,2.802323784E0
1.716646996E1,-1.027423033E-1,2.503848494E0,1.763545969E0,3.064295619E0
1.717654996E1,-4.753222800E-1,3.089638930E0,1.623216301E0,3.522304806E0
1.718662996E1,-8.364376941E-1,3.705912071E0,1.748806307E0,4.182312254E0
1.719670996E1,-1.160086708E0,4.267940592E0,1.841181790E0,4.790727341E0
1.720678996E1,-1.626237265E0,4.323820093E0,1.837107450E0,4.971421489E0
1.721686896E1,-2.148084451E0,3.371227972E0,1.684511493E0,4.337859359E0
1.722694896E1,-2.401561104E0,1.705664381E0,1.280175362E0,3.211796331E0
1.723702896E1,-2.450810155E0,7.439529419E-2,2.394060588E-1,2.463599061E0
1.724710896E1,-2.447381494E0,-7.648608309E-1,-1.082139523E0,2.783112325E0
1.725718896E1,-1.993885335E0,-1.180532375E0,-1.966772965E0,3.039314283E0
1.726726896E1,-1.231594940E0,-1.322134981E0,-1.743366058E0,2.510815050E0
1.727735300E1,-7.717569640E-1,-1.151136668E0,-1.154276696E0,1.803629432E0
1.728743300E1,-4.522520906E-1,-8.410213995E-1,-8.273143566E-1,1.263446870E0
1.729751300E1,-4.529587997E-1,-2.855096000E-1,-4.604846779E-1,7.062106942E-1
1.730759300E1,-8.117873678E-1,7.488938391E-2,8.378701888E-2,8.195287761E-1
1.731767300E1,-1.256393712E0,-4.436101252E-1,2.899295104E-1,1.363588730E0
1.732775300E1,-1.468097564E0,-1.085647268E0,3.763455836E-1,1.864289796E0
1.733783300E1,-1.526417693E0,-1.023293145E0,2.648858126E-1,1.856675611E0
1.734791300E1,-1.599483915E0,-7.984706265E-1,-2.791682947E-1,1.809375326E0
1.735799300E1,-1.740724871E0,-6.100651520E-1,-9.613619216E-1,2.080028680E0
1.736807300E1,-2.063999444E0,-1.849988866E-1,-1.347806743E0,2.472023727E0
1.737815300E1,-2.512704102E0,2.110113949E-1,-1.518529945E0,2.943491278E0
1.738823200E1,-2.879790546E0,7.634592533E-2,-1.392915673E0,3.199880679E0
1.739831200E1,-2.878327865E0,-7.634972602E-1,-8.845562589E-1,3.106467309E0
1.740839200E1,-2.382733362E0,-1.551763326E0,7.850340173E-2,2.844565077E0
1.741847200E1,-1.192683255E0,-1.726896790E0,1.105825570E0,2.372238618E0
1.742855200E1,3.024174819E-1,-1.658131195E0,1.483722932E0,2.245504205E0
1.743863200E1,1.879793732E0,-1.485864621E0,9.117155524E-1,2.563716715E0
1.744871200E1,3.205637456E0,-1.791845323E0,-3.104086523E-1,3.685535876E0
1.745879200E1,3.947692099E0,-2.285691217E0,-7.300763297E-1,4.619704395E0
1.746887200E1,3.997372967E0,-3.055522766E0,2.310212977E-1,5.036723225E0
1.747895200E1,3.658861281E0,-3.933043070E0,1.098391567E0,5.482933311E0
1.748903200E1,2.695309138E0,-4.887984602E0,9.604507792E-1,5.663881224E0
1.749911200E1,1.293335982E0,-4.717910734E0,4.104992433E-1,4.909165844E0
1.750919200E1,-1.294879062E-1,-3.128711194E0,1.467605813E-1,3.134826873E0
1.751927200E1,-1.304886280E0,-6.420090759E-1,2.526536568E-1,1.476054784E0
1.752935200E1,-2.025734241E0,2.407150750E0,1.276891712E0,3.395353647E0
1.753943200E1,-2.221987556E0,6.518938524E0,2.614060907E0,7.366620841E0
1.754951200E1,-2.220009736E0,1.041612237E1,2.958295848E0,1.105330552E1
1.755959100E1,-2.225221944E0,1.056281966E1,4.041768537E0,1.152652006E1
1.756967100E1,-2.187968748E0,4.076494566E0,4.870522478E0,6.717663611E0
1.757975100E1,-2.273042520E0,-1.386930317E0,3.479372810E0,4.381362020E0
1.758983100E1,-2.539957389E0,-3.390221483E0,2.024858036E0,4.695214085E0
1.759991100E1,-2.685133521E0,-2.872701382E0,1.538960116E0,4.222647688E0
1.760999100E1,-2.697004538E0,-8.128518534E-1,2.125524724E0,3.528798233E0
1.762007100E1,-2.691488275E0,1.027462794E0,3.015549445E0,4.170530828E0
1.763015100E1,-2.485920931E0,2.052729959E0,3.292900425E0,4.608329021E0
1.764023100E1,-2.423581133E0,2.146157940E0,3.256374038E0,4.591700261E0
1.765031100E1,-2.738271848E0,1.071782350E0,3.537655517E0,4.600201808E0
1.766039100E1,-2.869862266E0,-3.358120269E-1,2.891200218E0,4.087532000E0
1.767047100E1,-2.874573368E0,-1.075133389E0,1.734789362E0,3.525418838E0
1.768055100E1,-2.226414629E0,-3.801239812E-1,5.749006184E-1,2.330649494E0
1.769063100E1,-9.598499047E-1,6.348602700E-1,5.085327107E-2,1.151931186E0
1.770071100E1,5.373459622E-2,1.089008247E0,9.123948526E-1,1.421721047E0
1.771079100E1,1.089714152E0,1.371749775E0,1.065579039E0,2.050520195E0
1.772087100E1,2.222257113E0,1.191825687E0,1.007395735E0,2.715459687E0
1.773095000E1,3.020871581E0,7.269334513E-1,1.101030707E0,3.296417141E0
1.774103000E1,3.600197920E0,3.429427063E-1,8.959127212E-1,3.725814591E0
1.775111000E1,4.052706923E0,1.693646014E-1,1.689986022E-1,4.059763330E0
1.776119000E1,4.294155999E0,-2.065920693E-1,-2.298435589E-1,4.305262371E0
1.777127000E1,4.471843819E0,-6.116292822E-1,-5.527408040E-1,4.547196930E0
1.778135000E1,4.534967728E0,-9.410748607E-1,-8.732828271E-1,4.713191815E0
1.779143000E1,4.334799118E0,-1.255605361E0,-6.046149623E-1,4.553305115E0
1.780151000E1,3.416219957E0,-1.122714522E0,-6.107533693E-2,3.596495084E0
1.781159000E1,2.046450926E0,-6.973827928E-1,1.077852345E-1,2.164699012E0
1.782167000E1,1.090102919E0,-7.546533465E-1,-1.662831187E-1,1.336217094E0
1.783175000E1,4.030909307E-1,-1.070623432E0,-7.198314232E-1,1.351619069E0
1.784183000E1,-2.974077337E-1,-1.064816562E0,-1.207428398E0,1.637122172E0
1.785191000E1,-9.749969707E-1,-7.119838750E-1,-1.513060606E0,1.935689161E0
1.786199000E1,-1.461677029E0,-1.310185611E-2,-1.859230975E0,2.365039368E0
1.787207000E1,-1.495737206E0,9.237209094E-1,-2.346651948E0,2.932109390E0
1.788215000E1,-6.170674852E-1,1.081577606E0,-2.580198512E0,2.864961912E0
1.789222900E1,3.881153343E-1,6.853609174E-1,-2.035827997E0,2.182876253E0
1.790230900E1,9.081947976E-1,6.327652127E-1,-1.679511539E0,2.011459325E0
1.791238900E1,1.313226456E0,5.922831845E-1,-1.770829260E0,2.282805152E0
1.792246900E1,1.556369762E0,4.892885739E-1,-1.762496978E0,2.401683939E0
1.793254900E1,1.592464040E0,2.223637640E-1,-1.478544492E0,2.184372032E0
1.794262900E1,1.438422506E0,-2.880654180E-1,-1.185053442E0,1.885840038E0
1.795270900E1,1.182173981E0,-8.881464493E-1,-1.089401180E0,1.836609476E0
1.796278900E1,7.706494282E-1,-1.414539115E0,-1.326964197E0,2.087020706E0
1.797286900E1,3.356806472E-1,-1.845024580E0,-1.604007028E0,2.467718733E0
1.798294900E1,-3.342608336E-2,-2.106213856E0,-1.749725490E0,2.738392484E0
1.799302900E1,-3.476848348E-1,-2.338053033E0,-1.544513948E0,2.823632424E0
1.800310900E1,-4.693652829E-1,-2.270232348E0,-8.310518968E-1,2.462702974E0
1.801318900E1,-3.098548113E-1,-1.655719804E0,1.950654531E-1,1.695720674E0
1.802326900E1,1.268515612E-1,-9.936676419E-1,9.978437233E-1,1.413916121E0
1.803334900E1,6.102066181E-1,-3.697516054E-1,1.295230188E0,1.478745957E0
1.804342900E1,9.066181690E-1,2.903300446E-1,1.363135657E0,1.662644538E0
1.805350900E1,1.146329233E0,1.198068759E0,1.266972349E0,2.086781827E0
1.806358900E1,1.422429494E0,2.026695816E0,1.221375176E0,2.760898208E0
1.807366800E1,1.590759284E0,2.496848792E0,7.586341310E-1,3.056189578E0
1.808374800E1,1.334807213E0,2.864540423E0,-5.676471474E-1,3.210844969E0
1.809382800E1,4.613501755E-1,3.196517261E0,-1.309243040E0,3.484922370E0
1.810390800E1,-1.311528278E-1,3.336946916E0,-5.909955911E-1,3.391414391E0
1.811398800E1,-2.100527073E-1,3.310521010E0,4.707201924E-1,3.350410273E0
1.812406800E1,1.058342379E-2,3.139665953E0,1.184057077E0,3.355533559E0
1.813414800E1,2.243313156E-1,2.485231544E0,1.342217828E0,2.833416500E0
1.814422800E1,3.415637502E-1,1.561290194E0,1.395931520E0,2.122007935E0
1.815430800E1,2.910677440E-1,6.497092742E-1,1.729334494E0,1.870144477E0
1.816438800E1,7.896211579E-2,-2.483996612E-1,1.786555347E0,1.805468752E0
1.817446800E1,-2.947059364E-1,-1.189605500E0,1.100444232E0,1.647115764E0
1.818454800E1,-7.227045988E-1,-1.722859288E0,-1.453652894E-1,1.873946939E0
1.819462800E1,-1.096288469E0,-1.527172276E0,-1.583683276E0,2.458079797E0
1.820470800E1,-1.528814320E0,-1.230467012E0,-2.968400422E0,3.558472054E0
1.821478800E1,-1.476518431E0,-8.017953533E-1,-3.535531808E0,3.914456237E0
1.822486800E1,-8.017221900E-1,-8.481795609E-1,-2.876472836E0,3.104233080E0
1.823494800E1,-3.759325509E-1,-1.070977773E0,-1.699796115E0,2.043924046E0
1.824502800E1,-4.372728032E-1,-1.048561887E0,-7.725662917E-1,1.373880712E0
1.825510700E1,-6.722430546E-1,-9.842226344E-1,-3.167419177E-1,1.233260054E0
1.826518700E1,-9.923718989E-1,-8.438321561E-1,-4.740057063E-1,1.386194829E0
1.827526363E1,-1.212885896E0,-6.403163069E-1,-9.906341064E-1,1.691878572E0
1.828534363E1,-1.506484827E0,-5.228679639E-1,-1.234661804E0,2.016749169E0
1.829542363E1,-1.768099634E0,-5.543359244E-1,-1.164813305E0,2.188665043E0
1.830550363E1,-1.983063893E0,-4.811346316E-1,-1.084200082E0,2.310740737E0
1.831558363E1,-2.070287686E0,-2.340786606E-1,-9.264609146E-1,2.280178446E0
1.832566363E1,-2.053521964E0,-3.752158284E-2,-6.928167021E-1,2.167568986E0
1.833574363E1,-1.723241257E0,2.040906304E-1,-5.137294237E-1,1.809732394E0
1.834582363E1,-5.646593298E-1,2.605057365E-1,-2.929209459E-1,6.873907753E-1
1.835590363E1,8.965962607E-1,3.271400213E-2,-3.036014700E-1,9.471688937E-1
1.836598363E1,2.154718848E0,-1.582607388E-1,-4.556359474E-1,2.208045265E0
1.837606363E1,3.131453831E0,-2.534306055E-1,-8.251602423E-1,3.248248696E0
1.838614363E1,3.846135904E0,-5.596498740E-1,-1.034561899E0,4.021975596E0
1.839622363E1,4.158551466E0,-1.182760164E0,-5.931672835E-1,4.363979758E0
1.840630363E1,4.073436472E0,-1.891506436E0,-1.419693728E-1,4.493421479E0
1.841638263E1,3.511483380E0,-3.029552357E0,2.825327826E-1,4.646345638E0
1.842646263E1,2.018293659E0,-4.747685925E0,1.019424481E0,5.258636440E0
1.843654263E1,3.543145906E-1,-5.579959890E0,1.421656930E0,5.769107352E0
1.844662263E1,-8.509438321E-1,-5.653992657E0,1.008472938E0,5.805924219E0
1.845670263E1,-1.603127169E0,-5.396078407E0,3.457752438E-1,5.639790724E0
1.846678263E1,-2.172807795E0,-3.948203731E0,-4.190873413E-1,4.526040279E0
1.847686263E1,-2.295110789E0,-9.696700841E-1,-1.411739907E0,2.863704448E0
1.848694263E1,-1.748639369E0,3.148181253E0,-1.650019938E0,3.961230950E0
1.849702263E1,-8.768248511E-1,9.219130672E0,-5.280585372E-1,9.275776948E0
1.850710263E1,-2.749208772E-1,1.521945567E1,1.031376336E0,1.525683943E1
1.851718263E1,-7.133040302E-2,1.563251701E1,3.980420719E0,1.613147313E1
1.852726263E1,-5.608412442E-1,7.248298570E0,6.542978182E0,9.780743251E0
1.853734263E1,-1.586683044E0,-6.379984707E-1,5.278393836E0,5.548517515E0
1.854742263E1,-2.566394990E0,-4.742817534E0,2.393178828E0,5.899831040E0
1.855750263E1,-3.759133720E0,-6.802523805E0,1.532772739E0,7.921793277E0
1.856758263E1,-4.630867327E0,-6.472424508E0,2.162847501E0,8.247128017E0
1.857766263E1,-4.868255220E0,-4.796550522E0,2.971923369E0,7.452458273E0
1.858774163E1,-4.954546382E0,-2.959928976E0,3.319478359E0,6.657901018E0
1.859782163E1,-4.992094277E0,-1.246170879E0,3.542845505E0,6.247055419E0
1.860790163E1,-4.971507985E0,1.218594825E-1,4.105197963E0,6.448518566E0
1.861798163E1,-5.031519129E0,6.838207608E-1,4.436295379E0,6.742737743E0
1.862806163E1,-4.777144783E0,5.095924455E-1,3.892822412E0,6.183434569E0
1.863814163E1,-3.285494342E0,4.832612640E-1,1.462038971E0,3.628439399E0
1.864822163E1,-1.216226849E0,1.388986198E0,-1.497830948E0,2.377390997E0
1.865830163E1,7.325570109E-1,2.398550080E0,-3.443683745E0,4.260122063E0
1.866838163E1,2.529557824E0,2.704209770E0,-4.296546925E0,5.672012760E0
1.867846163E1,3.666169131E0,2.458468838E0,-3.223958829E0,5.466148155E0
1.868854163E1,3.990117742E0,2.094068019E0,-1.044106309E0,4.625615467E0
1.869862163E1,4.082434460E0,1.255879596E0,4.179911345E-1,4.291645519E0
1.870870163E1,4.228756646E0,3.875142771E-1,3.125424474E-1,4.257961116E0
1.871878163E1,4.465218632E0,-2.856657207E-2,-1.387269455E-1,4.467464453E0
1.872886163E1,4.455870103E0,-3.556943142E-1,4.322630185E-1,4.490896140E0
1.873894163E1,4.213447466E0,-2.127907026E-1,7.305113626E-1,4.281596231E0
1.874902163E1,3.970564653E0,2.128444970E-2,3.699188358E-1,3.987816023E0
1.875910163E1,3.240275777E0,2.991961777E-1,2.446088747E-1,3.263240562E0
1.876918063E1,1.857344517E0,8.545378232E-1,3.162127447E-1,2.068804980E0
1.877926063E1,1.064600361E0,8.323289287E-1,-2.752697367E-2,1.351629797E0
1.878934063E1,5.291899735E-1,4.692010492E-1,-2.565840455E-1,7.523476756E-1
1.879942063E1,2.790411908E-2,2.305943048E-1,-3.137382030E-1,3.903639754E-1
1.880950063E1,-5.376473496E-1,2.190969247E-1,-2.391271101E-1,6.278932312E-1
1.881958063E1,-1.083073470E0,4.784361416E-1,-2.788098603E-1,1.216422714E0
1.882966063E1,-1.428244988E0,9.611144382E-1,-2.673744972E-1,1.742157809E0
1.883974063E1,-1.573251551E0,1.172469065E0,-5.554925767E-1,2.039209688E0
1.884982063E1,-1.088232176E0,7.641819692E-1,-1.108723231E0,1.731326241E0
1.885990063E1,-2.550566797E-1,2.406807518E-1,-1.470078893E0,1.511328252E0
1.886998063E1,2.600374110E-1,-1.390795326E-1,-1.283387822E0,1.316832135E0
1.888006063E1,5.775188188E-1,-6.057212555E-1,-1.077283995E0,1.364172655E0
1.889014063E1,8.797260202E-1,-1.141941921E0,-1.359779356E0,1.981653127E0
1.890022063E1,1.163272271E0,-1.443500959E0,-1.790294641E0,2.577217938E0
1.891030063E1,1.382668135E0,-1.630855688E0,-2.064078235E0,2.971847979E0
1.892038063E1,1.424814573E0,-1.829621844E0,-2.086684886E0,3.119593960E0
1.893046063E1,1.403283225E0,-2.098436474E0,-1.881823447E0,3.148634455E0
1.894054063E1,1.507692423E0,-2.337470065E0,-1.440139979E0,3.132236566E0
1.895061963E1,1.705179208E0,-2.291468850E0,-1.060698295E0,3.046891284E0
1.896069963E1,2.021666772E0,-2.125177546E0,-9.249687052E-1,3.075562264E0
1.897077963E1,2.447410730E0,-2.137879452E0,-1.150814413E0,3.447422464E0
1.898085963E1,2.884961239E0,-2.005402011E0,-1.654783664E0,3.883677066E0
1.899093963E1,3.158747756E0,-1.392717306E0,-1.794035105E0,3.890489795E0
1.900101963E1,3.286466441E0,-2.890717238E-1,-1.148181558E0,3.493242766E0
1.901109963E1,3.250172774E0,1.271829631E0,-3.229640130E-1,3.505064824E0
1.902117963E1,3.056956795E0,2.627900097E0,-4.811264455E-1,4.059843153E0
1.903125963E1,2.664563017E0,2.851673625E0,-1.407255238E0,4.148771606E0
1.904133963E1,1.715280419E0,1.963010282E0,-1.460715746E0,2.988191221E0
1.905141963E1,7.806603000E-1,1.231408998E0,-7.604941303E-1,1.644429976E0
1.906149963E1,1.718198107E-1,1.034022785E0,-4.860679275E-1,1.155416461E0
1.907157963E1,-3.399277723E-1,1.027834092E0,-4.632818397E-1,1.177549946E0
1.908165963E1,-7.485562355E-1,1.518005011E0,-3.969972914E-1,1.738471311E0
1.909173963E1,-1.077186493E0,2.419775473E0,-1.501261655E-1,2.652957208E0
1.910181963E1,-1.126253695E0,3.463278349E0,3.468684904E-1,3.658286766E0
1.911189963E1,-9.595150785E-1,4.293000004E0,7.925649387E-1,4.469751381E0
1.912197863E1,-8.812606220E-1,4.058802645E0,1.034609846E0,4.280294000E0
1.913205863E1,-1.105974601E0,2.849582076E0,1.029249703E0,3.225314369E0
1.914213863E1,-1.038338396E0,1.341723738E0,9.011448097E-1,1.921049500E0
1.915221863E1,-4.829863717E-1,1.093674910E-1,9.454848307E-1,1.067323123E0
1.916229863E1,-1.003706361E-1,-5.687773776E-1,1.012383410E0,1.165547999E0
1.917237863E1,-1.084508669E-1,-8.126957327E-1,1.041932314E0,1.325842710E0
1.918245863E1,-3.125039655E-1,-8.758772367E-1,9.140741730E-1,1.303975175E0
1.919253863E1,-5.882744431E-1,-9.839565861E-1,3.960722985E-1,1.212893503E0
1.920261863E1,-9.942666891E-1,-9.870848465E-1,-7.388424754E-2,1.402983117E0
1.921269863E1,-1.354027742E0,-8.836978877E-1,-2.278876652E-1,1.632864315E0
1.922277863E1,-1.562243729E0,-8.215606964E-1,-1.630742033E-1,1.772614070E0
1.923285863E1,-1.812337182E0,-5.062045687E-1,-7.133339971E-1,2.012375343E0
1.924293863E1,-2.042501132E0,8.426831782E-2,-2.131389627E0,2.953258161E0
1.925301863E1,-2.576835194E0,5.767716908E-1,-3.678646504E0,4.528265154E0
1.926309863E1,-3.151634326E0,5.540213442E-1,-4.407384406E0,5.446537972E0
1.927317771E1,-3.245868931E0,1.330650866E-2,-3.929811898E0,5.096985750E0
1.928325771E1,-2.937215759E0,-6.420570230E-1,-2.852682270E0,4.144546992E0
1.929333671E1,-2.645315737E0,-9.847553158E-1,-1.441730422E0,3.169546496E0
1.930341671E1,-2.439633787E0,-9.021973085E-1,1.073841520E-1,2.603325633E0
1.931349671E1,-2.126631456E0,-6.950977010E-1,1.139471473E0,2.510800151E0
1.932357671E1,-1.179582349E0,-6.678642941E-1,1.197206880E0,1.808524688E0
1.933365671E1,2.484317478E-1,-7.751852596E-1,4.040320035E-1,9.087752086E-1
1.934373671E1,2.031627358E0,-9.384301651E-1,-2.944926044E-1,2.257185590E0
1.935381671E1,3.491888191E0,-1.328523064E0,-3.854648280E-1,3.755907321E0
1.936389671E1,4.137371097E0,-2.308367888E0,8.334961060E-1,4.810521558E0
1.937397671E1,4.297578959E0,-3.509149171E0,1.899807143E0,5.864518735E0
1.938405671E1,4.280520877E0,-4.939933020E0,1.899401346E0,6.806873195E0
1.939413671E1,4.123009751E0,-6.474992021E0,9.868102466E-1,7.739413772E0
1.940421671E1,3.305122860E0,-7.965505178E0,5.220930617E-1,8.639773783E0
1.941429671E1,2.296506665E0,-7.754017820E0,6.067866182E-1,8.109680956E0
1.942437671E1,1.477716233E0,-5.025325758E0,-9.717429221E-1,5.327459859E0
1.943445671E1,9.801238824E-1,-1.224684700E0,-1.605391503E0,2.244499347E0
1.944453671E1,1.082202088E0,4.212574477E0,1.045454238E0,4.473244868E0
1.945461671E1,9.564977691E-1,1.207585220E1,4.460853685E0,1.290892365E1
1.946469671E1,-2.249834628E-1,1.641563227E1,6.737366527E0,1.774586453E1
1.947477671E1,-1.927910616E0,1.219861800E1,6.376497427E0,1.389902298E1
1.948485571E1,-2.886661902E0,2.858511944E0,4.695180852E0,6.208754360E0
1.949493571E1,-3.531683756E0,-1.913074476E0,3.540572108E0,5.354278191E0
1.950501571E1,-4.227900614E0,-3.748982661E0,3.268787677E0,6.528015585E0
1.951509571E1,-4.825793617E0,-3.707612441E0,3.616672450E0,7.079194422E0
1.952517571E1,-5.218541737E0,-2.630289854E0,3.675137590E0,6.903494686E0
1.953525571E1,-5.606189915E0,-1.080020492E0,3.635481774E0,6.768495945E0
1.954533571E1,-5.873098353E0,3.163548321E-1,4.100716656E0,7.170023831E0
1.955541571E1,-5.808164438E0,8.266021657E-1,4.074324664E0,7.142700242E0
1.956549571E1,-5.186740485E0,2.929636306E-1,2.868127105E0,5.934160230E0
1.957557571E1,-3.973013174E0,-3.362809736E-1,9.640199196E-1,4.102103483E0
1.958565571E1,-2.513058151E0,1.834341717E-1,-1.105119081E0,2.751435543E0
1.959573571E1,-8.447668335E-1,1.552863772E0,-3.515769973E0,3.935181750E0
1.960581571E1,8.039131417E-1,2.886922980E0,-5.430297482E0,6.202316614E0
1.961589571E1,2.350883140E0,3.224004437E0,-6.160708272E0,7.339971564E0
1.962597571E1,3.527466451E0,3.263790647E0,-5.115172319E0,7.018570852E0
1.963605571E1,3.791727854E0,2.598293890E0,-1.696728081E0,4.899716057E0
1.964613571E1,3.569836253E0,1.131901667E0,1.487515290E0,4.029594768E0
1.965621471E1,3.402824279E0,-2.356492227E-1,3.210387442E0,4.684157465E0
1.966629471E1,3.290582589E0,-1.483229281E0,3.800683742E0,5.241478778E0
1.967637471E1,3.087027563E0,-2.445171100E0,3.693224198E0,5.398935623E0
1.968645471E1,2.713066840E0,-3.056950656E0,3.192770365E0,5.186469087E0
1.969653471E1,2.061285166E0,-2.932516644E0,2.419639817E0,4.324720482E0
1.970661471E1,1.357810159E0,-2.189049021E0,1.352717088E0,2.909540783E0
1.971669471E1,7.408504824E-1,-1.525564876E0,4.138331429E-1,1.745699143E0
1.972677471E1,9.208200691E-2,-1.003000968E0,-3.600043334E-1,1.069622904E0
1.973685471E1,-5.670926486E-1,-5.559561878E-1,-1.152333008E0,1.399483018E0
1.974693471E1,-1.242857116E0,-2.762575507E-1,-1.775936803E0,2.185169003E0
1.975701471E1,-1.882286546E0,1.782991469E-2,-2.275410057E0,2.953102009E0
1.976709471E1,-2.432849993E0,1.965535694E-1,-2.761103178E0,3.685252116E0
1.977717471E1,-2.669415913E0,2.159464449E-1,-3.149018574E0,4.133851977E0
1.978725471E1,-1.980114703E0,3.040949750E-1,-2.953578900E0,3.568887265E0
1.979733471E1,-6.373516955E-1,5.754829645E-2,-2.253234492E0,2.342348109E0
1.980741471E1,4.780850163E-1,-3.085651714E-1,-1.792031849E0,1.880201025E0
1.981749471E1,1.353732750E0,-5.969837612E-1,-1.281488646E0,1.957343894E0
1.982757471E1,1.950784631E0,-7.052139688E-1,-5.221108226E-1,2.139038833E0
1.983765371E1,2.393829038E0,-7.362504047E-1,3.955441853E-1,2.535534919E0
1.984773371E1,2.662034973E0,-1.069752197E0,1.260163266E0,3.133498271E0
1.985781371E1,2.783368206E0,-1.949722484E0,1.569586224E0,3.743281615E0
1.986789371E1,2.767823091E0,-2.849237675E0,9.988968068E-1,4.095948586E0
1.987797371E1,2.663433335E0,-3.253049312E0,1.365629641E-1,4.206525454E0
1.988805371E1,2.463505922E0,-3.113761033E0,-5.450657487E-1,4.007675869E0
1.989813371E1,2.242997772E0,-2.482857574E0,-1.333989041E0,3.602103205E0
1.990821371E1,1.697531196E0,-1.245770929E0,-2.250645930E0,3.082039012E0
1.991829371E1,6.004020069E-1,1.182449092E0,-2.791621551E0,3.090601771E0
1.992837371E1,-4.291560274E-1,3.171413995E0,-2.468290991E0,4.041596471E0
1.993845371E1,-9.817850033E-1,4.088584269E0,-1.424180004E0,4.439449493E0
1.994853371E1,-1.283982045E0,4.063592100E0,-5.752380393E-1,4.300266206E0
1.995861371E1,-1.408324694E0,3.206486179E0,1.228898350E-1,3.504287941E0
1.996869371E1,-1.307892626E0,2.373310574E0,1.005848488E0,2.890487395E0
1.997877371E1,-1.282074099E0,1.886528116E0,2.351792235E0,3.276221764E0
1.998885371E1,-1.116944855E0,1.968123672E0,3.561984027E0,4.220048199E0
1.999893371E1,-6.102328210E-1,2.510404977E0,3.951420284E0,4.721042205E0
2.000901371E1,3.820592269E-1,2.643639048E0,2.953190060E0,3.981975414E0
2.001909271E1,1.399744928E0,2.408842934E0,1.607494308E0,3.216496245E0
2.002917271E1,2.050133210E0,2.137491197E0,4.217625886E-1,2.991621380E0
2.003925271E1,2.316660702E0,1.253103923E0,-7.113260633E-1,2.728217553E0
2.004933271E1,2.469755133E0,2.478956312E-1,-1.713117973E0,3.015943609E0
2.005941271E1,2.193671245E0,-5.164845586E-1,-2.376303471E0,3.275021835E0
2.006949271E1,1.444018145E0,-6.211520576E-1,-2.558509435E0,3.002830134E0
2.007957271E1,6.479850765E-1,-1.973832893E-1,-2.471768330E0,2.562905285E0
2.008965271E1,1.483111624E-1,7.358779371E-2,-2.515322485E0,2.520765473E0
2.009973271E1,-8.837940378E-2,2.903575265E-1,-2.876925118E0,2.892890691E0
2.010981271E1,-2.387836592E-1,4.493655396E-1,-3.254741496E0,3.294281292E0
2.011989271E1,-4.562351409E-1,4.631310546E-1,-3.326593251E0,3.389522612E0
2.012997271E1,-7.242055790E-1,3.505873561E-1,-2.832070250E0,2.944147944E0
2.014005271E1,-9.808956418E-1,7.695988297E-2,-1.834921176E0,2.082069837E0
2.015013271E1,-1.140699242E0,-1.314161718E-1,-9.245570612E-1,1.474201726E0
2.016021271E1,-1.186248832E0,-4.139682502E-1,-2.914825308E-1,1.289774426E0
2.017029271E1,-1.191329990E0,-6.835979819E-1,5.095914222E-2,1.374470872E0
2.018037271E1,-1.246969316E0,-6.755832034E-1,6.872817278E-2,1.419883341E0
2.019045271E1,-1.298437093E0,-4.821204722E-1,1.181254506E-1,1.390083687E0
2.020053171E1,-1.348097496E0,-1.128600329E-1,-1.084448369E-1,1.357153097E0
2.021061171E1,-1.382155480E0,3.793316835E-1,-6.101592922E-1,1.557735748E0
2.022069171E1,-1.248412409E0,7.999102110E-1,-1.375955093E0,2.022780835E0
2.023077171E1,-1.011799565E0,1.257406889E0,-1.986095674E0,2.559176913E0
2.024085171E1,-7.010190301E-1,1.184618409E0,-1.844764963E0,2.301718103E0
2.025093171E1,-1.767700817E-1,5.955839378E-1,-1.216600925E0,1.366047473E0
2.026101171E1,6.330346962E-1,1.209145725E-1,-4.356830915E-1,7.779286707E-1
2.027109171E1,1.593002715E0,-2.068581176E-1,-5.254074097E-2,1.607236280E0
2.028117550E1,2.563053891E0,-6.666650301E-1,-2.463571557E-1,2.659770546E0
2.029125550E1,3.536800069E0,-1.276993892E0,-4.576592302E-1,3.788023244E0
2.030133550E1,4.006809204E0,-2.101661214E0,-1.301052260E-1,4.526414389E0
2.031141550E1,4.088193382E0,-2.836337548E0,9.312895453E-1,5.062157251E0
2.032149550E1,4.060086694E0,-3.409889177E0,1.628742066E0,5.546570912E0
2.033157550E1,3.807032941E0,-4.154094719E0,1.551040610E0,5.844290352E0
2.034165550E1,3.477770965E0,-4.683767087E0,8.734757853E-1,5.898773175E0
2.035173550E1,3.033470284E0,-5.019158115E0,3.766344360E-1,5.876711976E0
2.036181550E1,2.246902542E0,-5.464483228E0,6.606418133E-2,5.908765731E0
2.037189550E1,1.204037305E0,-5.769436575E0,-3.664507791E-1,5.905115612E0
2.038197450E1,-1.212288603E-1,-5.088976209E0,-8.331744361E-1,5.158154217E0
2.039205450E1,-1.240289457E0,-2.942021293E0,-1.673271976E0,3.604670072E0
2.040213450E1,-9.064114700E-1,6.108966261E-1,-2.710642000E-1,1.126167057E0
2.041221450E1,-1.648863651E-1,6.451116085E0,4.256907481E0,7.730805104E0
2.042229450E1,-1.281018238E-1,1.439446616E1,9.064861243E0,1.701143073E1
2.043237450E1,-1.541093765E0,1.815957135E1,1.128383397E1,2.143524926E1
2.044245450E1,-3.881100499E0,1.089591916E1,9.989010168E0,1.528281125E1
2.045253450E1,-5.011733320E0,4.387265307E-1,6.397039865E0,8.138308846E0
2.046261450E1,-5.619605767E0,-4.517629564E0,3.817702063E0,8.158663794E0
2.047269450E1,-5.920222818E0,-6.411287776E0,2.393348397E0,9.048854386E0
2.048277450E1,-5.906642659E0,-6.116661782E0,1.745045524E0,8.680274347E0
2.049285450E1,-5.942303658E0,-4.717495582E0,1.791469932E0,7.795838752E0
2.050293450E1,-6.313776099E0,-3.352736737E0,1.968118994E0,7.414722155E0
2.051301450E1,-6.657535077E0,-1.943973502E0,2.503663137E0,7.373610742E0
2.052309450E1,-6.483796758E0,-5.290011084E-1,2.833303428E0,7.095566988E0
2.053317450E1,-5.199975073E0,1.097440517E-1,2.605721608E0,5.817350738E0
2.054325450E1,-3.297861788E0,4.357286632E-1,1.673309398E0,3.723669719E0
2.055333350E1,-1.518446476E0,1.774196087E0,3.876721519E-1,2.367222244E0
2.056341350E1,2.694791294E-1,2.927628372E0,-1.311860254E0,3.219410538E0
2.057349350E1,2.199274047E0,4.129171547E0,-3.932509219E0,6.111586762E0
2.058357350E1,3.865191395E0,4.285518492E0,-6.107966387E0,8.403131955E0
2.059365350E1,4.936956203E0,2.940157785E0,-6.672028570E0,8.805340970E0
2.060373350E1,5.009220772E0,1.485176988E0,-3.799578618E0,6.460250855E0
2.061381350E1,4.335304025E0,5.597101003E-1,-6.825690547E-2,4.371818316E0
2.062389350E1,3.866109992E0,-4.455367827E-1,1.363836154E0,4.123755394E0
2.063397350E1,3.510221550E0,-1.088292548E0,2.026032742E0,4.196527692E0
2.064405350E1,3.007374161E0,-1.351412575E0,2.588836604E0,4.191979276E0
2.065413350E1,2.448609994E0,-1.216461761E0,2.923676239E0,4.002918044E0
2.066421350E1,1.941535505E0,-6.484737575E-1,2.736333788E0,3.417250493E0
2.067429350E1,1.419752931E0,-2.823211133E-2,2.050465332E0,2.494173914E0
2.068437350E1,9.844140577E-1,3.026998293E-1,1.194511313E0,1.577198625E0
2.069445350E1,6.685932957E-1,4.927530491E-1,4.528498588E-1,9.459891950E-1
2.070453350E1,1.922895971E-1,4.783174431E-1,-1.616123629E-1,5.402605125E-1
2.071461350E1,-5.350526112E-1,4.261170101E-1,-7.313136005E-1,1.001337398E0
2.072469350E1,-1.393428181E0,5.900132954E-1,-1.547426592E0,2.164321336E0
2.073477350E1,-1.951150521E0,1.014684874E0,-2.380786239E0,3.241098095E0
2.074485250E1,-1.466331412E0,1.199237033E0,-3.360675502E0,3.857776186E0
2.075493250E1,-1.969820607E-1,1.054983299E0,-4.050524742E0,4.190291443E0
2.076501250E1,8.072141142E-1,8.395613497E-1,-3.608781048E0,3.792065208E0
2.077509250E1,1.523694060E0,4.296861506E-1,-2.455176271E0,2.921329200E0
2.078517250E1,1.909753257E0,8.234166026E-2,-1.121847453E0,2.216411370E0
2.079525250E1,2.038725293E0,-3.283463019E-1,-2.301254312E-1,2.077780024E0
2.080533250E1,2.213034592E0,-1.139429957E0,1.848163804E-1,2.495992754E0
2.081541250E1,2.470643910E0,-1.944799713E0,5.745532572E-2,3.144777953E0
2.082549250E1,2.789839904E0,-2.481795135E0,-2.397879551E-1,3.741658997E0
2.083557250E1,3.051180623E0,-2.813354482E0,-3.767888025E-1,4.167329653E0
2.084565250E1,3.230611206E0,-2.846357921E0,-3.940591387E-1,4.323642537E0
2.085573250E1,3.201297068E0,-2.698900498E0,-4.345498645E-1,4.209655615E0
2.086581250E1,2.665665509E0,-2.351902748E0,-7.874341531E-1,3.641053651E0
2.087589250E1,1.965423720E0,-1.957915603E0,-1.184569950E0,3.016542702E0
2.088597250E1,1.285686801E0,-2.002449167E0,-1.389001400E0,2.755379848E0
2.089605250E1,6.874762939E-1,-2.088445337E0,-1.684684571E0,2.769907884E0
2.090613250E1,3.515851104E-1,-1.959662166E0,-1.373833723E0,2.418947497E0
2.091621250E1,3.158341010E-1,-1.035603288E0,-3.534115613E-2,1.083270209E0
2.092629250E1,2.929886639E-1,2.907095289E-1,1.492404001E0,1.548426326E0
2.093637150E1,2.211829371E-1,1.204982507E0,2.337789323E0,2.639349097E0
2.094645150E1,3.347617207E-1,1.612017714E0,2.066724685E0,2.642350742E0
2.095653150E1,6.742339584E-1,2.789366865E0,9.374822583E-1,3.018945498E0
2.096661150E1,6.186920609E-1,3.905174071E0,-4.625147581E-1,3.980839646E0
2.097669150E1,2.991897823E-2,4.507911492E0,-1.861344743E0,4.877167766E0
2.098677150E1,-8.598160317E-1,4.431510603E0,-2.905243476E0,5.368240819E0
2.099685150E1,-1.619309630E0,3.463759575E0,-2.586866092E0,4.616456460E0
2.100693150E1,-1.910855457E0,2.332932041E0,-1.201710844E0,3.246236196E0
2.101701150E1,-1.624645215E0,1.579396682E0,-9.482721984E-4,2.265825865E0
2.102709150E1,-9.164108665E-1,1.169099314E0,8.359477705E-1,1.704526549E0
2.103717150E1,-2.097646588E-1,7.146700859E-1,1.515036526E0,1.688221022E0
2.104725150E1,1.353479766E-1,6.510699213E-2,1.905183073E0,1.911094068E0
2.105733150E1,1.553086624E-1,-3.349688584E-1,1.863382498E0,1.899610289E0
2.106741150E1,-1.500733304E-1,-2.605390656E-1,1.478145711E0,1.508415511E0
2.107749150E1,-5.826912658E-1,-1.386041540E-1,9.748853619E-1,1.144177299E0
2.108757150E1,-8.788575625E-1,-1.814964044E-1,4.633690363E-1,1.009971497E0
2.109765150E1,-1.071205668E0,-1.759456426E-1,2.956279144E-2,1.085961515E0
2.110773050E1,-1.070005381E0,-1.596763498E-1,-4.321461473E-1,1.164971392E0
2.111781050E1,-9.870189191E-1,-4.922478497E-2,-1.120662734E0,1.494160095E0
2.112789050E1,-9.378249051E-1,1.538776660E-1,-1.562976531E0,1.829231950E0
2.113797050E1,-1.026551652E0,3.904946029E-1,-1.684699189E0,2.011095643E0
2.114805050E1,-1.132419292E0,6.662288278E-1,-1.565414236E0,2.043711338E0
2.115813050E1,-1.233627724E0,8.873354405E-1,-1.223245701E0,1.950777176E0
2.116821050E1,-1.398977043E0,9.729556346E-1,-9.867855421E-1,1.969143250E0
2.117829050E1,-1.535344344E0,9.476617491E-1,-8.151210847E-1,1.979840253E0
2.118837050E1,-1.564999376E0,6.962817621E-1,-8.267021531E-1,1.901964192E0
2.119845050E1,-1.547151188E0,4.413694721E-1,-1.216645364E0,2.017104299E0
2.120853050E1,-1.428883358E0,5.949834287E-2,-1.816024729E0,2.311534884E0
2.121861050E1,-1.211392883E0,-2.724714786E-1,-2.620347834E0,2.899644149E0
2.122869050E1,-1.063539311E0,-4.048582882E-1,-3.271830568E0,3.464087379E0
2.123877050E1,-8.289905340E-1,-6.848527944E-1,-3.483897970E0,3.646065513E0
2.124885050E1,-5.521079160E-1,-1.034639082E0,-2.990319879E0,3.212057621E0
2.125893050E1,-3.027305455E-1,-1.356583852E0,-1.431763258E0,1.995472766E0
2.126901050E1,1.081096636E-1,-1.556370347E0,9.418157029E-1,1.822359233E0
2.127908771E1,5.530004569E-1,-1.467992021E0,3.116347257E0,3.488901017E0
2.128916771E1,9.512449960E-1,-1.446273708E0,4.122478824E0,4.471175051E0
2.129924671E1,1.557208838E0,-1.488797584E0,4.017169300E0,4.558406169E0
2.130932671E1,2.317516150E0,-1.435417768E0,2.417721931E0,3.643718514E0
2.131940671E1,2.975905031E0,-1.435954542E0,6.436651535E-3,3.304242368E0
2.132948671E1,3.082639813E0,-1.432163208E0,-1.263286264E0,3.626244869E0
2.133956671E1,2.463463237E0,-1.657379243E0,-8.323323639E-1,3.083558697E0
2.134964671E1,1.701496778E0,-1.972804368E0,2.263246679E-1,2.615008837E0
2.135972671E1,8.853193936E-1,-2.270544589E0,-3.626092315E-1,2.463868628E0
2.136980671E1,-1.291436514E-1,-2.721409355E0,-1.615523704E0,3.167438050E0
2.137988671E1,-8.345297476E-1,-3.456290342E0,-1.826462009E0,3.997292371E0
2.138996671E1,-1.474862061E0,-3.844691057E0,-1.681201969E0,4.447843015E0
2.140004671E1,-1.962091100E0,-2.388084733E0,-2.118609953E0,3.747166704E0
2.141012671E1,-1.520590065E0,9.862136114E-1,-2.131174450E0,2.797626846E0
2.142020671E1,-2.056685016E-2,4.583841680E0,1.569991436E0,4.845296756E0
2.143028671E1,4.585964658E-1,7.461570498E0,7.093777710E0,1.030567937E1
2.144036671E1,-1.869674248E-1,9.037948848E0,9.070785642E0,1.280619492E1
2.145044671E1,-1.765120039E0,6.856474895E0,7.763541180E0,1.050711513E1
2.146052671E1,-3.282003554E0,1.433181208E0,5.342085217E0,6.431440754E0
2.147060671E1,-3.960943644E0,-2.678331748E0,3.412211691E0,5.874157312E0
2.148068571E1,-4.356066026E0,-3.835809721E0,2.208701513E0,6.210242331E0
2.149076571E1,-4.585202620E0,-2.634070664E0,1.938961269E0,5.632227102E0
2.150084571E1,-4.867785981E0,-7.321614468E-1,1.646587622E0,5.190631131E0
2.151092571E1,-4.995286857E0,7.346693176E-1,9.092911506E-1,5.130247575E0
2.152100571E1,-4.139754715E0,1.515502403E0,-4.341670912E-2,4.408650773E0
2.153108571E1,-3.221474055E0,1.187808650E0,-6.705364716E-1,3.498342984E0
2.154116571E1,-2.261177788E0,-1.764800781E-1,-7.880947423E-1,2.401075495E0
2.155124571E1,-1.327269567E0,-1.468483772E0,-4.712148303E-1,2.034731557E0
2.156132571E1,-6.161714724E-1,-1.472128342E0,-2.066715731E-1,1.609205480E0
2.157140571E1,1.387648428E-1,-4.663031691E-1,-1.695399996E-1,5.152068891E-1
2.158148571E1,1.132478495E0,9.718586969E-1,-3.653580076E-1,1.536392965E0
2.159156571E1,2.068379739E0,2.093918915E0,-4.568482214E-1,2.978489796E0
2.160164571E1,2.723478392E0,2.332940227E0,-6.408981049E-1,3.642896518E0
2.161172571E1,3.222570700E0,1.989197037E0,-1.093621700E0,3.941811156E0
2.162180571E1,3.689280543E0,9.473764050E-1,-1.593612433E0,4.128911911E0
2.163188571E1,4.001174534E0,-2.445568711E-1,-1.301907708E0,4.214756149E0
2.164196571E1,3.958351866E0,-1.176378513E0,-2.719914039E-1,4.138404913E0
2.165204571E1,3.734314336E0,-1.688524438E0,8.083126599E-1,4.177270364E0
2.166212471E1,3.488992065E0,-1.721845965E0,1.500025992E0,4.169879750E0
2.167220471E1,3.114655657E0,-1.352495479E0,1.945915947E0,3.913682761E0
2.168228471E1,2.515438845E0,-7.540616083E-1,2.011014168E0,3.307600259E0
2.169236471E1,1.736763090E0,-1.614053714E-1,1.396846025E0,2.234631187E0
2.170244471E1,1.077393704E0,-1.859765410E-2,4.808088686E-1,1.179957725E0
2.171252471E1,4.941804276E-1,-2.773012787E-1,-3.101392418E-1,6.459850180E-1
2.172260471E1,-1.299308146E-1,-5.652111608E-1,-1.018503033E0,1.172046970E0
2.173268471E1,-9.496666132E-1,-7.332700789E-1,-1.846288163E0,2.201892746E0
2.174276471E1,-1.960700047E0,-6.606318730E-1,-2.563770175E0,3.294494902E0
2.175284471E1,-2.754718019E0,9.620599329E-2,-3.219581603E0,4.238328993E0
2.176292471E1,-3.044912993E0,1.003071134E0,-3.711157023E0,4.904113914E0
2.177300471E1,-2.331302568E0,1.308774678E0,-3.826766417E0,4.668190660E0
2.178308471E1,-4.816253592E-1,1.211460053E0,-2.965364547E0,3.239287784E0
2.179316471E1,8.873740321E-1,1.344409364E0,-1.642647184E0,2.300686633E0
2.180324471E1,1.710422845E0,1.184255882E0,-3.428509051E-1,2.108448492E0
2.181332471E1,2.351394625E0,9.035515237E-1,5.069220221E-1,2.569519794E0
2.182340471E1,2.817364210E0,4.485714877E-1,6.110668532E-1,2.917560654E0
2.183348471E1,3.171609292E0,-1.832973468E-1,-8.909987211E-3,3.176914038E0
2.184356471E1,3.455178201E0,-9.034655696E-1,-9.911860836E-1,3.706340013E0
2.185364371E1,3.543992729E0,-1.493763624E0,-1.885697812E0,4.283348044E0
2.186372371E1,3.259997266E0,-1.807065625E0,-2.494153810E0,4.484849114E0
2.187380371E1,2.661876513E0,-1.858774307E0,-2.627228252E0,4.176476600E0
2.188388371E1,2.137582706E0,-1.916856455E0,-2.421567644E0,3.756006969E0
2.189396371E1,1.573608231E0,-1.919435661E0,-2.074361733E0,3.234726066E0
2.190404371E1,9.875923848E-1,-1.713414865E0,-1.365444577E0,2.403241168E0
2.191412371E1,4.200887500E-1,-1.174078218E0,-6.434463215E-1,1.403195421E0
2.192420371E1,-2.572393539E-1,-5.865143216E-1,-4.080339110E-1,7.593831754E-1
2.193428371E1,-8.061405654E-1,1.014556235E-1,-4.308123243E-1,9.196494514E-1
2.194436371E1,-1.086735069E0,9.540147489E-1,9.577571131E-2,1.449244713E0
2.195444371E1,-9.507852586E-1,1.880413098E0,8.582881542E-1,2.275215283E0
2.196452371E1,-4.699112666E-1,2.717439680E0,1.381102397E0,3.084272823E0
2.197460371E1,-8.646515328E-2,3.424604280E0,1.931978524E0,3.932929152E0
2.198468371E1,2.736237821E-1,4.066818008E0,2.165296462E0,4.615450948E0
2.199476371E1,5.444065482E-1,4.039068877E0,1.871138830E0,4.484597686E0
2.200484371E1,4.991781890E-1,3.262589629E0,1.256871284E0,3.531769439E0
2.201492371E1,3.113933965E-1,2.517860761E0,7.192472132E-1,2.637025827E0
2.202500371E1,7.976830979E-2,1.760284976E0,5.319492745E-1,1.840634731E0
2.203508371E1,-2.822959338E-1,7.281753999E-1,8.240527797E-1,1.135338448E0
2.204516271E1,-6.923382537E-1,-2.787484646E-1,7.961352485E-1,1.091267290E0
2.205524271E1,-1.126117309E0,-1.209829849E0,3.854945026E-2,1.653273879E0
2.206532271E1,-1.483671623E0,-1.699355235E0,-8.763492532E-1,2.420140019E0
2.207540271E1,-1.730644563E0,-1.550061201E0,-1.775997614E0,2.924378200E0
2.208548271E1,-1.641868188E0,-1.019962571E0,-2.339405494E0,3.034612472E0
2.209556271E1,-1.119812110E0,-4.062212741E-1,-2.888086576E0,3.124106105E0
2.210564271E1,-1.476435657E-1,-3.778973615E-1,-2.810274169E0,2.839409436E0
2.211572271E1,7.335282335E-1,-4.436867237E-1,-2.130647031E0,2.296645020E0
2.212580271E1,1.137300182E0,-2.155160898E-1,-1.035802093E0,1.553314155E0
2.213588271E1,1.257311433E0,2.558390737E-2,-4.133070032E-1,1.323748184E0
2.214596271E1,1.141321751E0,1.837241936E-1,-5.268499178E-1,1.270409680E0
2.215604271E1,8.619556010E-1,9.152354300E-2,-1.302805840E0,1.564815348E0
2.216612271E1,6.009656785E-1,-2.155353856E-1,-2.232054707E0,2.321569182E0
2.217620271E1,4.568298392E-1,-5.578003997E-1,-2.763726239E0,2.856224346E0
2.218628271E1,4.200351018E-1,-7.410041910E-1,-2.844361682E0,2.969159827E0
2.219636271E1,4.626221276E-1,-7.599889308E-1,-2.624857206E0,2.771547900E0
2.220644271E1,6.075530786E-1,-5.816412520E-1,-2.329218475E0,2.476426052E0
2.221652271E1,9.731210377E-1,-3.630664837E-1,-2.005433586E0,2.258438773E0
2.222660171E1,1.594547549E0,2.062137544E-2,-1.361078607E0,2.096554817E0
2.223668171E1,2.172061982E0,3.581080449E-1,2.037052989E-2,2.201478954E0
2.224676171E1,2.565673736E0,4.740834743E-1,1.658249309E0,3.091476610E0
2.225684171E1,3.042191991E0,1.682062680E-1,2.840453403E0,4.165501289E0
2.226692171E1,3.376901525E0,-7.968158644E-1,3.291119363E0,4.782242789E0
2.227700158E1,3.352085357E0,-2.489926273E0,3.045220556E0,5.168130931E0
2.228708158E1,2.337299327E0,-4.330102926E0,2.846803479E0,5.684808664E0
2.229716158E1,5.018841342E-1,-4.759911869E0,2.866038480E0,5.578783492E0
2.230724158E1,-9.712448124E-1,-3.817427244E0,2.907133881E0,4.895660798E0
2.231732158E1,-1.870355887E0,-2.845092584E0,2.599507188E0,4.283715744E0
2.232740158E1,-2.574344864E0,-1.627093005E0,2.327504071E0,3.833009044E0
2.233748158E1,-3.460213531E0,4.830618739E-2,2.605554963E0,4.331781138E0
2.234756158E1,-4.658112136E0,1.748992833E0,3.409676923E0,6.031822389E0
2.235764158E1,-6.077419948E0,3.189063231E0,4.875087399E0,8.418529246E0
2.236772158E1,-7.433436036E0,3.921781332E0,6.731676602E0,1.076809222E1
2.237780158E1,-8.411220886E0,4.024012297E0,7.891349620E0,1.221534734E1
2.238788158E1,-8.806027225E0,3.088416277E0,7.554038951E0,1.200616238E1
2.239796158E1,-7.961509191E0,2.303191348E0,4.352066238E0,9.361132385E0
2.240804158E1,-6.124228663E0,2.081630992E0,2.029551011E-1,6.471518762E0
2.241812058E1,-4.594163770E0,1.692366643E0,-1.923969008E0,5.260427962E0
2.242820058E1,-3.169133289E0,1.147126647E0,-3.025558709E0,4.529162268E0
2.243828058E1,-1.503186705E0,5.789410079E-1,-4.050296701E0,4.358858374E0
2.244836058E1,9.805590615E-2,4.207258773E-1,-4.964891276E0,4.983650329E0
2.245844058E1,1.250001536E0,6.143745500E-1,-4.897129648E0,5.091349400E0
2.246852058E1,1.700632998E0,6.750464290E-1,-3.326095068E0,3.796149191E0
2.247860058E1,1.940669094E0,6.999181455E-1,-8.633461419E-1,2.236391849E0
2.248868058E1,2.344588612E0,2.110651892E-1,9.995020667E-1,2.557469189E0
2.249876058E1,2.911700264E0,-1.041252868E0,1.362474337E0,3.379133362E0
2.250884058E1,3.639087459E0,-2.178359141E0,3.885357857E-1,4.259009995E0
2.251892058E1,4.426966147E0,-2.761445825E0,-1.183852863E0,5.350244846E0
2.252900058E1,5.114126253E0,-3.058576182E0,-2.515271614E0,6.468057427E0
2.253908058E1,5.558260288E0,-3.045063851E0,-3.583494179E0,7.280666303E0
2.254916058E1,5.937315983E0,-3.037592279E0,-5.603945754E0,8.711078920E0
2.255924058E1,4.454414731E0,-2.309732628E0,-7.032112389E0,8.638708241E0
2.256932058E1,2.314829354E0,-1.091547108E0,-5.403793223E0,5.979204899E0
2.257940058E1,1.845269578E0,-1.196640285E0,-3.701850595E0,4.305887320E0
2.258948058E1,1.590977239E0,-1.729920970E0,-2.777995784E0,3.638831642E0
2.259956058E1,1.336654787E0,-2.272120414E0,-1.882345749E0,3.239197850E0
2.260963958E1,9.332236581E-1,-2.775403714E0,-1.661879845E0,3.366840773E0
2.261971958E1,6.393482273E-1,-3.286937435E0,-2.022945850E0,3.912164844E0
2.262979958E1,6.045525433E-1,-3.803467602E0,-1.741252143E0,4.226559901E0
2.263987958E1,6.859000307E-1,-3.215404937E0,1.814116198E-1,3.292749298E0
2.264995958E1,9.503776346E-1,-1.100678705E0,2.790586594E0,3.146757823E0
2.266003958E1,1.247518370E0,1.568444263E0,4.604229752E0,5.021478975E0
2.267011958E1,1.248534324E0,3.927169542E0,5.303980082E0,6.716673528E0
2.268019958E1,1.162080170E0,5.063149642E0,5.494640243E0,7.561546536E0
2.269027958E1,9.465778215E-1,5.579780965E0,5.470767231E0,7.871420411E0
2.270035958E1,4.840042624E-1,6.359356315E0,5.245828353E0,8.257989342E0
2.271043958E1,-1.048185400E-1,6.894456069E0,4.952730821E0,8.489643927E0
2.272051958E1,-7.654550542E-1,7.380252686E0,4.367873601E0,8.610015734E0
2.273059958E1,-1.460668091E0,7.828952227E0,3.517796034E0,8.706373136E0
2.274067958E1,-2.196820409E0,6.687328979E0,2.618528180E0,7.510198308E0
2.275075958E1,-2.538573353E0,3.776888498E0,1.155881976E0,4.695242756E0
2.276083958E1,-2.519186617E0,7.179527128E-1,-1.040642272E0,2.818633295E0
2.277091958E1,-1.793228482E0,-1.209085498E0,-3.856756201E0,4.421778435E0
2.278099958E1,-6.203077197E-1,-2.192547995E0,-6.133737990E0,6.543301163E0
2.279107858E1,7.677099598E-1,-2.405850914E0,-6.887866257E0,7.336225104E0
2.280115858E1,1.645390405E0,-2.150514116E0,-5.754784622E0,6.359997373E0
2.281123858E1,1.514547845E0,-1.692425700E0,-4.523981979E0,5.062071994E0
2.282131858E1,7.764945973E-1,-1.649330551E0,-3.394322720E0,3.852877087E0
2.283139858E1,1.128952441E-1,-2.315996166E0,-2.000538151E0,3.062472280E0
2.284147858E1,-4.892562680E-1,-2.848899706E0,-4.594706976E-1,2.926895036E0
2.285155858E1,-6.698353174E-1,-3.011858683E0,6.423406130E-1,3.151598569E0
2.286163858E1,-7.729280882E-1,-2.823887072E0,1.245604869E0,3.181711412E0
2.287171858E1,-7.394700278E-1,-2.502252789E0,1.631272595E0,3.077195999E0
2.288179858E1,-4.299430991E-1,-2.035060258E0,1.725429139E0,2.702485344E0
2.289187858E1,-5.732504245E-2,-1.298281850E0,1.747960215E0,2.178115432E0
2.290195858E1,1.352828624E-1,-4.343779564E-1,1.704054642E0,1.763742579E0
2.291203858E1,1.009364090E-1,2.758833289E-1,1.405536742E0,1.435908528E0
2.292211858E1,-1.863936302E-1,8.427913517E-1,8.479450876E-1,1.209979636E0
2.293219858E1,-5.516492750E-1,1.326409881E0,1.608275752E-2,1.436641482E0
2.294227858E1,-7.062163277E-1,1.651859472E0,-1.786322043E0,2.533441860E0
2.295235858E1,-6.218046800E-1,2.047202001E0,-4.321939629E0,4.822534525E0
2.296243858E1,2.565011795E-1,1.717022012E0,-4.603910494E0,4.920360686E0
2.297251758E1,9.906524520E-1,1.257448989E0,-2.203933693E0,2.723948231E0
2.298259758E1,1.068271097E0,1.402506714E0,2.736730814E-2,1.763229194E0
2.299267758E1,1.176853892E0,1.663309489E0,1.038287745E0,2.286837331E0
2.300275758E1,1.253749601E0,1.762334425E0,1.184726583E0,2.466026716E0
2.301283758E1,1.034341897E0,1.456021602E0,8.322423899E-1,1.970403375E0
2.302291758E1,4.292413967E-1,5.822622263E-1,7.425355768E-1,1.036646786E0
2.303299758E1,-6.433577362E-1,-5.061747479E-1,1.302240415E0,1.538165189E0
2.304307758E1,-1.551287363E0,-1.893808485E0,1.363654890E0,2.802241552E0
2.305315758E1,-2.257282958E0,-2.872033630E0,7.783567894E-1,3.734935450E0
2.306323758E1,-2.873794227E0,-3.295594237E0,-1.450647426E-1,4.375006105E0
2.307331758E1,-3.190466563E0,-3.082690099E0,-9.314111674E-1,4.533164667E0
2.308339758E1,-3.192730312E0,-2.437392549E0,-1.649656241E0,4.342323686E0
2.309347758E1,-3.006414632E0,-1.799275380E0,-2.122915843E0,4.096668465E0
2.310355758E1,-2.443246489E0,-1.509310201E0,-2.686541823E0,3.932553580E0
2.311363758E1,-1.176780948E0,-2.194376419E0,-3.170161521E0,4.031132017E0
2.312371758E1,-7.327182479E-2,-3.247736531E0,-2.883977737E0,4.344017602E0
2.313379758E1,5.420432498E-1,-4.099831973E0,-1.937769460E0,4.566988457E0
2.314387758E1,9.226670949E-1,-4.558568845E0,-9.934502716E-1,4.755923456E0
2.315395758E1,1.244277258E0,-4.468295437E0,-1.865026443E-1,4.642054851E0
2.316403758E1,1.723943654E0,-3.591958024E0,6.119627197E-1,4.030960498E0
2.317411658E1,2.171211797E0,-8.795557201E-1,1.311311785E0,2.684644768E0
2.318419658E1,2.588499219E0,4.909370794E0,3.692335421E0,6.666002600E0
2.319427658E1,2.662400716E0,1.249672075E1,8.065796621E0,1.511004574E1
2.320435658E1,2.401517542E0,1.814879259E1,1.116475192E1,2.144289264E1
2.321443658E1,1.254765409E0,1.436097916E1,8.910170814E0,1.694707357E1
2.322451658E1,-4.739294732E-1,3.002694342E0,5.197974740E0,6.021604757E0
2.323459658E1,-1.433131068E0,-3.726843933E0,2.405703564E0,4.661613454E0
2.324467658E1,-2.396061797E0,-7.014450874E0,1.085105158E0,7.491400831E0
2.325475658E1,-3.328133115E0,-8.666543650E0,1.476013817E0,9.400216256E0
2.326483658E1,-3.660633864E0,-8.187988225E0,2.043856809E0,9.198953317E0
2.327491546E1,-3.852366989E0,-6.180906309E0,2.318202320E0,7.643192803E0
2.328499546E1,-4.391387009E0,-3.575912679E0,3.399559486E0,6.605182515E0
2.329507546E1,-4.910231504E0,-5.266797638E-1,4.395263128E0,6.611059141E0
2.330515546E1,-5.360446644E0,1.847949942E0,3.748279826E0,6.796977921E0
2.331523546E1,-5.071879535E0,2.244603417E0,2.409376200E0,6.047090225E0
2.332531546E1,-3.657760250E0,1.113288226E0,1.299572915E0,4.038255871E0
2.333539546E1,-2.181892321E0,1.222136484E0,8.546232839E-2,2.502314028E0
2.334547546E1,-4.596408151E-1,2.585949833E0,-2.628060311E0,3.715522469E0
2.335555546E1,2.123557282E0,3.411259764E0,-8.866453521E0,9.734484411E0
2.336563446E1,5.210678401E0,4.006901005E0,-1.609859273E1,1.738882149E1
2.337571446E1,4.660399860E0,4.031896682E0,-5.841313473E0,8.490963479E0
2.338579446E1,3.551982949E0,3.322151121E0,3.679249352E0,6.098372467E0
2.339587446E1,3.418013591E0,1.505752171E0,6.594858187E0,7.579067292E0
2.340595446E1,3.465258801E0,-6.282464844E-1,6.772360359E0,7.633320184E0
2.341603446E1,3.838388928E0,-2.309108146E0,5.205084955E0,6.867176958E0
2.342611446E1,4.176417634E0,-3.286181974E0,3.784926665E0,6.524348710E0
2.343619446E1,4.314063722E0,-3.504965488E0,2.588115642E0,6.131416757E0
2.344627446E1,3.803901465E0,-2.786392386E0,1.186534542E0,4.862253912E0
2.345635446E1,2.436474244E0,-1.170478088E0,2.449088734E-1,2.714112387E0
2.346643446E1,1.125413889E0,2.005290914E-1,-1.504710964E-1,1.153000385E0
2.347651446E1,9.133540884E-2,9.225315857E-1,-1.363844340E0,1.649084008E0
2.348659446E1,-1.376563203E0,1.563244334E0,-4.264363266E0,4.745888027E0
2.349667446E1,-3.032722133E0,2.325044147E0,-6.824115234E0,7.821239195E0
2.350675446E1,-3.129992319E0,2.184321547E0,-4.100935342E0,5.602301600E0
2.351683446E1,-2.108439745E0,1.514887860E0,-1.257777602E0,2.884858382E0
2.352691446E1,-4.859278867E-1,9.467811584E-1,-4.131473011E-1,1.141582746E0
2.353699446E1,9.081659270E-1,3.165764415E-1,-1.364217538E-2,9.618586711E-1
2.354707346E1,1.841809781E0,-3.861776036E-1,5.742527103E-1,1.967527023E0
2.355715346E1,2.445630545E0,-8.545272982E-1,1.089104142E0,2.810244384E0
2.356723346E1,2.837407881E0,-1.154626286E0,1.159853697E0,3.275561927E0
2.357731346E1,3.118176851E0,-1.502490594E0,8.781167203E-1,3.570937388E0
2.358739346E1,3.408406908E0,-1.920356013E0,2.109809893E-1,3.917846072E0
2.359747346E1,3.463181578E0,-2.568840296E0,-1.297039901E0,4.502763552E0
2.360755346E1,2.592684656E0,-2.746261775E0,-3.002578567E0,4.824877772E0
2.361763346E1,1.542331182E0,-2.515621862E0,-3.354515460E0,4.467651822E0
2.362771346E1,7.818464807E-1,-2.232630658E0,-2.274306103E0,3.281522791E0
2.363779346E1,-4.817360178E-2,-1.750821258E0,-1.323747643E0,2.195450659E0
2.364787346E1,-8.275132350E-1,-1.585832128E0,-1.152241280E0,2.127745675E0
2.365795346E1,-1.419434111E0,-1.504491511E0,-1.133620237E0,2.358682417E0
2.366803346E1,-1.811548393E0,-1.023847461E0,-1.314098568E0,2.461062017E0
2.367811346E1,-2.006845834E0,2.461502373E-1,-1.008042510E0,2.259240989E0
2.368819346E1,-1.766778309E0,1.865272903E0,1.997712191E-1,2.576947251E0
2.369827346E1,-8.908076634E-1,3.160665643E0,1.264802447E0,3.518958771E0
2.370835346E1,-1.544496333E-1,3.341314201E0,1.734491592E0,3.767850364E0
2.371843346E1,-1.993754357E-2,3.044580871E0,1.925627863E0,3.602487037E0
2.372851346E1,-4.875935757E-1,3.206998395E0,1.727670231E0,3.675245656E0
2.373859246E1,-1.055560712E0,3.818386188E0,8.487981963E-1,4.051510814E0
2.374867246E1,-1.319653130E0,3.773619905E0,-3.082424781E-1,4.009576660E0
2.375875246E1,-9.043741538E-1,3.194504065E0,-9.099637266E-1,3.442496596E0
2.376883246E1,-1.187516874E-1,2.557849284E0,-8.127507696E-1,2.686495624E0
2.377891246E1,5.432798994E-1,2.131955053E0,-1.834915475E-1,2.207726103E0
2.378899246E1,8.074098498E-1,1.550167036E0,5.137531780E-1,1.821776834E0
2.379907246E1,6.738012645E-1,4.092249888E-1,1.018463856E0,1.287921528E0
2.380915246E1,4.308282579E-1,-6.313215351E-1,1.045399713E0,1.295005957E0
2.381923246E1,3.232807859E-1,-1.344613432E0,3.563842126E-1,1.428112550E0
2.382931246E1,3.968775332E-1,-1.736037158E0,-8.315542457E-1,1.965405620E0
2.383939246E1,5.905494120E-1,-1.652436592E0,-1.918583137E0,2.600049337E0
2.384947246E1,6.717092769E-1,-1.386510487E0,-2.831934595E0,3.223888681E0
2.385955246E1,5.311708640E-1,-1.264221234E0,-3.492913792E0,3.752445146E0
2.386963246E1,2.826828733E-1,-1.233528029E0,-3.099838228E0,3.348208185E0
2.387971246E1,-1.407469393E-1,-1.154884148E0,-1.733905263E0,2.088059999E0
2.388979246E1,-6.217956899E-1,-7.386501020E-1,-4.408595949E-1,1.061409928E0
2.389987246E1,-1.023375006E0,-2.509315056E-1,6.525001502E-1,1.239362525E0
2.390995246E1,-1.206338330E0,9.137151539E-2,1.220393429E0,1.718418180E0
2.392003246E1,-1.310865058E0,2.794162166E-1,1.425396810E0,1.956577800E0
2.393011146E1,-1.339756150E0,2.236904973E-1,1.410479393E0,1.958171621E0
2.394019146E1,-1.442816250E0,6.548355281E-2,1.216409136E0,1.888295001E0
2.395027146E1,-1.695589774E0,-2.117083830E-1,8.404203057E-1,1.904245628E0
2.396035146E1,-1.936064558E0,-4.329816413E-1,3.896654677E-1,2.021795799E0
2.397043146E1,-2.186745218E0,-4.498935431E-1,-3.239755082E-1,2.255929737E0
2.398051146E1,-2.437957098E0,-3.553043050E-1,-1.749558259E0,3.021726338E0
2.399059146E1,-2.337835370E0,-1.263787955E-1,-3.465751137E0,4.182448656E0
2.400067146E1,-1.356216793E0,-1.744949484E-1,-3.797249672E0,4.035948160E0
2.401075146E1,-1.692704977E-1,-3.886550689E-1,-2.200096750E0,2.240564878E0
2.402083146E1,4.871761941E-1,-8.254748225E-2,-4.772356351E-1,6.869560265E-1
2.403091146E1,1.135468615E0,3.431526214E-1,-1.649492227E-2,1.186302988E0
2.404099146E1,1.807583104E0,5.908588028E-1,-5.327444228E-1,1.974914535E0
2.405107146E1,2.371779919E0,5.901746786E-1,-1.394153967E0,2.813771742E0
2.406115146E1,2.691880331E0,4.555875617E-1,-1.587549455E0,3.158178750E0
2.407123146E1,2.744655838E0,3.443846297E-1,-9.474968576E-1,2.923950536E0
2.408131146E1,2.506143526E0,1.011369503E-1,-3.806945964E-1,2.536910016E0
2.409139146E1,1.904978713E0,-7.038854814E-1,4.876724035E-3,2.030867413E0
2.410147146E1,6.269322496E-1,-2.589066399E0,8.880585218E-1,2.808016525E0
2.411155146E1,-4.344568938E-1,-3.655514919E0,1.033309279E0,3.823515422E0
2.412163046E1,-1.149764545E0,-3.735318303E0,7.584705551E-1,3.981185617E0
2.413171046E1,-1.785607367E0,-3.354141823E0,2.530465166E-1,3.808240221E0
2.414179046E1,-2.169979350E0,-2.636056378E0,-4.694880744E-1,3.446450734E0
2.415187046E1,-2.047949275E0,-2.156653692E0,-1.174009806E0,3.197428718E0
2.416195046E1,-1.500951899E0,-2.390606638E0,-1.891752019E0,3.398026251E0
2.417203046E1,-1.022497777E0,-1.747656160E0,-2.199074511E0,2.989269553E0
2.418211046E1,-8.902399718E-1,2.868831110E-1,-1.112805830E0,1.453673259E0
2.419219046E1,-3.749622054E-1,2.321162766E0,2.147382932E0,3.184281190E0
2.420227046E1,1.462775282E-1,3.256137811E0,5.042145274E0,6.003920346E0
2.421235046E1,1.502210366E-1,2.839150059E0,6.726139873E0,7.302348732E0
2.422243046E1,-1.172173049E-1,2.289838062E0,6.792178327E0,7.168736616E0
2.423251046E1,-4.782303196E-1,1.255056308E0,5.553187244E0,5.713296696E0
2.424259046E1,-9.515039545E-1,2.710640538E-1,4.815101398E0,4.915692929E0
2.425267046E1,-1.518859143E0,8.459991342E-1,4.114012055E0,4.466289604E0
2.426275046E1,-1.931444673E0,2.214272740E0,2.810204587E0,4.065800304E0
2.427283046E1,-2.409456891E0,2.608549907E0,1.430670998E0,3.828424563E0
2.428291096E1,-2.812249943E0,1.613125761E0,2.146770874E-1,3.249155385E0
2.429299096E1,-2.947269169E0,5.104508168E-1,-4.511373190E-1,3.024976111E0
2.430307096E1,-3.029425765E0,7.291928154E-1,-4.397332750E-2,3.116259983E0
2.431314996E1,-2.811061789E0,1.375342305E0,1.171594906E0,3.341596843E0
2.432322996E1,-2.078005718E0,1.319297327E0,2.421098113E0,3.452588779E0
2.433330996E1,-1.126440368E0,9.428383809E-1,3.103559396E0,3.433641368E0
2.434338996E1,-2.943853080E-1,6.706639409E-1,3.329112232E0,3.408730128E0
2.435346996E1,1.818326924E-1,5.262160796E-1,3.076442349E0,3.126413923E0
2.436354996E1,2.947193301E-1,3.025454628E-1,2.478751659E0,2.514478679E0
2.437362996E1,3.374833804E-1,1.546138304E-1,1.686199585E0,1.726577397E0
2.438370996E1,3.957287015E-1,-3.377246511E-1,5.598089182E-1,7.642284803E-1
2.439378996E1,5.121211104E-1,-1.022773912E0,-7.262616062E-1,1.354913439E0
2.440386996E1,8.835135542E-1,-1.512424428E0,-2.258719180E0,2.858292530E0
2.441394996E1,1.489726561E0,-1.850699303E0,-3.900584006E0,4.567157620E0
2.442402996E1,1.860674945E0,-1.673053874E0,-4.500523535E0,5.149362349E0
2.443410996E1,1.703379143E0,-6.870326364E-1,-3.073901734E0,3.580835966E0
2.444418996E1,1.440498413E0,2.281150854E-1,-1.187627386E0,1.880832523E0
2.445426996E1,1.481998149E0,1.229090577E-1,-4.188839678E-1,1.544955964E0
2.446434996E1,1.686670870E0,-3.478438425E-1,-3.356044142E-1,1.754560995E0
2.447442996E1,1.852976355E0,-7.930362242E-1,-3.435519862E-1,2.044616294E0
2.448450996E1,1.940209649E0,-1.039809190E0,-5.337951674E-1,2.265072607E0
2.449458996E1,1.967257553E0,-1.221472240E0,-9.077485820E-1,2.487188011E0
2.450466996E1,1.957171983E0,-1.012813765E0,-1.386249116E0,2.603459334E0
2.451474896E1,2.059428383E0,-5.847104555E-1,-1.903969191E0,2.865000918E0
2.452482896E1,2.259894471E0,-1.562533897E-1,-2.468139548E0,3.350112083E0
2.453490896E1,2.349141254E0,1.792925888E-1,-2.822518238E0,3.676577168E0
2.454498896E1,2.235681297E0,5.372848588E-1,-2.752139397E0,3.586253914E0
2.455506896E1,2.134435442E0,7.479775804E-1,-2.629439085E0,3.468318759E0
2.456514896E1,2.038323735E0,7.060758483E-1,-2.802787394E0,3.536795715E0
2.457522896E1,1.882850656E0,5.997676206E-1,-2.996247202E0,3.589198390E0
2.458530896E1,1.575834705E0,4.931331182E-1,-3.049829332E0,3.468125465E0
2.459538896E1,1.011903500E0,3.608346015E-1,-3.025999589E0,3.211047152E0
2.460546896E1,4.515997972E-1,3.161256212E-1,-2.980428729E0,3.030978917E0
2.461554896E1,8.909599833E-2,4.099962366E-1,-2.809596477E0,2.840751199E0
2.462562896E1,-6.423637826E-2,5.350564849E-1,-2.401135719E0,2.460866615E0
2.463570896E1,1.794054401E-1,1.001420465E0,-1.686852134E0,1.969898318E0
2.464578896E1,4.110353233E-1,1.300521918E0,-7.065512270E-1,1.536073544E0
2.465586896E1,4.385237054E-1,1.355088719E0,4.411864543E-1,1.491044588E0
2.466594896E1,4.645221438E-1,1.156510259E0,1.423668957E0,1.892123173E0
2.467602896E1,6.071240026E-1,1.016485232E0,1.883975807E0,2.225130698E0
2.468610896E1,8.925974230E-1,9.520161706E-1,1.973511297E0,2.365969523E0
2.469618896E1,1.070428573E0,1.045121385E0,1.936680270E0,2.447207901E0
2.470626796E1,1.052705955E0,1.447908005E0,1.964935185E0,2.658119204E0
2.471634796E1,1.087496742E0,1.921157082E0,1.903613096E0,2.915001975E0
2.472642796E1,1.195951483E0,2.146091282E0,1.637296396E0,2.952413797E0
2.473650796E1,8.161885670E-1,1.949300900E0,1.331371243E0,2.497696371E0
2.474658796E1,-1.171162395E-1,1.501820503E0,1.496449835E0,2.123333028E0
2.475666796E1,-1.121523663E0,6.974091053E-1,1.520306621E0,2.013833908E0
2.476674796E1,-2.048677400E0,-4.217947483E-2,5.312062396E-1,2.116846302E0
2.477682796E1,-2.419783659E0,-2.320929462E-1,-9.833642632E-1,2.622255778E0
2.478690796E1,-2.523767034E0,-1.595839638E-1,-2.417632468E0,3.498544531E0
2.479698796E1,-2.360606767E0,-2.060061783E-1,-3.634894128E0,4.339050377E0
2.480706796E1,-2.044947169E0,-2.839419615E-1,-5.036834832E0,5.443540860E0
2.481714796E1,-1.389985779E0,-2.861446077E-1,-5.848128988E0,6.017852761E0
2.482722796E1,-7.708993236E-1,-3.879773766E-1,-4.967064686E0,5.041482302E0
2.483730796E1,-5.540211249E-1,-6.479083318E-1,-3.314708785E0,3.422574900E0
2.484738796E1,-4.706667634E-1,-1.084122899E0,-1.404652058E0,1.835727939E0
2.485746796E1,-4.254786403E-1,-1.331011055E0,3.912313521E-1,1.451097678E0
2.486754796E1,-1.756156221E-1,-1.586239679E0,1.552321150E0,2.226364328E0
2.487762796E1,3.717542402E-1,-1.899464496E0,2.086109959E0,2.845702259E0
2.488770796E1,9.429336905E-1,-2.090007713E0,2.046781586E0,3.073527460E0
2.489778696E1,1.387604647E0,-2.284034700E0,1.708479230E0,3.171933551E0
2.490786696E1,1.915239261E0,-2.503144489E0,7.972842264E-1,3.251082265E0
2.491794696E1,2.300722654E0,-2.600562025E0,-2.758353452E-1,3.483149827E0
2.492802696E1,2.389111505E0,-2.643631446E0,-9.006454575E-1,3.675296348E0
2.493810696E1,2.131028562E0,-2.709678086E0,-8.280382419E-1,3.545318800E0
2.494818696E1,1.740245545E0,-2.675114610E0,1.135388947E-1,3.193365593E0
2.495826696E1,1.418094660E0,-2.530752702E0,1.017158246E0,3.074136074E0
2.496834696E1,1.138352462E0,-1.788359213E0,1.503284061E0,2.598833963E0
2.497842696E1,7.996578305E-1,-5.858301973E-1,9.954791093E-1,1.404858827E0
2.498850696E1,6.665977141E-1,1.220443715E0,-1.642132044E-2,1.390721048E0
2.499858696E1,9.506629787E-1,3.417682931E0,-9.876051756E-1,3.682347172E0
2.500866696E1,1.375032110E0,5.277491611E0,8.078277064E-1,5.513185704E0
2.501874696E1,9.389343412E-1,5.508432071E0,4.305562162E0,7.054238946E0
2.502882696E1,-1.944059602E-1,3.421885909E0,5.521132808E0,6.498461690E0
2.503890696E1,-1.687672498E0,-1.241615313E-1,4.570615278E0,4.873825866E0
2.504898696E1,-2.686152399E0,-2.035768940E0,3.434113022E0,4.811746267E0
2.505906696E1,-3.574414915E0,-2.019515435E0,2.823680080E0,4.982775710E0
2.506914696E1,-4.491462105E0,-1.351042446E0,3.050309973E0,5.594902900E0
2.507922696E1,-5.656199981E0,-2.647923303E-1,4.199917009E0,7.049965680E0
2.508930596E1,-6.675486614E0,1.218194291E0,5.938854386E0,9.017544581E0
2.509938596E1,-7.536325396E0,2.369547890E0,6.997904423E0,1.055374929E1
2.510946596E1,-7.996241067E0,3.135872864E0,6.394715012E0,1.070821880E1
2.511954596E1,-7.534439085E0,3.352420403E0,4.308693931E0,9.304371997E0
2.512962596E1,-6.405635272E0,3.026773760E0,2.156473013E0,7.405666648E0
2.513970596E1,-4.030779572E0,2.590935169E0,-5.985209942E-3,4.791676620E0
2.514978596E1,-1.549698528E0,2.032276399E0,-2.033358718E0,3.265924152E0
2.515986596E1,5.591095912E-1,1.098878932E0,-3.641724261E0,3.844774901E0
2.516994596E1,2.270359963E0,5.444284022E-1,-4.957502149E0,5.479759503E0
2.518002596E1,3.409774864E0,3.432391602E-1,-4.961087662E0,6.029657414E0
2.519010596E1,3.999871190E0,4.178964096E-1,-3.923500414E0,5.618492898E0
2.520018596E1,4.030753552E0,6.285329980E-1,-1.723012485E0,4.428408286E0
2.521026596E1,3.949372297E0,6.021012443E-1,3.320610746E-1,4.008781860E0
2.522034596E1,4.023758235E0,-1.398250526E-1,6.656756812E-1,4.080846174E0
2.523042596E1,4.241848269E0,-1.403650430E0,-4.992926482E-1,4.495865258E0
2.524050596E1,4.574070106E0,-2.636600754E0,-2.172007311E0,5.708887512E0
2.525058596E1,4.646587567E0,-3.536495429E0,-3.007182664E0,6.568159827E0
2.526066596E1,4.313751188E0,-4.399237481E0,-2.785481974E0,6.761704634E0
2.527074596E1,3.877841553E0,-4.662524153E0,-2.294185467E0,6.483831703E0
2.528082900E1,3.660724788E0,-4.261681148E0,-2.219844552E0,6.040740188E0
2.529090900E1,3.383941573E0,-3.287258447E0,-2.567842761E0,5.371307579E0
2.530098900E1,2.800332440E0,-2.587406960E0,-2.822289612E0,4.743612042E0
2.531106900E1,1.742507102E0,-1.493799292E0,-3.114737518E0,3.869025347E0
2.532114900E1,1.012921719E0,-1.106775012E0,-3.638234058E0,3.935442592E0
2.533122900E1,1.409596463E0,-1.851307998E0,-3.263047466E0,4.007715341E0
2.534130900E1,2.129691011E0,-1.474183638E0,-2.787928450E0,3.805436406E0
2.535138900E1,2.619537117E0,-1.468925822E-1,-2.760213232E0,3.808192383E0
2.536146900E1,2.571476513E0,1.185054027E0,-2.476686423E0,3.761757587E0
2.537154900E1,2.079417821E0,2.351453097E0,-1.234823772E0,3.373143917E0
2.538162900E1,1.377321441E0,3.352082434E0,-6.885162212E-2,3.624667094E0
2.539170900E1,3.220804987E-1,3.930756224E0,-1.225541317E-1,3.945833227E0
2.540178900E1,-8.978694919E-1,3.669954033E0,-1.130218254E0,3.943618330E0
2.541186900E1,-1.583880327E0,2.580665705E0,-1.811467409E0,3.528445344E0
2.542194900E1,-1.711051128E0,2.048967276E0,-1.742842147E0,3.188018446E0
2.543202900E1,-2.078854734E0,2.224514138E0,-9.333418449E-1,3.184529346E0
2.544210900E1,-2.294092642E0,2.790574899E0,3.479648433E-1,3.629221521E0
2.545218900E1,-2.324022200E0,3.422046708E0,1.779018286E0,4.502931148E0
2.546226900E1,-1.893146872E0,4.350632501E0,3.288319132E0,5.772785372E0
2.547234900E1,-1.486557516E0,5.382729798E0,4.526003362E0,7.188069265E0
2.548242800E1,-8.223974329E-1,5.426437735E0,4.897367045E0,7.355730283E0
2.549250800E1,-4.010315779E-1,4.827858269E0,4.778578520E0,6.804693561E0
2.550258800E1,-2.924641322E-1,3.413275300E0,4.455809877E0,5.620518232E0
2.551266800E1,-3.062551557E-1,2.059887536E0,3.714701021E0,4.258630361E0
2.552274800E1,-2.902452600E-1,6.946018571E-1,2.950900875E0,3.045411306E0
2.553282800E1,-5.419063519E-1,-1.424264789E-1,2.114094733E0,2.187085809E0
2.554290800E1,-6.545984235E-1,-8.965535760E-1,1.334986576E0,1.736230564E0
2.555298800E1,-6.882951234E-1,-1.626630490E0,4.045454621E-1,1.811997230E0
2.556306800E1,-5.523062462E-1,-2.129315620E0,-1.335694674E0,2.573539870E0
2.557314800E1,-1.963254184E-1,-2.110116872E0,-3.630970062E0,4.204174173E0
2.558322800E1,-2.067977451E-2,-1.879211496E0,-5.242200741E0,5.568889665E0
2.559330800E1,-9.710207909E-2,-1.916680453E0,-5.877347524E0,6.182742651E0
2.560338800E1,-1.696161778E-1,-2.356164199E0,-5.671058925E0,6.143385770E0
2.561346800E1,-6.227080017E-1,-2.642987668E0,-4.103483559E0,4.920541270E0
2.562354800E1,-1.110316890E0,-2.876255904E0,-2.380295073E0,3.895055360E0
2.563362800E1,-1.152140415E0,-3.120320440E0,-1.048237294E0,3.487496037E0
2.564370800E1,-1.160438638E0,-3.397220600E0,8.351695061E-2,3.590919202E0
2.565378800E1,-1.254036846E0,-3.743931252E0,1.047434032E0,4.084941576E0
2.566386700E1,-1.106450272E0,-4.026421350E0,1.605201030E0,4.473585971E0
2.567394700E1,-8.868912714E-1,-4.316389452E0,1.700429953E0,4.723267519E0
2.568402700E1,-5.737880029E-1,-4.640018220E0,1.519812970E0,4.916180755E0
2.569410700E1,6.675546840E-3,-4.890713498E0,1.418925111E0,5.092393500E0
2.570418700E1,5.320291621E-1,-4.960612868E0,1.483451475E0,5.204936439E0
2.571426700E1,9.446326721E-1,-4.658539860E0,1.411214973E0,4.958412267E0
2.572434700E1,1.220845126E0,-3.801418152E0,1.096040767E0,4.140356042E0
2.573442700E1,1.368764333E0,-1.828211496E0,-2.558343959E-1,2.298113207E0
2.574450700E1,1.724121409E0,1.457654729E0,-2.474624695E0,3.349793922E0
2.575458700E1,2.092024418E0,5.725489486E0,-3.575620611E-1,6.106197397E0
2.576466700E1,1.545557530E0,9.490845521E0,6.297071189E0,1.149425954E1
2.577474700E1,6.723991022E-1,1.192439996E1,8.989804044E0,1.494857892E1
2.578482700E1,-8.151734903E-1,1.085157973E1,8.046165179E0,1.353373801E1
2.579490700E1,-2.636859786E0,5.179670032E0,5.774319584E0,8.192971246E0
2.580498700E1,-3.529675822E0,-8.037266886E-1,3.710134345E0,5.183597675E0
2.581506700E1,-3.059146577E0,-4.032784290E0,3.269698673E0,6.025998367E0
2.582514700E1,-1.667595645E0,-3.674735886E0,3.108717810E0,5.093985227E0
2.583522700E1,-1.146195478E0,-1.825259237E0,2.935582924E0,3.641837786E0
2.584530700E1,-1.568207597E0,7.548246700E-1,3.457117138E0,3.870490183E0
2.585538700E1,-2.127842122E0,2.386763847E0,4.425801966E0,5.460043663E0
2.586546600E1,-2.620969685E0,3.503582622E0,4.941895931E0,6.600523363E0
2.587554600E1,-3.130353385E0,3.208131586E0,4.543336263E0,6.382250778E0
2.588562600E1,-3.305490650E0,1.269880754E0,3.597266711E0,5.047691884E0
2.589570600E1,-3.340353504E0,-4.905275989E-1,2.597785183E0,4.259937407E0
2.590578600E1,-3.046918588E0,-9.878356290E-1,1.180256386E0,3.413581294E0
2.591586600E1,-2.145494866E0,-6.746154892E-1,-7.232578915E-1,2.362489419E0
2.592594600E1,-7.564627674E-1,-3.706257641E-1,-3.202732852E0,3.311660776E0
2.593602600E1,5.725569447E-1,-3.449178958E-1,-5.602844138E0,5.642574966E0
2.594610600E1,1.508694051E0,-3.325060111E-1,-7.276122546E0,7.438324898E0
2.595618600E1,1.994337178E0,-1.319558698E-1,-7.284123875E0,7.553360429E0
2.596626600E1,2.068318636E0,-1.713731200E-1,-5.004621937E0,5.417891791E0
2.597634600E1,1.706849758E0,-3.909729052E-1,-1.465676524E0,2.283506860E0
2.598642600E1,1.391955121E0,-2.753050393E-1,1.276697438E0,1.908739970E0
2.599650600E1,1.304016653E0,2.343797922E-2,2.917075317E0,3.195361822E0
2.600658600E1,1.199726007E0,-4.464466095E-1,3.473744865E0,3.702102167E0
2.601666600E1,1.582085086E0,-1.334770814E0,3.100583748E0,3.728032447E0
2.602674600E1,2.153263476E0,-1.875701412E0,2.515997838E0,3.805922294E0
2.603682600E1,2.483555147E0,-2.044062046E0,1.665472959E0,3.622159024E0
2.604690600E1,2.723782155E0,-1.708985599E0,1.759836495E-1,3.220340238E0
2.605698500E1,2.538607852E0,-9.871649534E-1,-1.610319682E0,3.164198785E0
2.606706500E1,1.417667960E0,-4.246704090E-1,-2.829840707E0,3.193450458E0
2.607714500E1,3.597455576E-1,-9.860042810E-2,-3.274788675E0,3.295964165E0
2.608722500E1,-3.256392603E-1,6.407612801E-2,-3.207435767E0,3.224560571E0
2.609730500E1,-7.901163440E-1,8.272055984E-2,-2.829016249E0,2.938445076E0
2.610738500E1,-1.065054836E0,-8.988924623E-2,-2.462454300E0,2.684418570E0
2.611746500E1,-1.348609712E0,-2.475290108E-1,-2.043865580E0,2.461179651E0
2.612754500E1,-1.591746294E0,-6.462167323E-2,-1.375485561E0,2.104707285E0
2.613762500E1,-1.480496731E0,6.950117469E-2,-8.533331506E-1,1.710227601E0
2.614770500E1,-9.593336686E-1,-8.336375356E-2,-1.142037304E0,1.493827234E0
2.615778500E1,-1.923731757E-1,-1.825705379E-1,-2.085445715E0,2.102242439E0
2.616786500E1,4.916170082E-1,-1.084781295E-1,-2.924172083E0,2.967193481E0
2.617794500E1,1.024956824E0,-1.013608986E-1,-3.716894311E0,3.856956552E0
2.618802500E1,1.081753168E0,-4.244026065E-2,-3.484030117E0,3.648349894E0
2.619810500E1,5.901648845E-1,4.289950097E-1,-1.434513642E0,1.609397620E0
2.620818500E1,-8.589866772E-2,1.116229375E0,5.972620156E-1,1.268884752E0
2.621826500E1,-4.950578023E-1,1.533574977E0,1.113953639E0,1.959037301E0
2.622834500E1,-5.288731640E-1,9.057161629E-1,5.640773857E-1,1.190887017E0
2.623842500E1,-4.987170629E-1,-2.205452800E-2,-2.282261825E-1,5.489009942E-1
2.624850400E1,-6.595222177E-1,1.861811936E-1,-3.507469851E-1,7.698418279E-1
2.625858400E1,-9.892082629E-1,1.254187996E0,-2.096454122E-1,1.611046777E0
2.626866400E1,-1.296382820E0,1.795924340E0,-8.925953764E-2,2.216736321E0
2.627874400E1,-1.409322083E0,2.300121560E0,3.687610505E-1,2.722633401E0
2.628882400E1,-1.232475969E0,2.973990360E0,7.934098613E-1,3.315586657E0
2.629890400E1,-8.019352479E-1,3.288410348E0,9.552853489E-1,3.517003392E0
2.630898400E1,-1.256522424E-1,3.132014287E0,1.092410742E0,3.319437182E0
2.631906400E1,5.458189797E-1,2.281192369E0,1.670774630E0,2.879799445E0
2.632914400E1,1.110080078E0,8.782371730E-1,2.305801545E0,2.705605122E0
2.633922400E1,1.457642157E0,-4.279594678E-1,2.489435107E0,2.916360252E0
2.634930400E1,1.732074792E0,-1.476611987E0,2.055302149E0,3.066713708E0
2.635938400E1,1.942667380E0,-2.151658416E0,8.603289056E-1,3.023864467E0
2.636946400E1,1.938744191E0,-1.971926116E0,-5.951629748E-1,2.828681780E0
2.637954400E1,1.595877498E0,-1.313123252E0,-1.804215692E0,2.743412461E0
2.638962400E1,1.130768331E0,-5.950144190E-1,-2.284577907E0,2.617627817E0
2.639970400E1,6.169179426E-1,3.278358400E-1,-2.169644451E0,2.279346645E0
2.640978400E1,8.609732687E-3,1.228024630E0,-1.959787881E0,2.312766127E0
2.641986400E1,-6.870042043E-1,1.737877861E0,-2.127807623E0,2.831917993E0
2.642994400E1,-1.450939494E0,1.575710013E0,-2.485368369E0,3.281027794E0
2.644002300E1,-2.005598185E0,7.212101966E-1,-2.033156404E0,2.945554819E0
2.645010300E1,-2.301458672E0,-1.773969215E-1,-1.401786922E0,2.700590354E0
2.646018300E1,-2.572507085E0,-7.935852778E-1,-1.152773888E0,2.928559019E0
2.647026300E1,-2.773402504E0,-1.161083366E0,-5.996857961E-1,3.065860252E0
2.648034300E1,-2.803665061E0,-1.136856013E0,-1.334918968E-1,3.028332785E0
2.649042300E1,-2.579356805E0,-1.016580541E0,7.052128724E-1,2.860741638E0
2.650050300E1,-2.254963660E0,-8.469153929E-1,1.478455614E0,2.826297541E0
2.651058300E1,-1.766106318E0,-7.163295257E-1,1.270484186E0,2.290499855E0
2.652066300E1,-1.099203306E0,-6.379300582E-1,2.823963962E-2,1.271219944E0
2.653074300E1,-2.361904556E-1,-5.290356070E-1,-1.622264374E0,1.722616123E0
2.654082300E1,7.464693642E-1,-6.618135953E-1,-2.773157798E0,2.947137241E0
2.655090300E1,1.699531821E0,-1.061145680E0,-3.009165455E0,3.615178460E0
2.656098300E1,2.258154778E0,-1.637588173E0,-1.853611801E0,3.349154331E0
2.657106300E1,2.223076892E0,-2.424911082E0,-3.129641779E-1,3.304574285E0
2.658114300E1,1.899051098E0,-3.583194217E0,8.427942753E-1,4.141977554E0
2.659122300E1,1.252596823E0,-4.764629987E0,1.715316964E0,5.216609052E0
2.660130300E1,7.169886531E-1,-4.357397729E0,1.759252797E0,4.753520601E0
2.661138300E1,2.585513412E-1,-2.585659811E0,5.568793170E-1,2.657555273E0
2.662146300E1,-3.787186760E-2,-5.397938991E-1,-1.295703081E0,1.404157472E0
2.663154300E1,-3.250310768E-1,2.061715960E0,-2.510844687E0,3.265066453E0
2.664162200E1,3.220163986E-2,5.224377258E0,-7.398996520E-1,5.276609344E0
2.665170200E1,3.842969198E-1,7.203819385E0,3.142230542E0,7.868691799E0
2.666178200E1,3.728704371E-1,7.338609400E0,5.823670084E0,9.375998803E0
2.667186200E1,1.824085701E-1,4.678816835E0,5.914291402E0,7.543437058E0
2.668194200E1,-1.764406825E-1,-9.694508135E-2,4.432525095E0,4.437094588E0
2.669202200E1,-5.708565013E-1,-2.956039993E0,3.183977323E0,4.381981421E0
2.670210200E1,-1.106196284E0,-3.617201623E0,2.304532700E0,4.429298902E0
2.671218200E1,-1.795525853E0,-2.765911928E0,2.060655860E0,3.888506713E0
2.672226200E1,-2.373400328E0,-1.541069938E0,2.423831102E0,3.725974085E0
2.673234200E1,-2.775899850E0,-6.145815414E-1,2.815346628E0,4.001188209E0
2.674242200E1,-3.133526376E0,-3.624285525E-1,2.987634838E0,4.344686862E0
2.675250200E1,-3.620332223E0,-3.496652502E-1,3.103814335E0,4.781499202E0
2.676258200E1,-4.188943247E0,-3.403903967E-1,2.783300378E0,5.040820582E0
2.677266200E1,-4.669258099E0,1.518989682E-2,1.572823827E0,4.927065731E0
2.678274200E1,-4.290340983E0,1.084317026E0,-1.965364298E-2,4.425285915E0
2.679282200E1,-2.806733680E0,1.820776176E0,-1.453771008E0,3.647797963E0
2.680290200E1,-1.253831609E0,1.549343748E0,-1.657630674E0,2.592353989E0
2.681298200E1,6.164068960E-2,1.726916086E0,-5.992402017E-1,1.828968989E0
2.682306100E1,1.063296067E0,2.084580912E0,7.553479958E-1,2.458988959E0
2.683314100E1,1.797626173E0,2.271008273E0,1.714084371E0,3.365564390E0
2.684322100E1,2.458259507E0,2.334333034E0,2.234566087E0,4.060226116E0
2.685330100E1,3.069021648E0,1.994495199E0,2.308402387E0,4.327311700E0
2.686338100E1,3.605729971E0,1.319727682E0,2.069841835E0,4.362019601E0
2.687346100E1,4.060148090E0,6.698704737E-1,1.035992128E0,4.243443018E0
2.688354100E1,4.516334698E0,3.234223616E-1,-1.143657024E-2,4.527914744E0
2.689362100E1,4.780975001E0,1.541495615E-1,-9.463209826E-1,4.876167291E0
2.690370100E1,4.875845198E0,-7.588867307E-2,-1.456267769E0,5.089237792E0
2.691378100E1,4.779492440E0,-3.838346243E-1,-1.676247624E0,5.079437281E0
2.692386100E1,4.143421796E0,-7.907616574E-1,-1.512349584E0,4.481121449E0
2.693394100E1,2.980429899E0,-8.557066816E-1,-1.121911114E0,3.297556801E0
2.694402100E1,2.068970893E0,-1.129379178E0,-8.654136443E-1,2.510991569E0
2.695410100E1,1.514924698E0,-1.437921546E0,-8.314489228E-1,2.248093086E0
2.696418100E1,1.021402301E0,-1.441682475E0,-1.013802529E0,2.037033772E0
2.697426100E1,4.964196188E-1,-1.077858192E0,-1.309207372E0,1.766984624E0
2.698434100E1,-2.319104400E-2,-5.243291831E-1,-1.659065580E0,1.740102732E0
2.699442100E1,-3.272978596E-1,-1.088774943E-1,-2.053096579E0,2.081870256E0
2.700450100E1,-5.197018794E-1,-1.334510028E-1,-2.389388663E0,2.448893096E0
2.701458100E1,-5.185299512E-1,-2.288062263E-1,-2.698544987E0,2.757421014E0
2.702466000E1,-1.282687252E-1,-5.803852701E-1,-2.739014152E0,2.802766214E0
2.703474000E1,5.889589328E-1,-1.193483958E0,-2.192676049E0,2.564976576E0
2.704482000E1,1.246638218E0,-1.482649237E0,-1.569432442E0,2.493085196E0
2.705490000E1,1.794118428E0,-1.726365278E0,-1.180595525E0,2.755540564E0
2.706498000E1,2.193295269E0,-2.169175504E0,-9.091397077E-1,3.215960434E0
2.707506000E1,2.596927104E0,-2.572466154E0,-6.729677439E-1,3.716785988E0
2.708514000E1,2.894117686E0,-2.628738588E0,-2.876210296E-1,3.920320090E0
2.709522000E1,2.871237824E0,-2.490424456E0,2.249616820E-1,3.807470075E0
2.710530000E1,2.499613063E0,-2.201211230E0,2.549754399E-1,3.340420455E0
2.711538000E1,1.994810364E0,-1.636010594E0,-2.028919512E-1,2.587849338E0
2.712546000E1,1.546852542E0,-8.047493666E-1,-5.594651385E-1,1.831222425E0
2.713554000E1,1.046575003E0,3.237392807E-1,-6.637952167E-1,1.280917815E0
2.714562000E1,4.070602765E-1,1.457039602E0,-9.242290324E-1,1.772811827E0
2.715570000E1,-3.280159342E-1,2.283852267E0,-1.455673692E0,2.728105850E0
2.716578000E1,-1.179502315E0,2.548894858E0,-1.610293955E0,3.237458468E0
2.717586000E1,-1.957023903E0,2.401214072E0,-1.353498861E0,3.380492677E0
2.718594000E1,-2.420114611E0,2.326513553E0,-1.055482067E0,3.519042830E0
2.719602000E1,-2.733965666E0,2.485076593E0,-5.564473540E-1,3.736282590E0
2.720610000E1,-2.901539557E0,2.668329501E0,1.888884544E-1,3.946465884E0
2.721617900E1,-2.716392444E0,3.021317723E0,1.035652989E0,4.192818361E0
2.722625900E1,-1.745343586E0,3.522590750E0,1.895773149E0,4.364496038E0
2.723633900E1,-2.550027756E-1,3.546306472E0,2.093533584E0,4.126039127E0
2.724641900E1,8.744620644E-1,3.081717707E0,1.908757476E0,3.728943956E0
2.725649900E1,1.449360746E0,2.022966462E0,1.587344218E0,2.951728569E0
2.726657900E1,1.518432735E0,6.093459445E-1,1.051256284E0,1.944757112E0
2.727665883E1,1.262770247E0,-6.256590915E-1,3.227212805E-1,1.445747911E0
2.728673883E1,1.010063673E0,-1.511611081E0,-5.172312480E-1,1.890165296E0
2.729681883E1,7.101807399E-1,-1.881176745E0,-1.064652255E0,2.275229011E0
2.730689883E1,3.328140498E-1,-1.770487198E0,-1.216239567E0,2.173621125E0
2.731697883E1,-1.111376625E-2,-1.358928001E0,-1.356374522E0,1.920041841E0
2.732705883E1,-3.167844197E-1,-9.157985169E-1,-1.423803443E0,1.722282072E0
2.733713883E1,-6.450619072E-1,-4.691308826E-1,-1.213596625E0,1.452241515E0
2.734721883E1,-1.028818179E0,-1.410260707E-1,-7.546895993E-1,1.283710088E0
2.735729883E1,-1.392895500E0,-8.527579308E-3,-3.301127458E-1,1.431504460E0
2.736737883E1,-1.590905611E0,-9.869456828E-2,-2.017640233E-1,1.606682919E0
2.737745883E1,-1.648938495E0,-2.750378215E-1,-2.950844157E-1,1.697562599E0
2.738753883E1,-1.652781578E0,-3.392858577E-1,-7.310762036E-1,1.838824149E0
2.739761883E1,-1.726104493E0,-2.553473228E-1,-1.376260318E0,2.222325682E0
2.740769883E1,-1.918203215E0,-3.771266985E-1,-1.519704212E0,2.476131865E0
2.741777783E1,-2.151884118E0,-7.479857665E-1,-1.401675825E0,2.674842628E0
2.742785783E1,-2.236028183E0,-1.052932096E0,-8.135325424E-1,2.601984479E0
2.743793783E1,-2.132481595E0,-1.473377892E0,-1.405436754E-2,2.592010357E0
2.744801783E1,-1.983924311E0,-1.789169052E0,3.152947684E-1,2.690072928E0
2.745809783E1,-1.714107468E0,-1.949281020E0,2.075410724E-1,2.604022696E0
2.746817783E1,-1.135470223E0,-2.018268224E0,-6.131297509E-1,2.395543225E0
2.747825783E1,-3.553024412E-1,-1.982827080E0,-1.910056143E0,2.775996672E0
2.748833783E1,4.105345459E-1,-1.593365096E0,-3.085948752E0,3.497203260E0
2.749841783E1,1.210605409E0,-1.057241494E0,-2.808065675E0,3.235515086E0
2.750849783E1,2.185889917E0,-8.193978113E-1,-1.444486799E0,2.745190269E0
2.751857783E1,2.997839398E0,-9.609992480E-1,1.093670525E-2,3.148123286E0
2.752865783E1,3.555579572E0,-1.569822451E0,8.559891021E-1,3.979849993E0
2.753873783E1,3.753559277E0,-2.524342400E0,1.207098176E0,4.681730215E0
2.754881783E1,3.523699383E0,-2.302622999E0,1.276579178E0,4.398657115E0
2.755889783E1,2.464240040E0,4.251317543E-1,2.796187495E-1,2.516227857E0
2.756897783E1,1.141064619E0,3.761867001E0,-9.781900620E-1,4.050990940E0
2.757905783E1,8.428631262E-1,6.723294033E0,1.158368504E-1,6.776910733E0
2.758913783E1,1.054315109E0,7.386999788E0,2.557848115E0,7.888088057E0
2.759921783E1,7.394985330E-1,5.045103380E0,4.199293696E0,6.605603208E0
2.760929683E1,-1.039615940E-1,1.104696912E0,4.378719016E0,4.517116725E0
2.761937683E1,-6.732079183E-1,-2.306908423E0,3.290904186E0,4.074933832E0
2.762945683E1,-1.245330342E0,-3.691831391E0,2.026315162E0,4.391630656E0
2.763953683E1,-2.057413871E0,-3.173414912E0,1.372879457E0,4.023470150E0
2.764961683E1,-2.795715479E0,-1.495195023E0,1.768386294E0,3.630264905E0
2.765969683E1,-3.299365692E0,-2.989798307E-2,2.216777687E0,3.975023418E0
2.766977683E1,-3.768217370E0,8.003984535E-1,2.445118475E0,4.562751822E0
2.767985683E1,-4.283933312E0,8.784973741E-1,2.877118953E0,5.234659084E0
2.768993683E1,-5.013688629E0,1.738114089E-1,3.259685901E0,5.982711447E0
2.770001683E1,-5.655908790E0,-6.054826891E-1,3.103329016E0,6.479704045E0
2.771009683E1,-6.093717892E0,-6.989568633E-1,2.353041201E0,6.569531288E0
2.772017683E1,-6.017169653E0,-4.240517735E-2,1.528998361E0,6.208539669E0
2.773025683E1,-5.142099332E0,7.803734940E-1,5.532875186E-1,5.230324599E0
2.774033683E1,-3.086465646E0,1.108949007E0,4.590578842E-1,3.311611726E0
2.775041683E1,-1.125698429E0,1.384668029E0,1.301324156E0,2.208607494E0
2.776049683E1,3.518217033E-1,2.031846628E0,2.141168511E0,2.972672505E0
2.777057683E1,1.332307675E0,2.258343204E0,2.374955395E0,3.537735278E0
2.778065683E1,2.048870504E0,1.944206221E0,2.249272419E0,3.610683396E0
2.779073683E1,2.644888305E0,1.391818004E0,1.653858635E0,3.415821993E0
2.780081683E1,3.225058690E0,7.004502422E-1,4.674726123E-1,3.333191375E0
2.781089583E1,3.756306591E0,-1.527544159E-1,-8.238048577E-1,3.848613720E0
2.782097583E1,4.271649189E0,-7.422133952E-1,-2.029077387E0,4.786963814E0
2.783105583E1,4.543500570E0,-1.152838207E0,-2.483468024E0,5.304719294E0
2.784113583E1,4.337511641E0,-1.367697655E0,-1.914173752E0,4.934436672E0
2.785121583E1,3.164399383E0,-1.151958786E0,-6.492004933E-1,3.429561747E0
2.786129583E1,1.639253898E0,-5.051579171E-1,3.585980415E-2,1.715699213E0
2.787137583E1,6.169070522E-1,-2.887062728E-1,-1.160905465E-1,6.909432958E-1
2.788145583E1,-1.354967974E-1,-4.025287575E-1,-6.659206065E-1,7.898348162E-1
2.789153583E1,-7.594608542E-1,-4.523417723E-1,-1.049586319E0,1.372233694E0
2.790161583E1,-1.319763497E0,-6.217554903E-1,-1.162728773E0,1.865554549E0
2.791169583E1,-1.838765866E0,-9.279934698E-1,-1.335008796E0,2.454481672E0
2.792177583E1,-2.090122464E0,-1.074180293E0,-1.608066165E0,2.847516815E0
2.793185583E1,-1.478485727E0,-9.521991885E-1,-1.898514324E0,2.587848523E0
2.794193583E1,2.881817776E-1,-5.624863583E-1,-2.386256894E0,2.468534303E0
2.795201583E1,1.845672890E0,-4.931915903E-1,-2.508786467E0,3.153372147E0
2.796209583E1,2.711350097E0,-3.754041088E-1,-2.548447546E0,3.739910760E0
2.797217583E1,3.309811742E0,-4.498742473E-1,-2.818935065E0,4.370770585E0
2.798225583E1,3.771138931E0,-5.939508104E-1,-2.902922716E0,4.795959414E0
2.799233583E1,3.888461559E0,-4.758610278E-1,-1.942805228E0,4.372764477E0
2.800241483E1,3.701856150E0,-5.204308444E-1,-9.207061581E-1,3.849972344E0
2.801249483E1,3.219153295E0,-6.349234200E-1,-1.114445463E0,3.465265412E0
2.802257483E1,2.534829966E0,-6.594665229E-1,-1.461241996E0,2.999247776E0
2.803265483E1,1.964200629E0,-5.795654905E-1,-7.686627636E-1,2.187423761E0
2.804273483E1,1.582493514E0,6.008014083E-3,5.459978680E-1,1.674047637E0
2.805281483E1,1.399353896E0,8.771975380E-1,1.458249391E0,2.203215408E0
2.806289483E1,1.251693282E0,1.206158967E0,1.042804719E0,2.027066157E0
2.807297483E1,1.154653768E0,6.919717795E-1,-4.926763775E-1,1.433450481E0
2.808305483E1,1.014782669E0,6.166695821E-1,-1.354308116E0,1.801170650E0
2.809313483E1,4.292511908E-1,1.004338226E0,-7.335005323E-1,1.315665188E0
2.810321483E1,-4.719152536E-1,1.153686054E0,-3.441583425E-1,1.293112710E0
2.811329483E1,-1.281683943E0,1.230674003E0,-3.347033948E-1,1.808120183E0
2.812337483E1,-1.777876617E0,1.679528496E0,-6.843698144E-2,2.446700810E0
2.813345483E1,-1.975493210E0,2.192294810E0,3.403219843E-1,2.970614248E0
2.814353483E1,-2.015081053E0,2.588903847E0,7.139234696E-1,3.357478443E0
2.815361483E1,-2.059967642E0,2.742801393E0,1.121277276E0,3.608834840E0
2.816369483E1,-2.093668655E0,2.426531346E0,1.414603434E0,3.503227895E0
2.817377483E1,-1.784697394E0,1.633257140E0,1.282750475E0,2.738269975E0
2.818385483E1,-9.248318072E-1,4.406163508E-1,6.387451601E-1,1.207249775E0
2.819393383E1,-1.264676732E-1,-5.974854523E-1,7.286917090E-2,6.150551635E-1
2.820401383E1,3.247950686E-1,-1.232194279E0,-4.203341504E-1,1.341817937E0
2.821409383E1,3.894280708E-1,-1.376467894E0,-7.737836820E-1,1.626363819E0
2.822417383E1,3.511432070E-1,-1.086394542E0,-8.764433203E-1,1.439342748E0
2.823425383E1,2.812548005E-1,-6.525849348E-1,-7.655484635E-1,1.044526596E0
2.824433383E1,2.042590668E-1,-1.121338087E-1,-8.376510644E-1,8.694567632E-1
2.825441383E1,1.439103926E-1,5.000486201E-1,-9.294669682E-1,1.065207805E0
2.826449383E1,-1.121474035E-2,1.017132518E0,-1.220699238E0,1.588959081E0
2.827457383E1,-1.465852379E-1,1.327293395E0,-1.737059836E0,2.191020735E0
2.828465408E1,-4.048873781E-1,1.371878999E0,-1.940620708E0,2.410807854E0
2.829473408E1,-8.469481373E-1,8.849053377E-1,-1.603467915E0,2.017792843E0
2.830481408E1,-1.633687056E0,-1.082816631E-1,-1.283645099E0,2.080481449E0
2.831489408E1,-2.196506852E0,-1.034970034E0,-1.107780733E0,2.668891807E0
2.832497408E1,-2.510314345E0,-1.265616379E0,-4.036110405E-1,2.840134645E0
2.833505408E1,-2.544026174E0,-8.489291739E-1,6.421494091E-1,2.757735626E0
2.834513408E1,-2.317015043E0,-3.527923411E-1,1.795041411E0,2.952150879E0
2.835521408E1,-1.790090135E0,-2.246225435E-1,2.602288123E0,3.166509349E0
2.836529408E1,-1.238811427E0,-6.194990498E-1,2.346126283E0,2.724470841E0
2.837537408E1,-7.213375197E-1,-9.689169627E-1,1.437444413E0,1.877598023E0
2.838545408E1,-2.398701815E-1,-9.435996884E-1,3.088031530E-1,1.021409547E0
2.839553308E1,3.427279308E-1,-5.438027501E-1,-9.049209416E-1,1.109984584E0
2.840561308E1,9.955526380E-1,1.525316370E-1,-2.313666050E0,2.523378994E0
2.841569308E1,1.716491378E0,6.926535648E-1,-3.944742179E0,4.357419244E0
2.842577308E1,2.408241840E0,8.153421825E-1,-5.104474254E0,5.702637025E0
2.843585308E1,2.757855342E0,5.429765385E-1,-4.140016962E0,5.004031381E0
2.844593308E1,2.645887595E0,1.081553632E-1,-1.737918792E0,3.167456467E0
2.845601308E1,2.199481331E0,-9.342821503E-1,1.868606400E-1,2.396981051E0
2.846609308E1,1.227329981E0,-2.598092746E0,7.980267497E-1,2.982158864E0
2.847617308E1,1.149968248E-1,-3.833372017E0,2.710125983E-1,3.844660338E0
2.848625308E1,-8.824465835E-1,-4.243448360E0,-1.810847604E-1,4.338013099E0
2.849633308E1,-1.313503906E0,-3.862750182E0,-5.710087482E-1,4.119730874E0
2.850641308E1,-1.153808845E0,-3.792062607E0,-1.063476307E0,4.103900038E0
2.851649308E1,-7.268724210E-1,-4.143435829E0,-1.170590500E0,4.366541664E0
2.852657308E1,-4.823792115E-1,-4.376200036E0,-9.056587871E-1,4.494889798E0
2.853665308E1,-3.078503492E-1,-4.222131751E0,-8.668637538E-1,4.321182839E0
2.854673308E1,-4.187820435E-1,-2.363229974E0,-1.578879058E0,2.872819763E0
2.855681308E1,-3.329988583E-1,2.348904880E0,-1.412019403E0,2.760804443E0
2.856689308E1,7.263109421E-1,8.987971526E0,9.336740398E-1,9.065478860E0
2.857697208E1,1.825349284E0,1.530766559E1,4.183669935E0,1.597371654E1
2.858705208E1,1.996830723E0,1.581681774E1,7.215651226E0,1.749927653E1
2.859713208E1,1.039631800E0,6.685370162E0,7.696025720E0,1.024713718E1
2.860721208E1,6.099925004E-2,-1.629141285E0,5.224997063E0,5.473428225E0
2.861729208E1,-5.978485644E-1,-5.730152641E0,2.031611570E0,6.108970271E0
2.862737208E1,-1.280656003E0,-7.884521241E0,1.174136106E0,8.073682592E0
2.863745208E1,-1.671321344E0,-7.572847105E0,2.010905556E0,8.011558492E0
2.864753208E1,-1.587919438E0,-5.005931128E0,2.769125558E0,5.937077645E0
2.865761208E1,-1.603433709E0,-1.748596392E0,3.616882950E0,4.325555603E0
2.866769208E1,-2.108486084E0,1.279177827E0,4.883444824E0,5.470835661E0
2.867777208E1,-2.735875951E0,2.750274135E0,5.332288792E0,6.594113193E0
2.868785208E1,-3.202714725E0,2.570081660E0,4.644701840E0,6.199673905E0
2.869793208E1,-3.450607725E0,1.792565115E0,3.265022070E0,5.077435621E0
2.870801208E1,-3.619981974E0,9.030983645E-1,1.743812785E0,4.118341800E0
2.871809208E1,-3.191958480E0,4.937248564E-1,1.097428823E-1,3.231780727E0
2.872817208E1,-2.245323794E0,5.894139558E-1,-1.139425864E0,2.585958053E0
2.873825208E1,-1.496374406E0,6.340176862E-1,-1.664014664E0,2.325953480E0
2.874833208E1,-8.952074739E-1,6.083039707E-1,-1.773799646E0,2.077930539E0
2.875841208E1,-3.455560463E-1,7.421940994E-1,-1.343671446E0,1.573440185E0
2.876849208E1,2.884793278E-1,1.030741328E0,-3.796538651E-1,1.135687045E0
2.877857108E1,9.405324584E-1,1.381170225E0,7.618062454E-1,1.836458889E0
2.878865108E1,1.618974146E0,1.371184934E0,1.703620779E0,2.720946374E0
2.879873108E1,2.173917596E0,9.317929906E-1,2.151799334E0,3.197560987E0
2.880881108E1,2.724674440E0,4.589111191E-1,2.169238070E0,3.512839880E0
2.881889108E1,3.185117237E0,4.961187065E-2,1.791253585E0,3.654589246E0
2.882897108E1,3.579499946E0,-3.904688752E-1,1.214321680E0,3.799981967E0
2.883905108E1,3.720321949E0,-7.518501914E-1,2.958749592E-1,3.807048214E0
2.884913108E1,3.231754629E0,-7.041503602E-1,-8.091341937E-1,3.405108494E0
2.885921108E1,1.926309648E0,-4.916110879E-1,-1.536378132E0,2.512530216E0
2.886929108E1,5.219737054E-1,-3.362675250E-1,-1.748436179E0,1.855414096E0
2.887937108E1,-3.933828351E-1,-4.111077923E-1,-2.061204329E0,2.138299080E0
2.888945108E1,-1.091546889E0,-4.172923923E-1,-2.522530932E0,2.780066520E0
2.889953108E1,-1.451868909E0,-1.929744887E-1,-2.553438730E0,2.943673186E0
2.890961108E1,-1.283104232E0,9.691993833E-2,-1.864136789E0,2.265117196E0
2.891969108E1,-6.042650796E-1,2.597011596E-1,-1.003554699E0,1.199876249E0
2.892977108E1,1.350504356E-1,2.612372231E-1,-3.440589398E-1,4.526146937E-1
2.893985108E1,6.357073854E-1,2.186010808E-1,-4.866813004E-2,6.740021508E-1
2.894993108E1,9.252067599E-1,-3.138142169E-2,-3.870055693E-1,1.003377124E0
2.896001108E1,1.126745008E0,-2.823544425E-1,-1.250527639E0,1.706779927E0
2.897009008E1,1.193116168E0,-5.323936629E-1,-2.259316181E0,2.609880995E0
2.898017008E1,1.408131882E0,-8.241615379E-1,-3.839568896E0,4.171854137E0
2.899025008E1,1.595200683E0,-8.957624477E-1,-4.833868037E0,5.168494537E0
2.900033008E1,1.682068527E0,-7.335823202E-1,-3.696277029E0,4.126737382E0
2.901041008E1,1.875800815E0,-6.258935648E-1,-2.411151999E0,3.118336963E0
2.902049008E1,2.109110713E0,-9.636831200E-1,-1.963113778E0,3.038231205E0
2.903057008E1,2.305593677E0,-1.529570804E0,-1.813622108E0,3.308258484E0
2.904065008E1,2.304399822E0,-1.904151624E0,-1.555966889E0,3.370027434E0
2.905073008E1,2.302895625E0,-1.813517443E0,-9.878549248E-1,3.093223421E0
2.906081008E1,2.358837107E0,-1.113383535E0,-3.980433583E-2,2.608700784E0
2.907089008E1,2.465081746E0,-1.928060889E-2,1.084254461E0,2.693066559E0
2.908097008E1,2.649039244E0,8.413371491E-1,1.565521240E0,3.190002173E0
2.909105008E1,2.756027503E0,1.072467644E0,1.277612527E0,3.221516446E0
2.910113008E1,2.619193301E0,1.068062936E0,7.108430833E-1,2.916544166E0
2.911121008E1,1.983127774E0,1.028493658E0,3.047095174E-1,2.254649166E0
2.912129008E1,8.700790646E-1,9.535463870E-1,-2.429787441E-1,1.313517020E0
2.913137008E1,-3.638916720E-1,1.010979493E0,-7.730416703E-1,1.323665407E0
2.914145008E1,-1.382015147E0,1.284993467E0,-8.634185743E-1,2.075250759E0
2.915153008E1,-1.931989633E0,1.676145882E0,-7.016009742E-1,2.652224140E0
2.916160908E1,-2.135446718E0,2.126578538E0,-6.010101539E-1,3.073057463E0
2.917168908E1,-2.312810895E0,2.729697783E0,-3.177353597E-1,3.591837967E0
2.918176908E1,-2.422256446E0,3.077722889E0,4.198569445E-1,3.939033426E0
2.919184908E1,-2.434505194E0,2.632855613E0,1.271125626E0,3.804537366E0
2.920192908E1,-2.190513164E0,1.485105067E0,1.677672590E0,3.133443841E0
2.921200908E1,-1.322700115E0,1.130401272E-1,1.107242205E0,1.728669709E0
2.922208908E1,-2.261382148E-1,-8.643167067E-1,2.333366307E-1,9.233784949E-1
2.923216908E1,6.473866139E-1,-1.340240300E0,-4.374851302E-1,1.551369307E0
2.924224908E1,1.050981611E0,-1.396016890E0,-6.552272916E-1,1.866212289E0
2.925232908E1,1.204827264E0,-9.580312014E-1,-7.880438715E-1,1.729290508E0
2.926240908E1,1.130423637E0,-3.023419797E-1,-7.524372518E-1,1.391197358E0
2.927248908E1,8.716425370E-1,3.298548836E-1,-5.259336591E-1,1.070126708E0
2.928256850E1,6.112928115E-1,8.721554840E-1,-5.792778075E-1,1.212393034E0
2.929264850E1,3.917646912E-1,1.127408667E0,-9.236349553E-1,1.509182363E0
2.930272850E1,3.015288513E-1,1.166830010E0,-1.385733392E0,1.836482767E0
2.931280850E1,2.096270300E-1,6.683455199E-1,-1.765091972E0,1.898994180E0
2.932288850E1,1.917162045E-1,5.772780597E-2,-2.045606296E0,2.055381405E0
2.933296850E1,1.249325963E-1,2.888349116E-2,-1.917801365E0,1.922083371E0
2.934304850E1,-4.126601549E-1,6.953684270E-2,-1.412329452E0,1.473023509E0
2.935312850E1,-1.233821852E0,-2.599408954E-1,-7.145414472E-1,1.449294694E0
2.936320750E1,-1.796980055E0,-1.040959337E0,2.115873456E-1,2.087463261E0
2.937328750E1,-1.843478576E0,-1.699862189E0,1.038702897E0,2.714193882E0
2.938336750E1,-1.808498485E0,-1.653703684E0,1.608507046E0,2.931330340E0
2.939344750E1,-1.696070416E0,-1.201232688E0,1.996808943E0,2.882162518E0
2.940352750E1,-1.552150996E0,-5.004298586E-1,2.036902131E0,2.609324251E0
2.941360750E1,-1.182231137E0,1.351765162E-1,4.139325090E-1,1.259874309E0
2.942368750E1,-2.962874437E-1,5.566256940E-1,-3.374901778E0,3.433304592E0
2.943376750E1,1.231785559E0,5.509474629E-1,-6.744081470E0,6.877752078E0
2.944384750E1,2.194239156E0,-4.364683360E-1,-6.019792714E0,6.422078667E0
2.945392750E1,2.025594347E0,-1.686297818E0,-2.240410963E0,3.459201363E0
2.946400750E1,1.533351321E0,-2.953040956E0,6.549325919E-1,3.391246653E0
2.947408750E1,8.039838930E-1,-4.012361135E0,2.129699782E0,4.613139185E0
2.948416750E1,-1.844599195E-2,-4.744496854E0,2.595657381E0,5.408144589E0
2.949424750E1,-6.820417455E-1,-5.158147600E0,2.432590231E0,5.743619315E0
2.950432750E1,-9.801097760E-1,-5.495424355E0,2.023236018E0,5.937490042E0
2.951440750E1,-1.115106929E0,-5.158134736E0,1.069304738E0,5.384536196E0
2.952448750E1,-1.166118550E0,-2.583924358E0,-6.184260857E-1,2.901542414E0
2.953456750E1,-1.187532004E0,1.931295569E0,-2.931211545E0,3.705689674E0
2.954464750E1,-3.473677330E-1,7.782486743E0,-4.264495997E0,8.881086103E0
2.955472750E1,1.123407198E0,1.278965924E1,-8.428151791E-1,1.286653662E1
2.956480650E1,1.871367163E0,1.401814287E1,6.005746533E0,1.536487345E1
2.957488650E1,1.738484510E0,9.986981184E0,9.433025329E0,1.384716897E1
2.958496650E1,4.268863575E-1,2.460449874E0,7.163626209E0,7.586407978E0
2.959504650E1,-9.352703297E-1,-1.993481877E0,4.233670646E0,4.772071638E0
2.960512650E1,-1.894950446E0,-3.559132925E0,3.078247969E0,5.072856683E0
2.961520650E1,-2.756931775E0,-3.674014925E0,3.236778849E0,5.619234449E0
2.962528650E1,-3.836759309E0,-3.173203828E0,4.148311822E0,6.480619994E0
2.963536650E1,-5.037479780E0,-2.979876752E0,4.784580102E0,7.559634564E0
2.964544650E1,-5.761710649E0,-2.512899399E0,4.331782247E0,7.633892220E0
2.965552650E1,-6.174608858E0,-1.414347911E0,3.512031848E0,7.242965019E0
2.966560650E1,-6.401841599E0,-4.122754812E-2,3.047677556E0,7.090388851E0
2.967568650E1,-6.407998132E0,7.965609258E-1,2.447693589E0,6.905660959E0
2.968576650E1,-5.836014141E0,1.833575147E0,1.024818099E0,6.202524568E0
2.969584650E1,-3.835033795E0,2.040900457E0,-3.375913711E-1,4.357376139E0
2.970592650E1,-1.587934494E0,1.082623672E0,-1.153786626E0,2.241614051E0
2.971600650E1,3.090299519E-1,1.198399712E0,-1.562901102E0,1.993569973E0
2.972608650E1,1.821123501E0,1.320510625E0,-1.619997994E0,2.772116992E0
2.973616650E1,2.800702569E0,7.437067741E-1,-1.438046676E0,3.234967216E0
2.974624650E1,3.364754812E0,2.062424058E-1,-3.988175662E-1,3.394578961E0
2.975632550E1,3.755424831E0,2.758950233E-2,1.077840650E0,3.907136715E0
2.976640550E1,4.142040684E0,-1.282481503E-1,2.122929876E0,4.656155052E0
2.977648550E1,4.624614607E0,-4.666411382E-1,2.230503441E0,5.155575605E0
2.978656550E1,5.116052325E0,-7.474326199E-1,1.489380552E0,5.380604180E0
2.979664550E1,5.611236062E0,-1.185924677E0,4.439498484E-1,5.752345517E0
2.980672550E1,5.657413278E0,-1.682439240E0,-4.565155149E-1,5.919909899E0
2.981680550E1,4.837945885E0,-1.968732952E0,-3.834288275E-1,5.237236627E0
2.982688550E1,3.221945633E0,-1.591750095E0,-4.465740788E-1,3.621329926E0
2.983696550E1,1.560970644E0,-9.056226075E-1,-8.499641311E-1,1.994798407E0
2.984704550E1,6.355326998E-1,-5.564561248E-1,-1.104297547E0,1.390330286E0
2.985712550E1,-1.606763698E-2,-4.755020088E-1,-1.228561404E0,1.317468578E0
2.986720550E1,-6.730965288E-1,-1.903104973E-1,-1.349394701E0,1.519915485E0
2.987728550E1,-1.272238205E0,1.102510053E-1,-1.386454938E0,1.884941015E0
2.988736550E1,-1.838382728E0,2.746454734E-1,-1.333650488E0,2.287729182E0
2.989744550E1,-2.113268668E0,3.695416903E-1,-1.412109012E0,2.568368623E0
2.990752550E1,-1.965089406E0,2.675422758E-1,-1.388322539E0,2.420866521E0
2.991760550E1,-5.950310104E-1,3.689201313E-1,-1.591450133E0,1.738642428E0
2.992768550E1,1.143073796E0,2.900686741E-1,-1.553737346E0,1.950604337E0
2.993776550E1,2.206067635E0,5.658759892E-2,-1.544236790E0,2.693437177E0
2.994784550E1,2.934091884E0,-3.743328989E-2,-1.926851685E0,3.510420751E0
2.995792450E1,3.395628403E0,-2.488914120E-1,-2.342551296E0,4.132769744E0
2.996800450E1,3.528801371E0,-4.440317094E-1,-2.468817825E0,4.329510910E0
2.997808450E1,3.471209220E0,-4.593742186E-1,-2.225605229E0,4.148932002E0
2.998816450E1,3.308141485E0,-4.207966286E-1,-1.990220300E0,3.883535339E0
2.999824450E1,3.112939207E0,-5.905149865E-1,-2.172223658E0,3.841569221E0
3.000832450E1,2.711935696E0,-7.972970903E-1,-2.280476670E0,3.631921215E0
3.001840450E1,2.236175240E0,-9.483587372E-1,-1.787596736E0,3.015852465E0
3.002848450E1,1.965803058E0,-7.112629133E-1,-1.076011056E0,2.351186166E0
3.003856450E1,1.884933873E0,-2.250739485E-1,-1.009058683E0,2.149844974E0
3.004864450E1,1.761846768E0,2.153471053E-2,-1.430020203E0,2.269256609E0
3.005872450E1,1.570553646E0,1.172799432E-1,-1.605854748E0,2.249258281E0
3.006880450E1,1.230298612E0,3.211051100E-1,-8.899462223E-1,1.552013996E0
3.007888450E1,7.551320873E-1,7.193841112E-1,6.750495354E-2,1.045129125E0
3.008896450E1,2.737417496E-1,7.093204683E-1,5.208641231E-1,9.216124495E-1
3.009904450E1,-2.025105666E-1,4.817608684E-1,5.483536381E-1,7.574930866E-1
3.010912450E1,-6.560160810E-1,5.654117203E-1,7.046538055E-1,1.116505485E0
3.011920450E1,-8.557236385E-1,1.003447695E0,1.113444931E0,1.725957658E0
3.012928450E1,-9.044170578E-1,1.473616458E0,1.620739421E0,2.369875936E0
3.013936450E1,-9.507674977E-1,1.904671442E0,1.917355807E0,2.864958189E0
3.014944350E1,-8.605978775E-1,2.323840790E0,2.020342231E0,3.197287516E0
3.015952350E1,-1.025099788E0,1.952261345E0,2.160599978E0,3.087125880E0
3.016960350E1,-1.307850379E0,7.383799607E-1,1.966865936E0,2.474720023E0
3.017968350E1,-1.343896856E0,-3.201678014E-1,9.756821913E-1,1.691307754E0
3.018976350E1,-1.020989780E0,-9.796740854E-1,-7.292840320E-1,1.591865775E0
3.019984350E1,-7.337347864E-1,-9.033819544E-1,-2.414055727E0,2.679949765E0
3.020992350E1,-6.752439187E-1,-3.273481822E-1,-3.321700301E0,3.405408063E0
3.022000350E1,-9.528605086E-1,6.380838400E-1,-4.443669303E0,4.589258220E0
3.023008350E1,-1.024944252E0,1.496163906E0,-4.776819677E0,5.109503242E0
3.024016350E1,-7.181431858E-1,1.619845966E0,-3.422464784E0,3.853945483E0
3.025024350E1,-6.924337826E-1,1.344739732E0,-2.128860707E0,2.611481840E0
3.026032350E1,-8.590319932E-1,9.542574084E-1,-1.352147570E0,1.864630316E0
3.027040350E1,-8.773801173E-1,5.724622929E-1,-9.637790143E-1,1.423509373E0
3.028048525E1,-6.868450139E-1,2.614430451E-1,-8.747095478E-1,1.142464587E0
3.029056525E1,-4.404965559E-1,-9.659892619E-2,-4.752078938E-1,6.551267898E-1
3.030064525E1,-1.337505995E-1,-5.140597183E-1,1.233295091E-1,5.453043046E-1
3.031072525E1,2.008167744E-1,-7.640071374E-1,8.269377959E-1,1.143617244E0
3.032080525E1,4.457885054E-1,-9.590527099E-1,1.839136434E0,2.121540081E0
3.033088525E1,8.250951920E-1,-1.093321154E0,2.400986030E0,2.764211847E0
3.034096525E1,1.194893064E0,-1.170215548E0,2.298738109E0,2.842775185E0
3.035104525E1,1.510580509E0,-1.191664304E0,1.695320656E0,2.564377003E0
3.036112425E1,1.642981498E0,-1.182754317E0,6.524873594E-1,2.126978075E0
3.037120425E1,1.784684823E0,-6.218572319E-1,-9.080035937E-1,2.096730040E0
3.038128425E1,1.690201711E0,2.032474619E-1,-3.050347395E0,3.493237837E0
3.039136425E1,9.078588751E-1,1.053846601E0,-4.067586333E0,4.298843911E0
3.040144425E1,-2.673000549E-1,1.346451212E0,-2.665420511E0,2.998140538E0
3.041152425E1,-1.106203154E0,6.651757443E-1,-7.520245115E-1,1.493882544E0
3.042160425E1,-1.580128461E0,-8.310711926E-1,3.378685657E-1,1.817041675E0
3.043168425E1,-2.153700702E0,-3.151340504E0,1.464531054E0,4.088303425E0
3.044176425E1,-2.395038242E0,-4.606269261E0,2.756612517E0,5.878166147E0
3.045184425E1,-2.375552542E0,-4.936600692E0,3.534832481E0,6.519840255E0
3.046192425E1,-2.027370438E0,-3.674120175E0,3.318590752E0,5.349993881E0
3.047200425E1,-1.617270414E0,-1.486803099E0,3.060229189E0,3.767114245E0
3.048208425E1,-1.818047573E0,6.802065969E-3,3.017811148E0,3.523141691E0
3.049216425E1,-2.190566666E0,1.084306501E0,3.118907168E0,3.962560388E0
3.050224425E1,-2.372690769E0,1.812581888E0,3.675886034E0,4.735742045E0
3.051232425E1,-2.911236580E0,2.023272856E0,3.782732205E0,5.184399137E0
3.052240425E1,-3.538468865E0,1.558396992E0,3.241623852E0,5.045541427E0
3.053248425E1,-4.098185982E0,1.304814944E0,2.783831306E0,5.123220385E0
3.054256425E1,-4.404111135E0,2.354245142E0,2.488418276E0,5.579506304E0
3.055264425E1,-3.762886171E0,4.392695616E0,1.767284678E0,6.048006468E0
3.056272325E1,-2.597380848E0,5.559343777E0,1.068803194E0,6.228565707E0
3.057280325E1,-1.475977564E0,4.342395528E0,4.786717479E-1,4.611294323E0
3.058288325E1,-4.405680747E-1,1.644170968E0,-3.278826177E-1,1.733466299E0
3.059296325E1,2.244082613E-1,2.749653161E-1,-1.293940877E0,1.341733202E0
3.060304325E1,5.185352502E-1,2.052372694E-1,-1.773362274E0,1.858982221E0
3.061312325E1,6.472704005E-1,7.681855577E-1,-1.644357494E0,1.926909336E0
3.062320325E1,9.671647715E-1,1.539033937E0,-1.322539608E0,2.247919966E0
3.063328325E1,1.488600533E0,1.988405324E0,-1.019813467E0,2.685089717E0
3.064336325E1,2.106469525E0,1.845328050E0,-7.668085384E-1,2.903522827E0
3.065344325E1,2.619671896E0,9.433067429E-1,-8.627946764E-1,2.914948217E0
3.066352325E1,2.787306013E0,-5.019647527E-1,-8.030618602E-1,2.943798868E0
3.067360325E1,2.550665688E0,-1.551117209E0,-2.257639199E-1,2.993798489E0
3.068368325E1,2.025278158E0,-2.192524606E0,3.029571068E-1,3.000116460E0
3.069376325E1,1.423553475E0,-2.540212913E0,5.601895720E-1,2.965299056E0
3.070384325E1,9.942334331E-1,-2.540307053E0,5.857734428E-1,2.790123755E0
3.071392325E1,8.098042846E-1,-2.430506283E0,4.584504316E-1,2.602560387E0
3.072400325E1,9.175832333E-1,-2.372925827E0,1.750334769E-1,2.550171110E0
3.073408325E1,1.184254347E0,-2.183522233E0,-4.806019503E-1,2.530060461E0
3.074416325E1,1.277693949E0,-1.854715170E0,-1.266225075E0,2.583756206E0
3.075424325E1,1.173274080E0,-1.228758456E0,-1.766125760E0,2.450636572E0
3.076432225E1,9.726564033E-1,-6.999748635E-1,-2.066617681E0,2.388918987E0
3.077440225E1,8.262634657E-1,-4.690156925E-1,-2.205379710E0,2.401330193E0
3.078448225E1,6.887536182E-1,-7.053250659E-1,-2.399840561E0,2.594436299E0
3.079456225E1,4.973902201E-1,-1.106720633E0,-2.723797358E0,2.981828237E0
3.080464225E1,3.021307856E-1,-1.407118413E0,-2.824789297E0,3.170283870E0
3.081472225E1,1.509178603E-1,-1.655666594E0,-2.686670462E0,3.159462967E0
3.082480225E1,1.425938371E-1,-1.563215683E0,-2.883019964E0,3.282648379E0
3.083488225E1,3.727548815E-1,-1.249117291E0,-3.014172426E0,3.283972537E0
3.084496225E1,7.829034381E-1,-4.759510750E-1,-2.081032822E0,2.273799645E0
3.085504225E1,8.538618120E-1,3.041201180E-1,-7.784584578E-1,1.194808190E0
3.086512225E1,3.330240013E-1,1.260850314E0,2.694958305E-1,1.331644285E0
3.087520225E1,-4.135321210E-1,2.301051267E0,8.821079566E-1,2.498791747E0
3.088528225E1,-9.147093268E-1,2.696924724E0,9.713301086E-1,3.008916466E0
3.089536225E1,-9.391014254E-1,2.950087527E0,8.341971141E-1,3.206370648E0
3.090544225E1,-5.248055850E-1,3.964774155E0,7.579161660E-1,4.070539512E0
3.091552225E1,2.356657959E-1,4.665349528E0,8.389544088E-1,4.746037198E0
3.092560225E1,8.536326742E-1,4.763184555E0,1.297645088E0,5.010039783E0
3.093568225E1,1.310543461E0,5.008136698E0,1.583511953E0,5.413544814E0
3.094576225E1,1.712975301E0,4.834270910E0,1.571123457E0,5.364036589E0
3.095584225E1,1.934441663E0,3.836778020E0,1.613009986E0,4.589633029E0
3.096592225E1,1.694163200E0,2.303036982E0,1.598182471E0,3.275416843E0
3.097600125E1,1.300546476E0,8.102217758E-1,1.083937469E0,1.876912598E0
3.098608125E1,9.063587719E-1,-6.575585765E-1,5.085140727E-2,1.120917201E0
3.099616125E1,4.862212707E-1,-1.964582013E0,-9.257716741E-1,2.225544159E0
3.100624125E1,1.399752712E-1,-2.532348992E0,-1.856530731E0,3.143102106E0
3.101632125E1,-1.130854065E-1,-1.830957348E0,-3.188763269E0,3.678777556E0
3.102640125E1,-1.515390356E-1,-1.469302967E0,-4.946657903E0,5.162483869E0
3.103648125E1,-6.708201712E-2,-1.382184716E0,-6.071437077E0,6.227140818E0
3.104656125E1,7.308137001E-2,-1.573681614E0,-5.148628333E0,5.384253748E0
3.105664125E1,1.944534871E-1,-2.006271492E0,-3.345558695E0,3.905854636E0
3.106672125E1,1.411448971E-1,-2.238203055E0,-1.595393495E0,2.752227316E0
3.107680125E1,-1.128491333E-1,-2.296065347E0,-3.172611870E-1,2.320626136E0
3.108688125E1,-5.546648303E-1,-2.492075710E0,1.908671339E-1,2.560180595E0
3.109696125E1,-7.150095899E-1,-2.958812158E0,1.379124284E-1,3.047101563E0
3.110704125E1,-5.915809339E-1,-3.166812821E0,1.762689936E-1,3.226413210E0
3.111712125E1,-4.729100112E-1,-2.807418973E0,3.439016497E-1,2.867666912E0
3.112720125E1,-4.046546589E-1,-1.974643902E0,1.368400490E-1,2.020319067E0
3.113728125E1,-2.720431518E-1,-9.997434837E-1,-8.508505690E-1,1.340686839E0
3.114736125E1,5.444490867E-1,1.312483567E-1,-2.509762952E0,2.571490038E0
3.115744125E1,2.602397759E0,1.151605030E0,-3.989183357E0,4.900229800E0
3.116752125E1,4.796118997E0,1.030030891E0,-3.218795153E0,5.867227907E0
3.117760025E1,5.473513668E0,-1.562223995E-1,-2.786701484E-1,5.482829048E0
3.118768025E1,5.434180618E0,-1.509433578E0,2.142450221E0,6.033141939E0
3.119776025E1,5.254488080E0,-2.710746957E0,2.421535485E0,6.389180554E0
3.120784025E1,4.959706550E0,-3.400710218E0,1.692112874E0,6.247140548E0
3.121792025E1,3.492905606E0,-3.759217043E0,1.273164550E0,5.287064433E0
3.122800025E1,5.700228345E-1,-3.500346188E0,1.791929523E0,3.973457044E0
3.123808025E1,-1.355456217E0,-2.258799872E0,1.568378774E0,3.065819694E0
3.124816025E1,-2.554947311E0,1.264860919E0,1.085997370E0,3.050740762E0
3.125824025E1,-3.544823034E0,7.144159659E0,1.515824000E0,8.118036091E0
3.126832025E1,-4.578487970E0,1.337126073E1,2.214502974E0,1.430584457E1
3.127840025E1,-5.361660526E0,1.463714900E1,2.332320861E0,1.576176561E1
3.128847900E1,-5.919801818E0,9.922626729E0,2.106683972E0,1.174481554E1
3.129855900E1,-5.229952578E0,2.474391975E0,2.947729930E0,6.493391360E0
3.130863900E1,-4.502018083E0,-2.688316453E0,4.423353152E0,6.860121375E0
3.131871900E1,-4.321201710E0,-5.538435304E0,4.924520345E0,8.578924784E0
3.132879900E1,-4.464092750E0,-6.754828652E0,5.173107702E0,9.608167229E0
3.133887900E1,-4.563167972E0,-6.384208735E0,6.434786566E0,1.014825607E1
3.134895900E1,-4.449536984E0,-4.445549183E0,8.693701043E0,1.073041121E1
3.135903900E1,-3.489391429E0,-2.290661350E0,1.057782362E1,1.137160210E1
3.136911900E1,-2.616168536E0,-1.476354125E0,1.038542098E1,1.081114834E1
3.137919900E1,-2.575973899E0,-3.007030052E-1,7.789365993E0,8.209767743E0
3.138927900E1,-2.614586280E0,1.419713901E0,4.950713532E0,5.775916676E0
3.139935800E1,-2.350964854E0,2.155856717E0,2.750611519E0,4.211961260E0
3.140943800E1,-1.959957597E0,2.523842463E0,7.451972294E-1,3.281239624E0
3.141951800E1,-1.348455199E0,2.832102994E0,-1.108094729E0,3.326711999E0
3.142959800E1,-5.730201904E-2,2.565729577E0,-4.781384599E0,5.426591054E0
3.143967800E1,2.553899198E0,1.463479725E0,-1.387374003E1,1.418255395E1
3.144975800E1,3.950200555E0,1.293456727E-1,-1.696651483E1,1.742077610E1
3.145983800E1,2.600212362E0,3.578273785E-1,-8.037110766E0,8.454838509E0
3.146991800E1,1.705000429E0,5.558883601E-1,-2.348420731E0,2.954846572E0
3.147999800E1,1.151711814E0,7.001847786E-1,2.086151474E0,2.483692171E0
3.149007800E1,1.140826419E0,7.210897440E-1,5.566908320E0,5.728169305E0
3.150015800E1,1.586618432E0,9.523243189E-2,7.203374412E0,7.376654403E0
3.151023800E1,2.050591632E0,-7.353926182E-1,6.699165498E0,7.044469229E0
3.152031800E1,2.478482687E0,-1.348559133E0,4.808228581E0,5.574993296E0
3.153039800E1,2.793247369E0,-1.858914641E0,2.577564341E0,4.231032077E0
3.154047800E1,2.750633154E0,-2.109937363E0,4.034824383E-1,3.490073996E0
3.155055800E1,2.322230175E0,-1.867643949E0,-1.512346076E0,3.341861391E0
3.156063800E1,1.820355177E0,-1.322511542E0,-3.599360014E0,4.244775879E0
3.157071800E1,1.008943273E0,-6.185576481E-1,-5.182489559E0,5.315898619E0
3.158079800E1,1.312053066E-2,9.033538878E-2,-5.553721095E0,5.554471229E0
3.159087800E1,-6.650827005E-1,6.722228086E-1,-4.787908337E0,4.880398011E0
3.160095800E1,-5.967158125E-1,8.976791650E-1,-3.113312552E0,3.294633924E0
3.161103700E1,-2.069655236E-1,7.652601957E-1,-2.181603177E0,2.321174340E0
3.162111700E1,3.184648364E-1,3.898192495E-1,-2.222061231E0,2.278362354E0
3.163119700E1,1.108958874E0,-1.506248599E-1,-3.014408653E0,3.215452870E0
3.164127700E1,1.941713407E0,-6.061328995E-1,-3.974927260E0,4.465164585E0
3.165135700E1,2.497555135E0,-7.666395539E-1,-3.983314506E0,4.763644856E0
3.166143700E1,2.721220197E0,-8.821939838E-1,-2.582402912E0,3.853843587E0
3.167151700E1,2.786117567E0,-1.262431986E0,-1.205292921E0,3.287691689E0
3.168159700E1,2.828651383E0,-1.699552286E0,-7.163763765E-1,3.376824208E0
3.169167700E1,2.718889205E0,-1.937298321E0,-7.613959171E-1,3.424208965E0
3.170175700E1,2.426569499E0,-1.888885129E0,-9.318848649E-1,3.213181595E0
3.171183700E1,2.076939186E0,-1.262030867E0,-9.853078777E-1,2.622447312E0
3.172191700E1,1.750914521E0,-1.001294750E-1,-5.360306311E-1,1.833863792E0
3.173199700E1,1.464732637E0,1.034260182E0,1.366687256E-1,1.798280891E0
3.174207700E1,1.281748994E0,1.880301417E0,3.458446795E-1,2.301743348E0
3.175215700E1,1.020086678E0,2.183669583E0,4.570492925E-1,2.453137528E0
3.176223700E1,4.980634904E-1,2.056727116E0,7.674692738E-1,2.251044814E0
3.177231700E1,-1.732341425E-1,2.120224369E0,1.035671042E0,2.366004216E0
3.178239700E1,-7.911374141E-1,2.345017067E0,9.950399103E-1,2.667415954E0
3.179247700E1,-1.144951337E0,2.500608552E0,7.525050795E-1,2.851354167E0
3.180255700E1,-1.265637429E0,2.808268574E0,5.973632455E-1,3.137682797E0
3.181263700E1,-1.390381490E0,3.148916833E0,7.370140511E-1,3.520231188E0
3.182271700E1,-1.597297202E0,3.152439196E0,1.077927774E0,3.694747558E0
3.183279600E1,-1.812489941E0,2.522557830E0,1.433109141E0,3.420850713E0
3.184287600E1,-2.091406221E0,1.445630515E0,1.731853329E0,3.076222280E0
3.185295600E1,-1.984633870E0,7.048888636E-1,1.463487327E0,2.564651061E0
3.186303600E1,-1.593627490E0,3.588307607E-1,7.708302534E-1,1.806263372E0
3.187311600E1,-1.116721637E0,-3.748942316E-2,-6.920530558E-2,1.119491870E0
3.188319600E1,-7.505904087E-1,-3.506031436E-1,-9.289874965E-1,1.244719364E0
3.189327600E1,-5.330736210E-1,-4.540982759E-1,-1.766306439E0,1.900055569E0
3.190335600E1,-4.268567194E-1,-5.773768777E-1,-2.492189730E0,2.593565185E0
3.191343600E1,-4.444841377E-1,-5.601047873E-1,-2.853979182E0,2.942189779E0
3.192351600E1,-5.513680970E-1,-4.679743034E-1,-2.745453690E0,2.839105967E0
3.193359600E1,-7.408031930E-1,-4.245487869E-1,-2.180523781E0,2.341733333E0
3.194367600E1,-9.730218543E-1,-4.188126683E-1,-1.338698974E0,1.707129322E0
3.195375600E1,-1.118366094E0,-4.955234599E-1,-7.159342539E-1,1.417338377E0
3.196383600E1,-1.177668409E0,-7.550579739E-1,-3.915353708E-1,1.452692456E0
3.197391600E1,-1.032552942E0,-9.317684323E-1,-1.767753625E-1,1.402001254E0
3.198399600E1,-8.193425551E-1,-8.421656996E-1,6.056662917E-2,1.176534574E0
3.199407600E1,-6.744943788E-1,-7.536037713E-1,3.244982493E-1,1.062148966E0
3.200415600E1,-5.186728790E-1,-6.925945079E-1,6.600979491E-1,1.088318892E0
3.201423600E1,-4.708723662E-1,-8.311729342E-1,8.598844441E-1,1.285290041E0
3.202431600E1,-4.324174946E-1,-1.036603162E0,6.683823574E-1,1.307006496E0
3.203439600E1,-2.911401764E-1,-1.156289819E0,5.331479537E-1,1.306145278E0
3.204447500E1,7.233130015E-2,-1.360583932E0,3.145334244E-1,1.398338918E0
3.205455500E1,7.327834444E-1,-1.593384392E0,6.098996758E-2,1.754868990E0
3.206463500E1,1.368426510E0,-1.853866155E0,-2.431120241E-1,2.317005457E0
3.207471500E1,1.803904620E0,-1.973172158E0,-6.468296666E-1,2.750612452E0
3.208479500E1,1.805904953E0,-2.014066415E0,-8.041418409E-1,2.822126915E0
3.209487500E1,1.251802479E0,-2.155037522E0,-6.389112210E-1,2.572820187E0
3.210495500E1,4.479319485E-1,-2.375576954E0,-5.814471245E-1,2.486380835E0
3.211503500E1,2.664393447E-2,-2.529527711E0,-7.092941558E-1,2.627226396E0
3.212511500E1,-8.289436832E-2,-2.800161994E0,-6.062100828E-1,2.866229114E0
3.213519500E1,-1.545598168E-1,-3.055841439E0,-2.712815702E-1,3.071750206E0
3.214527500E1,-2.619275600E-1,-2.480228081E0,-2.570798528E-1,2.507235017E0
3.215535500E1,-6.116141526E-1,-4.732800668E-1,-8.640268309E-1,1.159572446E0
3.216543500E1,-9.573536552E-1,2.713530232E0,-1.273209135E0,3.146559048E0
3.217551500E1,-7.717337213E-1,6.623020717E0,4.834055440E-1,6.685331501E0
3.218559500E1,-8.419467214E-1,9.352716746E0,4.606142961E0,1.045938515E1
3.219567500E1,-1.331529556E0,9.039327037E0,7.772810186E0,1.199579020E1
3.220575500E1,-2.138339043E0,3.785326615E0,7.825107683E0,8.951731771E0
3.221583500E1,-2.830876833E0,-1.759189793E0,5.627590724E0,6.540519072E0
3.222591500E1,-3.489530301E0,-4.628952949E0,3.309318237E0,6.674999200E0
3.223599500E1,-3.449119024E0,-4.243681079E0,2.652067809E0,6.077722831E0
3.224607500E1,-2.733801067E0,-1.265210583E0,3.157489436E0,4.363962148E0
3.225615500E1,-2.370281716E0,1.236606588E0,3.672954240E0,4.542909213E0
3.226623500E1,-2.015979331E0,2.763121052E0,3.559658589E0,4.936616239E0
3.227631400E1,-1.659487165E0,2.577574866E0,2.837965997E0,4.177540047E0
3.228638983E1,-1.167433881E0,1.019160333E0,1.810154124E0,2.382907385E0
3.229646983E1,-8.295707971E-1,-4.970203471E-1,8.764286292E-1,1.305122245E0
3.230654983E1,-7.921451086E-1,-1.114209747E0,2.359374905E-1,1.387308088E0
3.231662983E1,-7.709216161E-1,-1.014251010E0,-2.898008716E-1,1.306525850E0
3.232670983E1,-6.205635354E-1,-3.246754199E-1,-8.130436420E-1,1.073104465E0
3.233678983E1,-1.251918838E-1,6.902626383E-1,-1.452065960E0,1.612647224E0
3.234686983E1,5.465623801E-1,1.561235815E0,-1.848054607E0,2.480220461E0
3.235694983E1,1.213763856E0,2.007771887E0,-2.214104340E0,3.225930668E0
3.236702983E1,1.935066292E0,1.754857006E0,-2.343689164E0,3.509541788E0
3.237710983E1,2.435536789E0,9.035170251E-1,-2.268885149E0,3.449061073E0
3.238718983E1,2.631135947E0,9.498977244E-2,-1.290317357E0,2.932033136E0
3.239726983E1,2.654998141E0,-5.964709604E-1,5.824939588E-2,2.721798253E0
3.240734983E1,2.729280292E0,-1.034929104E0,1.087376289E0,3.114873409E0
3.241742983E1,2.677444433E0,-1.192501625E0,1.677447472E0,3.377069564E0
3.242750983E1,2.813194268E0,-1.161868063E0,1.392434301E0,3.347069266E0
3.243758983E1,2.504847783E0,-1.480159492E0,1.951183704E0,3.503177470E0
3.244766983E1,1.864023207E0,-1.457094566E0,1.624020293E0,2.869694932E0
3.245774983E1,1.534872036E0,-1.123308599E0,9.137999386E-1,2.110138550E0
3.246782983E1,1.275734401E0,-1.165310318E0,-8.410159908E-2,1.729890020E0
3.247790983E1,7.761920039E-1,-4.380757356E-1,-1.402142433E0,1.661441476E0
3.248798983E1,1.654791631E-1,3.317499661E-1,-2.260165781E0,2.290369130E0
3.249806983E1,-2.849249150E-1,6.349392074E-1,-3.098351281E0,3.175548876E0
3.250814883E1,-4.173674559E-1,8.341532600E-1,-3.674339445E0,3.790880849E0
3.251822883E1,-2.148776469E-1,8.502079600E-1,-3.330693319E0,3.444204402E0
3.252830883E1,2.965525967E-1,7.129510045E-1,-2.686031946E0,2.794818454E0
3.253838883E1,8.503019540E-1,4.516553092E-1,-2.079860455E0,2.291904327E0
3.254846883E1,1.357249996E0,1.647985107E-1,-1.634539873E0,2.130963795E0
3.255854883E1,1.804830966E0,-6.650096834E-2,-1.445608295E0,2.313356984E0
3.256862883E1,2.071813809E0,-3.130575871E-1,-1.541575722E0,2.601321437E0
3.257870883E1,2.127682639E0,-6.187833506E-1,-2.091296439E0,3.046874964E0
3.258878883E1,2.041463251E0,-9.278338408E-1,-3.134413399E0,3.853958381E0
3.259886883E1,1.719650774E0,-9.925654417E-1,-4.309232460E0,4.744667463E0
3.260894883E1,1.199505713E0,-8.392871153E-1,-4.831363090E0,5.048295368E0
3.261902883E1,8.279445402E-1,-3.946940732E-1,-4.105734152E0,4.206938139E0
3.262910883E1,8.021005049E-1,2.300370651E-1,-2.521788336E0,2.656256517E0
3.263918883E1,7.289053517E-1,9.350919896E-1,-1.251988859E0,1.724290040E0
3.264926883E1,4.683602196E-1,1.371569096E0,-7.601316029E-1,1.636570541E0
3.265934883E1,2.753983755E-1,1.236182081E0,-6.581748730E-1,1.427299746E0
3.266942883E1,1.374136243E-1,7.557081842E-1,-4.949831772E-1,9.137755247E-1
3.267950883E1,4.144999813E-2,4.944773930E-1,-1.423562392E-1,5.162279471E-1
3.268958883E1,-4.110815529E-2,4.947644913E-1,1.233762503E-2,4.966225924E-1
3.269966883E1,-5.075989835E-2,4.334429866E-1,8.304212015E-2,4.442357298E-1
3.270974883E1,-1.386761478E-1,3.531501907E-1,-1.103020588E-2,3.795626386E-1
3.271982883E1,-5.272726715E-1,7.174422508E-1,2.482201517E-2,8.907053305E-1
3.272990883E1,-9.277962725E-1,1.871455749E0,2.769217944E-1,2.107092362E0
3.273998783E1,-1.085195716E0,3.118041195E0,5.060800231E-1,3.340052040E0
3.275006783E1,-1.224361130E0,3.908887053E0,8.360196912E-1,4.180596499E0
3.276014783E1,-1.468403373E0,3.991611121E0,1.185855095E0,4.415361833E0
3.277022783E1,-1.719151715E0,3.354635913E0,1.399448036E0,4.020885416E0
3.278030783E1,-1.642712819E0,2.376114314E0,1.518417825E0,3.263436429E0
3.279038783E1,-9.278472894E-1,9.249821538E-1,1.130244566E0,1.730302100E0
3.280046783E1,-2.685213920E-1,-2.981378317E-1,7.208143401E-1,8.249625553E-1
3.281054783E1,1.959573727E-1,-8.885996085E-1,5.623945570E-1,1.069717810E0
3.282062783E1,3.860400113E-1,-1.162234098E0,6.056838334E-1,1.366260552E0
3.283070783E1,4.253701380E-1,-1.130847414E0,4.716270224E-1,1.296991780E0
3.284078783E1,4.393303653E-1,-1.114938895E0,-2.355137866E-2,1.198605263E0
3.285086783E1,5.225945335E-1,-1.208280337E0,-8.023221874E-1,1.541676786E0
3.286094783E1,6.688928193E-1,-1.244573420E0,-1.371853856E0,1.969356139E0
3.287102783E1,6.227793378E-1,-1.218695397E0,-1.467804472E0,2.006868841E0
3.288110783E1,4.736681392E-1,-1.043166077E0,-1.275313987E0,1.714346153E0
3.289118783E1,2.613889949E-1,-7.916615438E-1,-9.227830160E-1,1.243615978E0
3.290126783E1,1.539316066E-1,-5.821563917E-1,-7.375513371E-1,9.521465112E-1
3.291134783E1,1.575546510E-1,-3.980059361E-1,-8.287118411E-1,9.327354978E-1
3.292142783E1,9.225060772E-2,-3.942648876E-1,-1.080471824E0,1.153851957E0
3.293150783E1,1.504576296E-2,-4.392773384E-1,-1.521852479E0,1.584053636E0
3.294158783E1,-1.206377068E-1,-7.134801775E-1,-1.750345294E0,1.894021138E0
3.295166783E1,-1.550614348E-1,-1.047997046E0,-1.574699614E0,1.897899031E0
3.296174783E1,-1.275198065E-1,-1.440268033E0,-1.100959225E0,1.817345461E0
3.297182783E1,2.109054141E-2,-1.809845392E0,-4.854989934E-1,1.873951553E0
3.298190783E1,4.924286018E-1,-2.096566535E0,-7.256043792E-2,2.154841567E0
3.299198683E1,1.092956360E0,-2.448842567E0,1.726505904E-1,2.687227521E0
3.300206683E1,1.747742699E0,-2.927573408E0,7.300272131E-1,3.486865402E0
3.301214683E1,2.462555457E0,-3.242929536E0,1.202566438E0,4.245814102E0
3.302222683E1,2.905573844E0,-3.598656594E0,1.483009279E0,4.857160196E0
3.303230683E1,3.014457770E0,-3.861547995E0,1.431229992E0,5.103619093E0
3.304238683E1,2.861064253E0,-3.701234883E0,8.748370171E-1,4.759219277E0
3.305246683E1,2.238936588E0,-2.721708148E0,3.554944856E-1,3.542161574E0
3.306254683E1,1.458151742E0,-3.822903746E-1,-5.016454947E-1,1.588710369E0
3.307262683E1,1.342611346E0,2.679481895E0,-2.906074365E0,4.174625333E0
3.308270683E1,2.321847328E0,5.663605480E0,-3.693406631E0,7.149031724E0
3.309278683E1,2.412123076E0,7.209968902E0,2.310627837E0,7.946130524E0
3.310286683E1,8.992634681E-1,7.095663437E0,7.957621962E0,1.069957297E1
3.311294683E1,-1.152836746E0,4.440430530E0,7.981823587E0,9.206300214E0
3.312302683E1,-3.944458589E0,-1.983749771E-1,5.667536563E0,6.907899600E0
3.313310683E1,-6.558137088E0,-3.693389674E0,3.686758347E0,8.381078478E0
3.314318683E1,-7.692066570E0,-4.514669704E0,2.446777769E0,9.248613523E0
3.315326683E1,-6.659826601E0,-1.555983846E0,1.776338507E0,7.066098964E0
3.316334683E1,-6.167391055E0,1.704224796E0,2.428468090E0,6.843869655E0
3.317342683E1,-6.722165521E0,4.161678557E0,4.053086407E0,8.884513894E0
3.318350683E1,-7.378483903E0,5.807406639E0,6.369076141E0,1.134606220E1
3.319358683E1,-7.252664101E0,5.806354725E0,8.254065270E0,1.242756956E1
3.320366683E1,-5.459138288E0,3.722223464E0,7.578082702E0,1.005407757E1
3.321374683E1,-3.199451394E0,2.229771954E0,4.878568246E0,6.245702549E0
3.322382683E1,-1.575936593E0,1.460084247E0,2.620794561E0,3.388803075E0
3.323390683E1,-4.782719810E-1,8.978452259E-1,6.898825693E-1,1.229149339E0
3.324398683E1,1.764803339E-1,5.584137726E-1,-7.707964126E-1,9.680384080E-1
3.325406683E1,7.210534912E-1,4.876671410E-1,-1.438660634E0,1.681511759E0
3.326414583E1,1.234730509E0,6.768497103E-1,-1.563821454E0,2.104334218E0
3.327422583E1,1.761610394E0,5.822990638E-1,-1.914573702E0,2.666071237E0
3.328430921E1,2.274008772E0,2.312018305E-1,-2.254595139E0,3.210571510E0
3.329438921E1,2.765114953E0,-4.572528487E-1,-2.293971459E0,3.621773864E0
3.330446921E1,3.077729613E0,-1.196209930E0,-1.752673656E0,3.738342241E0
3.331454921E1,3.121843640E0,-1.861257620E0,-1.243237331E0,3.841331371E0
3.332462921E1,3.155898408E0,-2.085169727E0,-1.494861732E0,4.067215159E0
3.333470921E1,3.350341425E0,-2.399083931E0,-7.888466942E-1,4.195553656E0
3.334478921E1,3.218420346E0,-2.987848261E0,-3.566450715E-1,4.405980307E0
3.335486921E1,2.767321107E0,-3.316467043E0,1.894725913E-1,4.323530921E0
3.336494921E1,1.976694813E0,-2.931489873E0,1.012636009E0,3.677823670E0
3.337502921E1,1.448002145E0,-2.286551342E0,6.904766464E-1,2.793167602E0
3.338510921E1,1.090655481E0,-1.588731762E0,1.254635235E-2,1.927110635E0
3.339518921E1,6.810111006E-1,-8.201789993E-1,-9.569722706E-1,1.432573083E0
3.340526921E1,5.152653410E-1,-5.696550447E-1,-1.695587874E0,1.861457354E0
3.341534921E1,9.323125888E-1,-7.917492521E-1,-2.115743063E0,2.443858087E0
3.342542921E1,1.095443693E0,-5.523420238E-1,-2.253128073E0,2.565475532E0
3.343550921E1,1.130173669E0,-4.352573776E-1,-2.301937121E0,2.601087467E0
3.344558921E1,1.139828372E0,-4.274209392E-1,-2.825937690E0,3.076982484E0
3.345566921E1,1.162014535E0,-5.462334377E-1,-3.802628526E0,4.013556086E0
3.346574921E1,1.098253865E0,-5.302009571E-1,-4.684568156E0,4.840707946E0
3.347582921E1,1.082700636E0,-5.422298491E-1,-4.795340733E0,4.945861565E0
3.348590921E1,1.180384587E0,-7.834193087E-1,-4.142076352E0,4.377653491E0
3.349598921E1,1.223244020E0,-6.774198139E-1,-3.357875270E0,3.637382282E0
3.350606921E1,1.186701772E0,-1.902169418E-1,-2.455087393E0,2.733477216E0
3.351614921E1,1.044177791E0,2.832630998E-1,-1.231515418E0,1.639260646E0
3.352622921E1,6.966779110E-1,1.196897562E0,2.364958996E-1,1.404939214E0
3.353630821E1,4.446867438E-1,2.391180834E0,1.561302474E0,2.890182952E0
3.354638821E1,3.101404843E-1,3.097984076E0,1.794996387E0,3.593842580E0
3.355646821E1,2.372607885E-1,2.345521097E0,7.787725264E-1,2.482790475E0
3.356654821E1,2.765709615E-1,1.432134556E0,-5.939256309E-1,1.574880484E0
3.357662821E1,4.695438422E-2,1.835577233E0,-1.286451763E0,2.241987206E0
3.358670821E1,-5.701605365E-1,3.012045209E0,-6.285259813E-1,3.129304122E0
3.359678821E1,-1.000423442E0,4.336636605E0,6.864572704E-2,4.451064630E0
3.360686821E1,-1.282380347E0,5.339700138E0,1.212905484E-1,5.492868860E0
3.361694821E1,-1.596201142E0,5.640280936E0,-3.965792155E-1,5.875193801E0
3.362702821E1,-2.028760175E0,4.899080279E0,-8.074022484E-1,5.363651165E0
3.363710821E1,-2.055800624E0,2.841271428E0,-7.734550685E-1,3.591291172E0
3.364718821E1,-1.285759160E0,7.434272772E-1,-2.279274080E-1,1.502601623E0
3.365726821E1,-2.960244287E-1,-7.764330554E-1,6.676520401E-1,1.065944651E0
3.366734821E1,5.458599468E-1,-1.903310210E0,1.138111995E0,2.283823932E0
3.367742821E1,1.196588829E0,-2.673860382E0,1.043911012E0,3.109839926E0
3.368750821E1,1.752664739E0,-3.146792539E0,1.604662720E-1,3.605535521E0
3.369758821E1,2.005735741E0,-3.229066372E0,-1.303295252E0,4.018510173E0
3.370766821E1,1.817329681E0,-2.934716951E0,-2.340824028E0,4.170696331E0
3.371774821E1,1.291082612E0,-2.520405470E0,-2.260349384E0,3.623329598E0
3.372782821E1,7.588139328E-1,-1.870167022E0,-1.434052443E0,2.475849286E0
3.373790821E1,2.835536699E-1,-8.685524297E-1,-3.386964583E-1,9.744235720E-1
3.374798821E1,2.158381252E-1,-1.354928505E-1,4.226086807E-1,4.935002592E-1
3.375806821E1,3.685683482E-1,3.108765757E-1,8.348853314E-1,9.641163774E-1
3.376814821E1,5.484904994E-1,5.702298260E-1,6.020316625E-1,9.942062186E-1
3.377822821E1,2.714581927E-1,5.279123569E-1,1.595985818E-1,6.146972541E-1
3.378830821E1,-3.688696260E-1,2.829455960E-1,-2.245494350E-1,5.162804083E-1
3.379838821E1,-8.750410849E-1,9.336658537E-2,-7.611156893E-1,1.163491002E0
3.380846821E1,-1.175422712E0,5.707934976E-2,-1.389383808E0,1.820786636E0
3.381854821E1,-1.444760303E0,8.451331615E-2,-1.643425448E0,2.189822375E0
3.382862721E1,-1.602827645E0,1.790300488E-2,-1.310269811E0,2.070310111E0
3.383870721E1,-1.541772773E0,-4.037210047E-2,-1.156816653E0,1.927931005E0
3.384878721E1,-1.081858272E0,-1.403916478E-3,-1.552159767E0,1.891988170E0
3.385886721E1,-3.563778172E-1,-1.286358207E-1,-2.112501951E0,2.146209873E0
3.386894721E1,3.815718249E-1,-4.005278403E-1,-2.302699013E0,2.368215014E0
3.387902721E1,8.478918779E-1,-4.916128421E-1,-1.859568944E0,2.102046736E0
3.388910721E1,8.379558505E-1,-7.845390505E-1,-1.352940306E0,1.774293944E0
3.389918721E1,5.560815375E-1,-1.309909623E0,-1.145754817E0,1.826976737E0
3.390926721E1,2.821029391E-1,-2.199022617E0,-1.274179773E0,2.557110993E0
3.391934721E1,2.598556723E-1,-2.945462964E0,-9.263976916E-1,3.098627071E0
3.392942721E1,2.128316331E-1,-3.747634878E0,8.992557205E-2,3.754750470E0
3.393950721E1,2.191140278E-1,-4.922102521E0,1.108488100E0,5.050133667E0
3.394958721E1,3.296191677E-1,-5.808413529E0,1.785649759E0,6.085627460E0
3.395966721E1,2.239926521E-1,-6.015625404E0,1.734657215E0,6.264739209E0
3.396974721E1,-2.166860446E-1,-4.907261118E0,7.602457698E-1,4.970526949E0
3.397982721E1,-7.864040199E-1,-1.869040849E0,-9.488754849E-1,2.238774143E0
3.398990721E1,-8.887221808E-1,2.680142630E0,-1.630847941E0,3.260775466E0
3.399998721E1,-2.678035732E-1,8.482584398E0,8.226671357E-1,8.526590060E0
3.401006721E1,2.086559171E-1,1.285452357E1,6.239506520E0,1.429033782E1
3.402014721E1,-3.187182035E-1,1.259836641E1,9.770403825E0,1.594619730E1
3.403022721E1,-1.485557350E0,5.788437102E0,8.243031574E0,1.018137782E1
3.404030721E1,-2.168612125E0,-7.614302695E-1,4.692486455E0,5.225139590E0
3.405038721E1,-2.977476762E0,-3.984168785E0,2.056969775E0,5.382387335E0
3.406046721E1,-3.264257839E0,-2.948567251E0,2.055033323E0,4.855161175E0
3.407054721E1,-2.869602065E0,7.356785470E-1,3.451233670E0,4.548280200E0
3.408062721E1,-2.807853422E0,2.799648609E0,3.798454199E0,5.490931384E0
3.409070721E1,-3.060468048E0,3.310488850E0,3.204177114E0,5.531053433E0
3.410078721E1,-3.404618497E0,2.614832155E0,2.733064610E0,5.089048680E0
3.411086721E1,-3.736578670E0,1.425611402E0,2.416903321E0,4.672880235E0
3.412094721E1,-3.977457058E0,4.157896578E-1,2.045110452E0,4.491717094E0
3.413102721E1,-3.537459927E0,-1.671520150E-1,1.509248221E0,3.849596437E0
3.414110721E1,-2.467104591E0,-1.723583758E-2,4.898925912E-1,2.515332361E0
3.415118721E1,-1.506155190E0,5.985180706E-1,-1.798802523E-1,1.630669875E0
3.416126721E1,-7.769007596E-1,1.142262933E0,-4.140179515E-1,1.442133927E0
3.417134721E1,4.098094180E-3,1.500209595E0,-6.257760358E-1,1.625497238E0
3.418142721E1,8.405405391E-1,1.350593964E0,-9.464560533E-1,1.851051462E0
3.419150721E1,1.657854330E0,5.364101154E-1,-1.393083926E0,2.230896595E0
3.420158721E1,2.255337735E0,-5.095819205E-1,-1.844926347E0,2.958035709E0
3.421166721E1,2.539173862E0,-1.579877324E0,-1.886208858E0,3.535703624E0
3.422174621E1,2.583700410E0,-2.416482906E0,-1.576559029E0,3.873039609E0
3.423182621E1,2.502886042E0,-3.071769254E0,-1.205548518E0,4.141684696E0
3.424190621E1,2.292906242E0,-3.479718965E0,-1.001293581E0,4.285843201E0
3.425198621E1,2.001845442E0,-3.489083281E0,-7.860365224E-1,4.098651087E0
3.426206621E1,1.730471778E0,-3.191171737E0,-6.792979395E-1,3.693176860E0
3.427214621E1,1.480809118E0,-2.707622205E0,-8.417692584E-1,3.198841843E0
3.428222621E1,1.281071009E0,-2.249167753E0,-1.306874918E0,2.899624211E0
3.429230246E1,1.104635223E0,-1.752029293E0,-1.895273212E0,2.807469709E0
3.430238246E1,1.135062453E0,-1.182194154E0,-2.411941958E0,2.916061350E0
3.431246246E1,1.394082485E0,-7.421145773E-1,-2.600802931E0,3.042757944E0
3.432254246E1,1.784964466E0,-2.922040772E-1,-2.679692979E0,3.232991777E0
3.433262246E1,2.120666419E0,1.057112271E-1,-2.997709005E0,3.673507888E0
3.434270246E1,2.565908794E0,3.558901960E-1,-3.466821762E0,4.327747555E0
3.435278246E1,2.998011599E0,6.440614486E-1,-3.805643935E0,4.887311578E0
3.436286246E1,3.219307954E0,9.152629119E-1,-3.670268614E0,4.967144209E0
3.437294246E1,3.327088218E0,1.028686616E0,-3.421499993E0,4.882046125E0
3.438302246E1,3.227992531E0,1.046840467E0,-3.045135772E0,4.559458587E0
3.439310246E1,2.877934640E0,1.135321119E0,-2.732338386E0,4.127606436E0
3.440318246E1,2.279136195E0,1.689389825E0,-2.512916356E0,3.789887649E0
3.441326246E1,1.666097880E0,2.392578903E0,-2.729250471E0,3.993635448E0
3.442334246E1,1.246240753E0,2.752782590E0,-2.996448346E0,4.255541175E0
3.443342246E1,1.014755771E0,2.535165011E0,-2.484294235E0,3.691681020E0
3.444350246E1,6.649057491E-1,1.993817507E0,-1.190293717E0,2.415410325E0
3.445358246E1,1.845706511E-1,1.467196215E0,-5.337046087E-2,1.479722767E0
3.446366246E1,-1.755872083E-1,1.020752530E0,5.490056026E-1,1.172251571E0
3.447374246E1,-3.899515062E-1,1.408173251E0,1.054718421E0,1.802066877E0
3.448382246E1,-5.056834356E-1,2.765903742E0,1.144280223E0,3.035673974E0
3.449390246E1,-5.630550731E-1,4.288993492E0,1.249291538E0,4.502579876E0
3.450398246E1,-5.120624921E-1,5.397579972E0,1.468109550E0,5.617065355E0
3.451406246E1,-4.465144372E-1,5.247656778E0,1.751037605E0,5.550081935E0
3.452414246E1,-2.580500521E-2,3.700711557E0,1.968899013E0,4.191956017E0
3.453422246E1,4.531343624E-1,2.015698957E0,2.087157780E0,2.936767038E0
3.454430246E1,6.131562826E-1,7.772113198E-1,2.102585074E0,2.323979788E0
3.455438246E1,6.465173522E-1,5.387507558E-2,2.120650631E0,2.217666862E0
3.456446246E1,6.428556065E-1,-5.209553397E-1,1.714722887E0,1.903925518E0
3.457454246E1,5.404203551E-1,-1.126854351E0,8.259566331E-1,1.498018440E0
3.458462246E1,2.394659927E-1,-1.622087789E0,-1.299367897E-1,1.644808902E0
3.459470246E1,-2.246041978E-1,-1.789988247E0,-8.684822631E-1,2.002190404E0
3.460478246E1,-7.212756854E-1,-1.856597974E0,-1.173725631E0,2.311888083E0
3.461486246E1,-1.009055613E0,-2.039399477E0,-1.436142823E0,2.690696873E0
3.462494246E1,-1.047556751E0,-2.441841111E0,-1.905097704E0,3.269458735E0
3.463502246E1,-8.177609564E-1,-3.042567090E0,-2.300913273E0,3.901300984E0
3.464510246E1,-4.758852207E-1,-3.491823871E0,-2.143034942E0,4.124548394E0
3.465518246E1,-8.700773835E-2,-3.658764802E0,-1.799271287E0,4.078174516E0
3.466526246E1,3.155726939E-1,-3.799883843E0,-1.512267723E0,4.101908947E0
3.467534246E1,6.797146998E-1,-4.002613826E0,-1.227731684E0,4.241492026E0
3.468542246E1,1.032293837E0,-3.963668447E0,-7.688001001E-1,4.167415472E0
3.469550246E1,1.331013101E0,-3.928196313E0,-1.887820351E-1,4.151862330E0
3.470558246E1,1.565844883E0,-3.651512500E0,1.691118555E-1,3.976683613E0
3.471566246E1,1.711686282E0,-3.289944658E0,-2.488645148E-1,3.716926059E0
3.472574246E1,2.077551389E0,-2.763452590E0,-1.136947960E0,3.639442355E0
3.473582146E1,2.709725741E0,-1.980553098E0,-1.566199078E0,3.703806652E0
3.474590246E1,3.470730041E0,-1.070900005E0,-1.212294012E0,3.829157950E0
3.475598146E1,4.310912949E0,-2.351299900E-1,-1.229353702E-1,4.319070464E0
3.476606146E1,4.952995116E0,2.714078701E-1,3.159927432E-1,4.970480285E0
3.477614146E1,4.954207243E0,-3.260115087E-2,3.752498884E-1,4.968505281E0
3.478622146E1,3.930299264E0,-8.852240109E-1,3.127571864E-1,4.040877493E0
3.479630146E1,1.883413305E0,-1.351448243E0,1.120305469E0,2.574634415E0
3.480638146E1,-4.631633605E-1,-1.994706284E0,2.473697326E0,3.211316228E0
3.481646146E1,-1.882156007E0,-2.404821804E0,3.369980761E0,4.547796111E0
3.482654146E1,-2.741088159E0,-7.858844948E-1,4.093773965E0,4.989004311E0
3.483662146E1,-3.322099666E0,4.526570542E0,5.889761163E0,8.137289083E0
3.484670146E1,-4.345108051E0,1.382999351E1,8.189729526E0,1.664993556E1
3.485678146E1,-6.552379920E0,2.107272436E1,8.487289653E0,2.364376197E1
3.486686146E1,-8.535729741E0,1.730288877E1,5.285284780E0,2.000457141E1
3.487694146E1,-8.154018241E0,6.735082020E0,3.558625679E0,1.115854650E1
3.488702146E1,-7.235594909E0,-1.321584173E0,4.617034569E0,8.684320735E0
3.489710146E1,-6.149507346E0,-5.290273039E0,4.006836978E0,9.047550608E0
3.490718146E1,-4.655484690E0,-6.516115488E0,3.072441684E0,8.577481953E0
3.491726146E1,-3.690363740E0,-6.252427112E0,2.975703009E0,7.846428342E0
3.492734146E1,-3.560218460E0,-4.862291352E0,3.422937824E0,6.930623062E0
3.493742146E1,-3.799314032E0,-1.954833536E0,4.362144499E0,6.106100711E0
3.494750146E1,-3.514025164E0,1.041257545E0,6.103120215E0,7.119035503E0
3.495758146E1,-2.277390655E0,2.447833922E0,7.435522907E0,8.152631477E0
3.496766146E1,-9.116395386E-1,1.364045484E0,6.718427396E0,6.915849435E0
3.497774146E1,-1.853082043E-1,-2.230426258E-1,4.731244140E0,4.740122177E0
3.498782146E1,1.591870840E-1,-4.919332695E-1,2.884599881E0,2.930572528E0
3.499790146E1,1.078620522E0,-7.724891084E-1,-8.425065923E-1,1.571616687E0
3.500798146E1,2.715165698E0,-1.234720277E0,-5.962405801E0,6.666853970E0
3.501806146E1,4.623247236E0,-2.628036337E0,-1.200230592E1,1.312769353E1
3.502814146E1,4.307010518E0,-3.134599341E0,-1.083413748E1,1.207288647E1
3.503822146E1,2.408442107E0,-1.004248179E0,-4.380707070E0,5.098990314E0
3.504830146E1,2.062369094E0,-3.794492126E-2,-1.522481639E0,2.563738762E0
3.505838146E1,2.121067099E0,7.592141747E-2,7.049099135E-1,2.236422967E0
3.506846146E1,2.223682518E0,2.613950980E-1,2.137292976E0,3.095337236E0
3.507854146E1,2.389933769E0,2.903616196E-1,2.833922063E0,3.718495334E0
3.508862146E1,2.606969697E0,3.231142133E-1,2.678637557E0,3.751771975E0
3.509870146E1,2.881341520E0,5.044702846E-1,1.983806489E0,3.534417549E0
3.510878146E1,3.058100803E0,8.468136513E-1,9.880724412E-1,3.323456187E0
3.511886146E1,3.082060646E0,9.622031897E-1,-1.419292828E-2,3.228797647E0
3.512894146E1,2.757460948E0,6.866888201E-1,-8.182441556E-1,2.957136438E0
3.513902146E1,1.944852777E0,5.996454138E-1,-1.317546086E0,2.424449347E0
3.514910146E1,1.139688770E0,1.216171154E0,-1.435949864E0,2.199980632E0
3.515918146E1,6.579657619E-1,2.071334630E0,-1.352989569E0,2.560063840E0
3.516926146E1,2.926456699E-1,2.496526610E0,-1.279497669E0,2.820532022E0
3.517934146E1,-8.459532335E-2,2.237396724E0,-1.385776661E0,2.633149715E0
3.518942146E1,-4.051700179E-1,1.786205683E0,-1.650015845E0,2.465207045E0
3.519950146E1,-5.974415982E-1,1.261563674E0,-2.121746984E0,2.539742040E0
3.520958146E1,-6.343376751E-1,6.810263765E-1,-2.468106803E0,2.637751392E0
3.521966146E1,-3.986889275E-1,5.562503028E-1,-2.678635218E0,2.764679709E0
3.522974146E1,1.893490140E-1,2.338652372E-1,-2.690693931E0,2.707467420E0
3.523982146E1,8.621642004E-1,3.268593550E-2,-2.563055645E0,2.704376031E0
3.524990146E1,1.223020583E0,-2.719440597E-1,-2.396010050E0,2.703811583E0
3.525998146E1,1.648208470E0,-8.854695940E-1,-2.192126411E0,2.882024595E0
3.527006146E1,2.012494391E0,-1.298998134E0,-2.010375652E0,3.127161666E0
3.528014146E1,2.204612701E0,-1.710553823E0,-1.900303572E0,3.376013212E0
3.529022188E1,2.239725670E0,-2.035020497E0,-1.661163561E0,3.452121648E0
3.530030188E1,2.289459162E0,-2.456253912E0,-1.413484277E0,3.643177780E0
3.531038188E1,2.277050201E0,-2.775208417E0,-1.212075253E0,3.788913537E0
3.532046188E1,2.269602018E0,-3.145702034E0,-1.269541031E0,4.081454279E0
3.533054188E1,2.323678530E0,-3.459867668E0,-1.390210605E0,4.393501077E0
3.534062188E1,2.488395765E0,-3.322928801E0,-1.596552998E0,4.447802915E0
3.535070188E1,2.594669494E0,-2.543868592E0,-1.440963852E0,3.908958175E0
3.536078188E1,2.366218047E0,-1.261349666E0,-7.942313951E-1,2.796568314E0
3.537086188E1,1.820997347E0,1.215016329E-1,-3.806619616E-1,1.864322267E0
3.538094188E1,1.020045236E0,1.269810587E0,-1.701264570E-1,1.637636779E0
3.539102188E1,-6.138045652E-2,2.532503943E0,9.340170521E-2,2.534968967E0
3.540110188E1,-9.876552424E-1,3.537762521E0,1.928505643E-1,3.678099764E0
3.541118188E1,-1.659689040E0,3.745821657E0,2.766792081E-1,4.106372971E0
3.542126188E1,-1.759298259E0,3.086654511E0,3.682576418E-2,3.553015982E0
3.543134188E1,-1.980204604E0,3.756429675E0,-4.149856657E-1,4.266636530E0
3.544142188E1,-2.189103108E0,4.388496730E0,-1.598470885E-1,4.906793970E0
3.545150188E1,-2.416259250E0,5.098175633E0,2.362462234E-1,5.646726116E0
3.546158188E1,-2.475039262E0,4.745454043E0,2.910662091E-1,5.360025463E0
3.547166188E1,-2.377743640E0,4.634914770E0,5.752513782E-1,5.240898195E0
3.548174188E1,-2.153546043E0,4.001681195E0,8.136049747E-1,4.616618460E0
3.549182188E1,-1.657858569E0,2.238788361E0,1.165712607E0,3.019859971E0
3.550190188E1,-1.531663668E0,1.859467202E0,1.890772026E0,3.062455016E0
3.551198188E1,-1.552398772E0,1.796979763E0,2.531122831E0,3.470685956E0
3.552206188E1,-1.471237080E0,1.445225303E0,2.670155586E0,3.373862115E0
3.553214188E1,-1.358450430E0,7.604537845E-1,2.231655343E0,2.721022436E0
3.554222188E1,-1.249160268E0,6.599109113E-2,1.518531114E0,1.967407671E0
3.555230188E1,-1.060748362E0,-4.589397705E-1,7.793461382E-1,1.393984649E0
3.556238188E1,-7.505491859E-1,-7.871866697E-1,4.682217868E-1,1.184153105E0
3.557246188E1,-3.913350671E-1,-9.563951504E-1,5.521783018E-1,1.171638039E0
3.558254188E1,-7.133471534E-2,-9.454351294E-1,8.660053825E-1,1.284095615E0
3.559262188E1,1.017502866E-1,-9.492744112E-1,1.142132979E0,1.488604303E0
3.560270188E1,6.913974367E-2,-1.470556610E0,1.381711238E0,2.019020305E0
3.561278188E1,-2.464841864E-1,-2.287516717E0,1.184665918E0,2.587840900E0
3.562286188E1,-6.535660976E-1,-2.976905197E0,5.589774442E-1,3.098639859E0
3.563294188E1,-1.109981771E0,-3.694670799E0,-7.996535182E-2,3.858632698E0
3.564302188E1,-1.513892372E0,-4.556527582E0,-4.469436228E-1,4.822195799E0
3.565310188E1,-1.619449817E0,-5.341599314E0,-5.637381010E-1,5.610089267E0
3.566318188E1,-1.223537404E0,-6.146490768E0,-7.536946955E-1,6.312245894E0
3.567326188E1,-5.335394248E-1,-6.493062256E0,-1.204340483E0,6.625326994E0
3.568334188E1,-2.442199253E-2,-6.431973470E0,-1.370818022E0,6.576474831E0
3.569342188E1,2.514681338E-1,-5.868391929E0,-1.782148593E0,6.138184883E0
3.570350188E1,-1.530603714E-2,-3.935220573E0,-2.517469583E0,4.671600190E0
3.571358188E1,-3.187250009E-1,-2.074970428E0,-3.091313865E0,3.736751171E0
3.572366188E1,-2.471012139E-1,-4.809340721E-1,-2.796913866E0,2.848698609E0
3.573374188E1,5.225742875E-1,4.287617058E-1,1.089455267E0,1.282120612E0
3.574382188E1,4.800188733E-1,1.899287326E0,4.944783286E0,5.318702117E0
3.575390188E1,-4.505175141E-1,4.005982407E0,4.743021894E0,6.224718288E0
3.576398188E1,-9.979964818E-1,5.393260049E0,3.556761002E0,6.537109434E0
3.577406188E1,-1.483279274E0,6.234480253E0,2.614432790E0,6.921280247E0
3.578414188E1,-1.787898014E0,6.323462012E0,2.744312314E0,7.121376356E0
3.579422188E1,-2.238103944E0,6.359331756E0,3.364958003E0,7.534796083E0
3.580430188E1,-2.459136590E0,5.676678100E0,4.704014826E0,7.771729698E0
3.581438188E1,-2.568125766E0,4.725478785E0,5.655581930E0,7.804551663E0
3.582446188E1,-1.971925532E0,3.196326057E0,6.259770046E0,7.299980246E0
3.583454188E1,2.019933072E-1,-1.103077233E-2,5.185853462E0,5.189797598E0
3.584462188E1,2.705686484E0,-4.507396937E0,2.972933768E0,6.039511709E0
3.585470188E1,2.516721431E0,-6.011292617E0,9.904380785E-1,6.591698815E0
3.586478188E1,8.318311845E-1,-5.170358925E0,-4.044062984E-1,5.252437433E0
3.587486188E1,-9.087689211E-1,-3.110892974E0,-6.439045970E-1,3.304259248E0
3.588494188E1,-2.230220582E0,-2.523745984E-1,4.386534405E-1,2.286917931E0
3.589502188E1,-2.656976839E0,1.416030155E0,1.174879287E0,3.231873862E0
3.590510188E1,-2.403097898E0,1.659059733E0,8.508703034E-1,3.041601384E0
3.591518188E1,-1.918584161E0,1.538501256E0,-1.391597857E-1,2.463192388E0
3.592526188E1,-1.300868365E0,1.303931429E0,-7.795655550E-1,2.000054532E0
3.593534188E1,-4.998310306E-1,1.012692143E0,-1.088821867E0,1.568728623E0
3.594542188E1,3.438215429E-1,5.350190628E-1,-1.421459879E0,1.557243346E0
3.595550188E1,1.126018783E0,-1.583531249E-1,-1.775879501E0,2.108729953E0
3.596558188E1,1.790826592E0,-1.143275671E0,-1.997948565E0,2.916494061E0
3.597566188E1,2.239725085E0,-2.109324574E0,-2.141958470E0,3.748813773E0
3.598574188E1,2.729236730E0,-2.833216304E0,-2.302217202E0,4.558075449E0
3.599582188E1,3.212288371E0,-3.049281448E0,-2.452887670E0,5.062960779E0
3.600590188E1,5.860930882E0,-3.553298573E0,-2.651258554E0,7.348851167E0
3.601598188E1,5.087089312E0,-2.988687336E0,-4.327000979E0,7.316670495E0
3.602606188E1,3.602431849E0,-2.215210633E0,-6.533699235E0,7.782923556E0
3.603614188E1,2.905647519E0,-1.319499641E0,-6.487666445E0,7.230054129E0
3.604622188E1,2.283643083E0,-4.928618073E-2,-4.560557483E0,5.100601868E0
3.605630188E1,1.744044189E0,7.306136888E-1,-2.905827613E0,3.466889183E0
3.606638188E1,1.243512150E0,7.504977304E-1,-2.540161457E0,2.926087753E0
3.607646188E1,9.177270748E-1,9.256200850E-2,-3.353457114E0,3.477997315E0
3.608654188E1,7.060985063E-1,-3.269412160E-1,-4.396966422E0,4.465286035E0
3.609662188E1,6.823816880E-1,-2.186507821E-1,-5.311759218E0,5.359873032E0
3.610670188E1,3.442187881E-1,4.770146835E-1,-5.088488551E0,5.122376920E0
3.611678188E1,-1.788597487E-2,1.616611286E0,-3.941823249E0,4.260483832E0
3.612686188E1,-2.356650102E-1,2.543634703E0,-2.752782006E0,3.755452605E0
3.613694188E1,-4.466825446E-1,3.022346833E0,-1.772386374E0,3.532061598E0
3.614702188E1,-8.428525282E-1,2.892326977E0,-8.257133889E-1,3.123741078E0
3.615710188E1,-1.296919448E0,2.254720269E0,3.175019096E-1,2.620414282E0
3.616718188E1,-1.815168112E0,1.766451450E0,1.534169054E0,2.961226213E0
3.617726188E1,-2.296947984E0,1.791959344E0,2.100939813E0,3.591801279E0
3.618734188E1,-2.476984923E0,1.827998073E0,2.431458941E0,3.922884633E0
3.619742188E1,-2.757345173E0,2.066831104E0,2.906259137E0,4.507891457E0
3.620750188E1,-3.006587125E0,2.145186718E0,3.027924492E0,4.775952149E0
3.621758188E1,-2.726421880E0,2.450229526E0,4.808946619E0,6.046732058E0
3.622766188E1,-2.271344927E0,2.288248204E0,7.506594059E0,8.169702686E0
3.623774188E1,-2.219602477E0,2.201711167E0,7.421990696E0,8.053577659E0
3.624782188E1,-2.434740983E0,1.731287464E0,2.280250382E0,3.758305701E0
3.625790188E1,-2.857834142E-1,1.612828723E0,5.863330579E-1,1.739734205E0
3.626798188E1,2.186158011E0,3.032552564E0,7.370397788E-1,3.810366063E0
3.627806188E1,3.683162017E0,2.383030985E0,-1.194687972E0,4.546624953E0
3.628814125E1,4.588795441E0,3.068998843E-1,-2.825227253E0,5.397512406E0
3.629822125E1,3.950292648E0,-7.099847120E-1,-9.826685176E-1,4.132133555E0
3.630830125E1,1.703418465E0,-1.067549551E0,3.473410404E0,4.013212721E0
3.631838125E1,-3.163683537E-1,-1.222474453E0,5.515494922E0,5.658199092E0
3.632846125E1,-1.305661620E0,-1.439864575E0,4.007996188E0,4.454435510E0
3.633854125E1,-1.572980533E0,-1.988799427E0,2.112129484E0,3.300103312E0
3.634862125E1,-1.841727189E0,-2.458350724E0,-4.316695261E-1,3.101900369E0
3.635870125E1,-2.098532515E0,-2.366708483E0,-2.214935814E0,3.861487850E0
3.636878125E1,-2.069270855E0,-2.093302034E0,-3.014221542E0,4.212994990E0
3.637886125E1,-1.845315040E0,-2.311920657E0,-2.708599859E0,4.010820105E0
3.638894125E1,-1.767572800E0,-3.200841277E0,-1.668947960E0,4.019338973E0
3.639902125E1,-1.587978933E0,-4.155543659E0,-6.400888503E-1,4.494433660E0
3.640910125E1,-1.385185361E0,-4.681873759E0,-1.391415131E-1,4.884469341E0
3.641918125E1,-1.250495041E0,-4.689365796E0,-3.098374889E-1,4.863115122E0
3.642926125E1,-1.119811964E0,-4.243776973E0,-7.100776827E-1,4.446103030E0
3.643934125E1,-7.799647006E-1,-3.341035874E0,-6.183594275E-1,3.486148882E0
3.644942125E1,-3.929003667E-1,-1.768126677E0,-4.325325751E-1,1.862183416E0
3.645950125E1,6.148022738E-1,-1.556096113E-1,-5.196788925E-1,8.199160556E-1
3.646958125E1,1.704992390E0,7.171960831E-1,-9.797138464E-1,2.093133653E0
3.647966125E1,2.477448023E0,1.195361499E0,-1.608454421E0,3.186497049E0
3.648974125E1,2.953858981E0,1.176075042E0,-2.794222977E0,4.232743488E0
3.649982125E1,2.726626533E0,1.106455169E0,-3.402276102E0,4.498246099E0
3.650990125E1,1.899147431E0,1.183400434E0,-3.517442862E0,4.168884963E0
3.651998125E1,1.641851962E0,4.399866056E-1,-4.662903053E0,4.963056614E0
3.653006125E1,2.870294668E0,-2.258823845E0,-3.197097305E0,4.854102165E0
3.654014125E1,3.012396042E0,-2.457528605E0,2.929334589E0,4.867748750E0
3.655022125E1,5.175244859E-1,3.804683822E0,9.104927534E0,9.881455155E0
3.656030125E1,-1.072502215E0,6.619932218E0,7.392439452E0,9.981078330E0
3.657038125E1,-1.574778259E0,4.965093005E0,2.735422207E0,5.883418204E0
3.658046125E1,-7.480896277E-1,2.775847517E0,1.363975317E0,3.182042771E0
3.659054125E1,-7.827169119E-1,1.404886531E0,2.686282207E0,3.130888696E0
3.660062125E1,-2.511450751E0,1.249235405E0,4.084931513E0,4.955263811E0
3.661070125E1,-2.255591212E0,4.921683276E-1,5.453941283E0,5.922448556E0
3.662078125E1,-1.294526329E0,-2.925169033E-1,6.264144348E0,6.403192092E0
3.663086125E1,-1.919705218E-1,-1.017686834E0,6.727909241E0,6.807150793E0
3.664094125E1,-5.871091296E-1,-1.523230083E0,7.960659006E0,8.126316436E0
3.665102125E1,-2.885555609E0,-1.043484165E0,8.736831275E0,9.259995200E0
3.666110125E1,-4.607501561E0,-2.792501557E-1,7.421756807E0,8.740110147E0
3.667118125E1,-5.124217962E0,-2.672043067E-1,5.000099700E0,7.164496135E0
3.668126125E1,-4.818595110E0,-2.469431198E-1,2.084041799E0,5.255765401E0
3.669134125E1,-3.808469017E0,3.991116446E-1,-4.777736521E-1,3.859014644E0
3.670142125E1,-2.371481857E0,7.429618388E-1,-1.377689377E0,2.841469076E0
3.671150125E1,-1.253489839E0,1.024484807E0,-1.547603617E0,2.239616675E0
3.672158125E1,-2.630868802E-1,1.207343028E0,-1.977290352E0,2.331645134E0
3.673166125E1,4.370992506E-1,1.280087069E0,-1.575203059E0,2.076281131E0
3.674174125E1,1.141071125E0,1.507016923E0,-1.240040073E0,2.260717298E0
3.675182125E1,1.738691501E0,1.812955526E0,1.058848163E-1,2.514173317E0
3.676190125E1,1.421292941E0,1.802783124E0,1.226834137E0,2.602925780E0
3.677198125E1,4.755545606E-1,1.942956671E0,1.459388428E0,2.476095182E0
3.678206125E1,4.142738037E-1,2.223834107E0,7.199629124E-1,2.373901328E0
3.679214125E1,6.847240826E-1,1.871885519E0,-1.560083914E0,2.531138930E0
3.680222125E1,6.223717137E-1,2.178060933E0,-4.364161788E0,4.917032041E0
3.681230125E1,1.181277438E-1,3.523203539E0,-5.884390495E0,6.859516662E0
3.682238125E1,-6.807568198E-1,4.473084891E0,-4.355727180E0,6.280467941E0
3.683246125E1,-5.000774907E-1,4.572983401E0,-1.900957291E0,4.977538880E0
3.684254125E1,5.862177946E-1,3.270038981E0,-1.190017070E0,3.528873315E0
3.685262125E1,1.079003150E0,2.527304599E0,-1.501521710E0,3.131466714E0
3.686270125E1,9.765531340E-1,2.499742579E0,-1.364400995E0,3.010640971E0
3.687278125E1,1.371936886E0,2.080580832E0,-2.180717323E0,3.311578998E0
3.688286125E1,1.271629656E0,2.240437276E0,-3.083222780E0,4.017818299E0
3.689294125E1,1.755495668E0,2.836956183E0,-2.414764994E0,4.118394760E0
3.690302125E1,1.357421612E0,2.580899009E0,-2.231473494E0,3.671935059E0
3.691310125E1,1.251600457E0,1.578883297E0,-1.788457446E0,2.694059429E0
3.692318125E1,1.190883701E0,5.964925951E-1,-7.100975633E-1,1.509385953E0
3.693326125E1,1.103491727E0,-8.631250441E-1,4.781373123E-1,1.480302038E0
3.694334125E1,1.144706265E0,-9.274777454E-1,-8.237383822E-2,1.475585596E0
3.695342125E1,6.211642637E-1,9.967777759E-1,-2.907319822E0,3.135589183E0
3.696350125E1,1.162190756E0,-2.221953642E-1,-3.027784159E0,3.250774530E0
3.697358125E1,2.210492515E0,-6.799855721E-1,2.355863067E0,3.301325238E0
3.698366125E1,-4.964505360E-2,5.692603576E-1,2.351937246E-1,6.179304768E-1
3.699374125E1,-1.549237036E0,-4.374956918E-1,-1.908602525E0,2.496858321E0
3.700382125E1,-1.526044933E0,-5.623208821E-1,5.184831369E-1,1.706998147E0
3.701390125E1,-5.131612936E-1,-1.217262245E0,1.032905894E0,1.676888927E0
3.702398125E1,1.106068084E-1,-1.490357621E0,1.656070637E0,2.230688158E0
3.703406125E1,-7.722674990E-1,-3.768565571E-1,3.016416003E0,3.136428455E0
3.704414125E1,-1.869507018E0,-4.778882575E-1,2.665517575E0,3.290656107E0
3.705422125E1,-2.502110701E0,-1.261279500E0,3.164405522E0,4.226682653E0
3.706430125E1,-2.836956768E0,-2.265285019E0,4.796364580E0,6.015393014E0
3.707438125E1,-3.017620237E0,-2.692903594E0,5.190457560E0,6.580168033E0
3.708446125E1,-2.397927936E0,-2.310037268E0,4.496500651E0,5.595073607E0
3.709454125E1,-1.056298484E0,-1.379120775E0,2.592200507E0,3.120455747E0
3.710462125E1,3.557752982E-1,9.426003993E-2,8.512411630E-1,9.274009573E-1
3.711470125E1,1.198514610E0,1.854888833E0,-8.315570962E-1,2.359774789E0
3.712478125E1,1.139671447E0,2.481877581E0,-3.050919253E0,4.094713130E0
3.713486125E1,7.655891016E-1,1.357103670E0,-4.740193888E0,4.989718944E0
3.714494125E1,-1.198369306E-1,2.367356354E-1,-4.353650833E0,4.361729041E0
3.715502125E1,-9.844106224E-1,-2.543877947E-1,-2.337992660E0,2.549507227E0
3.716510125E1,-8.298307058E-1,-4.298621517E-1,-5.102933805E-1,1.064800359E0
3.717518125E1,-4.922773781E-1,2.817243465E0,-3.633522956E0,4.624033611E0
3.718526125E1,-2.780210125E0,4.169206263E0,-3.410879695E0,6.061843737E0
3.719534125E1,-2.505580147E0,-2.686023760E-1,9.317456281E-1,2.686676204E0
3.720542125E1,-1.722436242E0,-1.520185438E0,-2.720978415E-1,2.313393094E0
3.721550125E1,-1.703002144E0,2.047344089E-2,-4.184290910E-1,1.753772610E0
3.722558125E1,-1.854844978E0,7.507462370E-1,-9.575236630E-1,2.218314985E0
3.723566125E1,-1.828252719E0,-1.230569923E-1,-2.087760043E0,2.777839633E0
3.724574125E1,-1.714835739E0,-3.510346681E-1,-2.620813857E0,3.151595187E0
3.725582125E1,-1.419870606E0,-9.011763847E-1,-3.725777401E0,4.087733927E0
3.726590125E1,-1.602430911E0,-5.544651479E-1,-4.530132666E0,4.837077464E0
3.727598125E1,-9.044017088E-1,-5.116775626E-1,-4.989965891E0,5.097010493E0
3.728606208E1,-1.465686464E-1,1.643944681E-2,-4.360949913E0,4.363443223E0
3.729614208E1,-9.485937953E-3,3.534606779E-1,-4.114349440E0,4.129515195E0
3.730622208E1,6.694272548E-1,-2.207090020E-1,-3.458764883E0,3.529858330E0
3.731630208E1,5.909131819E-1,-1.786488104E-1,-2.467796316E0,2.543838132E0
3.732638208E1,5.239947224E-1,-3.101000655E-1,-1.651578805E0,1.760240060E0
3.733646208E1,1.079657380E0,-5.312540406E-1,-3.578341028E-1,1.255362959E0
3.734654208E1,1.287119223E0,-5.149116576E-2,8.889384547E-1,1.565100255E0
3.735662208E1,1.536756155E0,4.347819990E-1,1.579773828E0,2.246406066E0
3.736670308E1,2.299050643E0,1.134601911E0,1.548519875E0,2.995140925E0
3.737678308E1,4.337364291E0,2.707264355E0,-3.426263720E-1,5.124392853E0
3.738686308E1,5.219158033E0,2.539137025E0,-1.557971315E0,6.009500980E0
3.739694308E1,4.098715447E0,2.198291130E0,-2.164711155E0,5.130100057E0
3.740702308E1,2.306026371E0,1.741438816E0,-2.441491155E0,3.783020728E0
3.741710308E1,8.593003803E-1,4.906474668E-1,-2.490450768E0,2.679827814E0
3.742718308E1,4.662721789E-1,-2.770609581E-1,-1.888284912E0,1.964635444E0
3.743726308E1,2.330352250E-1,-5.179364222E-1,-1.236362759E0,1.360572095E0
3.744734308E1,1.341415590E-1,-7.056916863E-1,-3.774050260E-1,8.114365456E-1
3.745742308E1,-9.809669048E-2,-4.505022383E-1,1.298040944E0,1.377492476E0
3.746750308E1,-1.441049221E-1,-4.147313118E-2,2.959909095E0,2.963705131E0
3.747758308E1,-2.139823651E-1,-1.300584483E-1,3.972876057E0,3.980759704E0
3.748766308E1,-6.253202453E-1,-2.827614087E-1,3.845408510E0,3.906167691E0
3.749774308E1,-1.150161352E0,-2.180514425E-1,3.016651061E0,3.235830834E0
3.750782308E1,-1.719376686E0,-3.787598258E-1,2.857217955E0,3.356100362E0
3.751790308E1,-2.019567475E0,-3.651369828E-1,2.976492383E0,3.615450831E0
3.752798308E1,-1.966508379E0,-7.376847267E-3,2.940864714E0,3.537781068E0
3.753806308E1,-1.671602888E0,4.622107029E-1,3.235326401E0,3.670862551E0
3.754814308E1,-1.625187398E0,1.033680723E0,3.255457195E0,3.782556208E0
3.755822308E1,-1.746917949E0,1.424206901E0,2.779662825E0,3.578632845E0
3.756830308E1,-1.894004366E0,1.408360362E0,1.667133569E0,2.889648038E0
3.757838308E1,-2.296653576E0,1.471133146E0,4.406701452E-1,2.762795787E0
3.758846308E1,-2.841672547E0,1.370518352E0,1.304847103E-1,3.157601887E0
3.759854308E1,-3.573831948E0,9.038777983E-1,1.213221234E-1,3.688358568E0
3.760862308E1,-4.614495708E0,4.001156116E-1,2.937307853E-1,4.641114189E0
3.761870308E1,-5.307124715E0,-6.075789160E-1,7.096829957E-1,5.388726643E0
3.762878308E1,-5.828055496E0,-1.001603775E0,5.804840881E-1,5.941919115E0
3.763886308E1,-6.017127553E0,-6.449885246E-1,2.136636919E-1,6.055368392E0
3.764894308E1,-5.626813045E0,-5.718629533E-1,-4.711399859E-1,5.675387666E0
3.765902308E1,-4.732076198E0,-8.351391006E-1,-1.207483946E0,4.954595841E0
3.766910308E1,-3.925833453E0,-1.838873309E-1,-1.198249438E0,4.108744890E0
3.767918308E1,-2.775411607E0,-2.012190628E-1,-8.584624743E-1,2.912105170E0
3.768926308E1,-1.949418137E0,-2.628858456E-1,-9.503292489E-1,2.184597382E0
3.769934308E1,-1.688311014E0,1.547497782E-1,-1.300649972E0,2.136827537E0
3.770942308E1,-1.625656929E0,2.939713982E-1,-1.524869058E0,2.248200453E0
3.771950308E1,-1.696041618E0,4.500169194E-1,-1.930469942E0,2.608790255E0
3.772958308E1,-2.462320106E0,7.759220088E-1,-2.838542533E0,3.836977845E0
3.773966308E1,-2.941543283E0,6.234514752E-1,-3.791785449E0,4.839318704E0
3.774974308E1,-1.826949667E0,8.482862726E-1,-2.978138375E0,3.595364079E0
3.775982308E1,-9.897330505E-1,1.406897096E0,-1.567640271E0,2.327321845E0
3.776990308E1,-8.525962552E-1,1.776164845E0,-9.022914487E-1,2.166982185E0
3.777998308E1,-5.320378599E-1,1.373252217E0,-1.457548310E0,2.072035958E0
3.779006308E1,-2.556449461E-1,1.168197089E0,-1.191778910E0,1.688305584E0
3.780014308E1,-4.896625033E-1,1.145378622E0,3.507569253E-2,1.246150817E0
3.781022308E1,-7.580502865E-1,4.152417737E-1,9.061792624E-1,1.252288634E0
3.782030308E1,-8.919141027E-1,2.016944414E-1,7.478711611E-1,1.181313967E0
3.783038308E1,-8.448723757E-1,2.772726274E-1,3.097533256E-1,9.416138082E-1
3.784046308E1,-8.451664907E-1,4.079836249E-2,3.635757762E-1,9.209550740E-1
3.785054308E1,-1.181522016E0,3.353293392E-1,6.570527923E-1,1.392895693E0
3.786062308E1,-1.462520782E0,4.029328001E-1,9.691005653E-1,1.800132713E0
3.787070308E1,-1.548013507E0,1.768975693E-1,1.063675185E0,1.886542729E0
3.788078308E1,-1.564917222E0,4.046366787E-1,8.552342266E-1,1.828694162E0
3.789086308E1,-1.335631232E0,7.638521862E-1,3.479373980E-1,1.577479440E0
3.790094308E1,-1.172670794E0,1.155591954E0,4.052120447E-3,1.646379656E0
3.791102308E1,-1.120418905E0,1.443882782E0,-9.473892689E-2,1.830057779E0
3.792110308E1,-9.740987653E-1,1.017408799E0,3.752017951E-1,1.457657524E0
3.793118308E1,-8.444750574E-1,6.302357072E-1,5.786989331E-2,1.055312320E0
3.794126308E1,-6.530056420E-1,6.532713979E-1,-1.543431044E-1,9.364836794E-1
3.795134308E1,-6.375397566E-1,5.566645780E-1,-1.302011204E-1,8.563204572E-1
3.796142308E1,-5.451505333E-1,1.239036691E-1,7.169563472E-2,5.636324044E-1
3.797150308E1,-3.494696608E-1,-4.039548934E-2,1.605820835E-1,3.867136472E-1
3.798158308E1,-1.319719496E-1,1.618170154E-1,1.034489393E-2,2.090654414E-1
3.799166308E1,7.601000279E-2,2.783420831E-1,-3.911892521E-1,4.860873036E-1
3.800174308E1,2.956545192E-1,5.296057105E-1,-6.822648168E-1,9.128959872E-1
3.801182308E1,2.581764981E-1,6.840944105E-1,-1.180224811E0,1.388369861E0
3.802190308E1,3.294157577E-1,5.958727902E-1,-8.357916498E-1,1.078019854E0
3.803198308E1,3.700445509E-1,5.238982433E-1,-8.626642835E-1,1.074984653E0
3.804206308E1,1.442774150E-1,5.445652270E-1,-1.104379408E0,1.239766565E0
3.805214308E1,-1.412979662E-2,4.017721277E-1,-9.115382355E-1,9.962542088E-1
3.806222308E1,-9.034123600E-2,4.266204554E-1,-7.835011697E-1,8.966831295E-1
3.807230308E1,-2.650268036E-1,6.405040026E-1,-7.940799522E-1,1.054062405E0
3.808238308E1,-4.676968530E-1,5.877539313E-1,-8.287293828E-1,1.118475489E0
3.809246308E1,-5.805413908E-1,2.334471613E-1,-7.939390343E-1,1.010873421E0
3.810254308E1,-7.427896383E-1,3.045235759E-1,-7.620746326E-1,1.106900538E0
3.811262308E1,-8.908355838E-1,4.531405020E-1,-4.383388603E-1,1.091359386E0
3.812270308E1,-8.290375310E-1,3.984783912E-1,-2.725165021E-1,9.593505616E-1
3.813278308E1,-6.415304813E-1,4.290511429E-1,-4.601501441E-1,8.985457121E-1
3.814286308E1,-4.482653859E-1,3.922803426E-1,-3.587319428E-1,6.953519470E-1
3.815294308E1,-2.693587133E-1,3.785241830E-1,-3.399395764E-1,5.756679505E-1
3.816302308E1,-1.905426317E-1,6.415249264E-1,-4.339604652E-1,7.976104382E-1
3.817310308E1,-1.766923320E-1,8.339790130E-1,-3.638014787E-1,9.268725318E-1
3.818318408E1,-1.768066451E-1,5.783159405E-1,-1.032062799E-1,6.134830503E-1
3.819326408E1,-1.567670676E-1,4.628468800E-1,-2.085263282E-1,5.313062933E-1
3.820334408E1,-1.376355627E-1,5.249033797E-1,-4.849633884E-1,7.277750987E-1
3.821342408E1,-1.273508951E-1,4.118158901E-1,-4.803394103E-1,6.453964107E-1
3.822350408E1,-2.077887020E-1,5.944542557E-1,-4.389118874E-1,7.675908101E-1
3.823358408E1,-1.143446410E-1,4.511489403E-1,-4.160258853E-1,6.242496300E-1
3.824366408E1,6.510874629E-4,3.416142190E-1,-5.438214612E-1,6.422168482E-1
3.825374408E1,1.170419616E-1,3.754532254E-1,-6.412916225E-1,7.522758073E-1
3.826382408E1,1.586592266E-1,3.975305575E-1,-7.385910451E-1,8.536509980E-1
3.827390408E1,3.764729798E-2,3.139849555E-1,-4.464635664E-1,5.471138707E-1
3.828398408E1,4.365238845E-3,3.041318125E-1,-3.949747396E-1,4.985180634E-1
3.829406388E1,9.826070487E-2,3.483490419E-1,-5.261570227E-1,6.386262081E-1
3.830414388E1,1.585890600E-1,4.597028321E-1,-4.743436754E-1,6.793225347E-1
3.831422388E1,2.334626564E-1,5.277246612E-1,-3.956845915E-1,6.996888065E-1
3.832430388E1,3.059587750E-1,5.435080504E-1,-3.055702275E-1,6.945393702E-1
3.833438388E1,3.497532508E-1,5.956476724E-1,-8.132249057E-2,6.955119219E-1
3.834446388E1,2.521725771E-1,6.713971817E-1,-1.928101820E-1,7.426580307E-1
3.835454388E1,1.411465234E-1,8.246187901E-1,-8.711591184E-2,8.411347527E-1
3.836462388E1,1.486561024E-1,8.112631649E-1,-2.466004729E-2,8.251391867E-1
3.837470388E1,5.059858829E-2,6.444421023E-1,-3.653223395E-2,6.474569055E-1
3.838478388E1,-2.235794002E-1,3.795901304E-1,-1.138900784E0,1.221135296E0
3.839486388E1,-6.383396557E-1,5.461632711E-1,-2.717130947E-1,8.829495119E-1
3.840494388E1,-8.740420881E-1,6.048406649E-1,1.143169252E0,1.560966925E0