"Time (s)","Linear Acceleration x (m/s^2)","Linear Acceleration y (m/s^2)","Linear Acceleration z (m/s^2)","Absolute acceleration (m/s^2)"
4.526583332E-3,1.237716682E-1,-5.957464904E-1,2.329138222E-1,6.515229506E-1
1.460558333E-2,-8.510885507E-2,-4.334231061E-1,-3.138878918E-1,5.418714928E-1
2.468458333E-2,-4.167775449E-1,-5.936783302E-1,-4.293038157E-1,8.428874467E-1
3.476458334E-2,-4.109741834E-1,-8.143645281E-1,-3.925621784E-1,9.930732238E-1
4.484358334E-2,-4.693270567E-1,-4.191412818E-1,-5.974475916E-1,8.676928748E-1
5.492258334E-2,-3.987637353E-1,-3.023279464E-1,-1.843586165E-1,5.332942933E-1
6.500258335E-2,-2.466583604E-1,-1.488338578E-1,-9.346723057E-2,3.028662859E-1
7.508158335E-2,-1.657055600E-1,-4.982003152E-2,1.563586396E-1,2.332131907E-1
8.516058334E-2,-2.383253472E-1,-6.955263019E-2,7.228620350E-2,2.585765548E-1
9.524058335E-2,-4.129150204E-1,-2.894874609E-1,1.481953418E-1,5.256078989E-1
1.053195834E-1,-5.564973477E-1,-4.632386434E-1,2.300486134E-1,7.597379175E-1
1.153985834E-1,-7.929507087E-1,-6.107878679E-1,2.005617627E-1,1.020812258E0
1.254775834E-1,-9.365282120E-1,-7.015255451E-1,4.445649024E-1,1.251743238E0
1.355575833E-1,-9.939829530E-1,-8.093979031E-1,7.744812548E-1,1.497647586E0
1.456365833E-1,-9.305514805E-1,-8.341047281E-1,9.756495199E-1,1.585417529E0
1.557155833E-1,-8.283718255E-1,-5.840146369E-1,1.234157190E0,1.597002488E0
1.657955833E-1,-8.405106452E-1,-2.697367358E-1,1.389082677E0,1.645833143E0
1.758745833E-1,-8.811658971E-1,4.989312172E-2,1.386191229E0,1.643310313E0
1.859535833E-1,-9.240291307E-1,2.554040408E-1,1.280810369E0,1.599855075E0
1.960335833E-1,-8.459226818E-1,3.707836390E-1,1.100177526E0,1.436473556E0
2.061125833E-1,-6.595255067E-1,6.243434680E-1,1.011288226E0,1.359221298E0
2.161915833E-1,-5.383071714E-1,5.913873911E-1,1.161048795E0,1.409804228E0
2.262705833E-1,-5.568218681E-1,-3.149883378E-1,1.033191823E0,1.215217507E0
2.363505833E-1,-8.027822171E-1,-6.717602938E-1,1.391341456E0,1.741135327E0
2.464295833E-1,-7.260774189E-1,-8.391871279E-1,1.306380828E0,1.714075355E0
2.565085833E-1,-1.061263063E0,-1.142085178E0,1.208252782E0,1.972438244E0
2.665885833E-1,-9.392576922E-1,-1.023244028E0,9.110640264E-1,1.661105359E0
2.766675833E-1,-9.956033626E-1,-1.452975202E0,9.695000032E-1,2.010545511E0
2.867465833E-1,-1.348456807E0,-2.446915909E0,1.194555825E0,3.038535313E0
2.968265833E-1,-1.332569922E0,-2.729857997E0,1.163720972E0,3.253016105E0
3.069055833E-1,-9.050613479E-1,-3.067606037E0,1.088233491E0,3.378401245E0
3.169845833E-1,-7.518364504E-1,-3.440768908E0,1.133312600E0,3.699803532E0
3.270645833E-1,-7.417371395E-1,-3.663799839E0,9.043063261E-1,3.845955431E0
3.371435833E-1,-5.797295780E-1,-3.884800032E0,5.293115225E-1,3.963322894E0
3.472225833E-1,-2.548804957E-1,-3.872569996E0,6.219109531E-1,3.930462527E0
3.573019583E-1,2.594606929E-2,-3.421694121E0,6.022394579E-2,3.422322425E0
3.673819583E-1,8.690658152E-2,-2.450913650E0,-4.828765172E-1,2.499539999E0
3.774609583E-1,-7.822916731E-3,-1.045399128E0,-4.921835669E-1,1.155493487E0
3.875399583E-1,-1.095510205E-1,3.019747746E-1,-2.715868314E-1,4.206537740E-1
3.976199583E-1,-9.904766701E-2,1.441051560E0,3.849075884E-1,1.494855809E0
4.076989583E-1,7.751946151E-3,2.286590518E0,1.029142699E0,2.507526867E0
4.177779583E-1,1.283979852E-1,3.358944726E0,1.207397992E0,3.571667065E0
4.278579583E-1,2.245623171E-2,4.284279467E0,8.958992726E-1,4.377007007E0
4.379369583E-1,-4.023739524E-1,5.450404302E0,1.785575938E-1,5.468152766E0
4.480159583E-1,-5.191546896E-1,6.504514028E0,-4.306298912E-1,6.539393430E0
4.580949583E-1,-4.482053058E-1,6.840825407E0,-3.668367684E-1,6.865300391E0
4.681749583E-1,-1.362870486E-1,3.477632094E0,3.002837598E-1,3.493231953E0
4.782539583E-1,1.038582444E-2,3.477573037E-2,8.634326077E-1,8.641950502E-1
4.883329583E-1,-5.098753045E-1,-8.446057427E-1,6.750470138E-1,1.195416311E0
4.984129583E-1,-1.097619734E0,-9.141648048E-1,3.578460896E-1,1.472589622E0
5.084919583E-1,-1.709244192E0,-3.919803804E-1,2.848015022E-1,1.776591181E0
5.185709583E-1,-1.770642149E-1,-2.770323068E0,-3.478625536E-1,2.797686543E0
5.286509583E-1,-5.255918893E-1,-1.363816273E0,-7.234549427E-1,1.630836814E0
5.387299583E-1,-1.455414514E0,-9.040204704E-2,-8.778389776E-1,1.702059109E0
5.488089584E-1,-1.232138585E0,6.817268729E-2,-5.693047599E-1,1.359014686E0
5.588879584E-1,-9.408308856E-1,2.739929241E-1,1.128758752E-1,9.863953776E-1
5.689679583E-1,-7.481032956E-1,4.484165365E-1,5.513584856E-1,1.031858571E0
5.790469583E-1,-5.798676454E-1,5.506229424E-1,8.246152818E-1,1.148661166E0
5.891259583E-1,-2.572533689E-1,5.803332299E-1,9.202733910E-1,1.117975433E0
5.992059583E-1,8.361313730E-2,6.691483426E-1,8.173775983E-1,1.059649376E0
6.092849583E-1,4.389108641E-1,6.618954563E-1,6.538929570E-1,1.028748920E0
6.193639583E-1,7.101652448E-1,5.186088520E-1,3.345238122E-1,9.408485517E-1
6.294439583E-1,9.378388654E-1,4.325425154E-1,-6.107190169E-2,1.034584236E0
6.395229583E-1,1.226110690E0,3.832282680E-1,-3.810151700E-1,1.339919359E0
6.496019583E-1,1.528705708E0,3.277130485E-1,-5.408300988E-1,1.654337988E0
6.596819584E-1,1.762230930E0,3.955056667E-1,-5.618133438E-1,1.891432477E0
6.697609583E-1,1.949916320E0,3.957307845E-1,-4.616891313E-1,2.042531116E0
6.798399583E-1,1.990392208E0,2.064990985E-1,-2.647034160E-1,2.018507101E0
6.899189583E-1,1.701312883E0,1.683477706E-1,6.296318360E-3,1.709633335E0
6.999989583E-1,1.112322558E0,2.275350416E-1,1.319447966E-1,1.142997418E0
7.100779583E-1,2.918272242E-1,1.360652930E-1,5.296334848E-3,3.220325199E-1
7.201569583E-1,-4.589769003E-1,-1.560996079E-1,-4.645262003E-2,4.870161481E-1
7.302369583E-1,-1.051697018E0,-4.454286093E-1,1.319740327E-1,1.149734930E0
7.403159583E-1,-1.461621626E0,-7.011144859E-1,3.361013909E-1,1.655555328E0
7.503949583E-1,-1.822257276E0,-8.203222561E-1,5.993279099E-1,2.086323112E0
7.604749583E-1,-2.075143798E0,-6.755375952E-1,1.029438568E0,2.412947698E0
7.705539583E-1,-1.936855540E0,-2.077217513E-1,1.591916156E0,2.515701643E0
7.806329583E-1,-1.633528012E0,3.382842296E-1,1.814058895E0,2.464479592E0
7.907119583E-1,-1.376521542E0,5.610970598E-1,1.290761161E0,1.968681244E0
8.007919583E-1,-1.118893220E0,5.733727044E-1,5.332006518E-1,1.365643157E0
8.108709583E-1,-8.230945672E-1,4.128186876E-1,-5.923112512E-2,9.227200342E-1
8.209499583E-1,-5.506149025E-1,2.173176169E-1,-5.194713163E-1,7.875621664E-1
8.310299583E-1,-2.829368252E-1,6.990346313E-3,-7.747117082E-1,8.247910904E-1
8.411089583E-1,2.860216700E-2,-1.788821143E-1,-7.171457970E-1,7.396722172E-1
8.511879583E-1,3.500651266E-1,-3.329515690E-1,-4.140178784E-1,6.362492780E-1
8.612679583E-1,6.858478443E-1,-3.081716537E-1,1.128220260E-1,7.603195666E-1
8.713469583E-1,9.699199064E-1,-2.469665086E-1,5.790405567E-1,1.156297993E0
8.814259583E-1,1.081401166E0,-1.623795176E-1,8.606586885E-1,1.391592242E0
8.915049583E-1,9.724695117E-1,-5.838912606E-2,8.732092984E-1,1.308281591E0
9.015849583E-1,7.558929563E-1,-8.818887591E-2,7.843244576E-1,1.092847791E0
9.116639583E-1,4.250711625E-1,-1.962360656E-1,5.440284526E-1,7.177472006E-1
9.217429583E-1,-1.883196665E-1,-3.197672671E-1,1.885482927E-1,4.162521599E-1
9.318229583E-1,-8.159885922E-1,-3.490922230E-1,3.178802244E-2,8.880952883E-1
9.419019583E-1,-1.248740146E0,-3.169109023E-1,2.865346900E-1,1.319805516E0
9.519809583E-1,-1.491702773E0,-2.211639154E-1,7.755067103E-1,1.695730314E0
9.620609584E-1,-1.652342890E0,-1.570059264E-1,1.113265421E0,1.998561429E0
9.721399584E-1,-1.784283411E0,-1.763146019E-1,1.235328387E0,2.177335609E0
9.822189584E-1,-2.007235551E0,-1.619181722E-1,1.290765839E0,2.391921509E0
9.922989583E-1,-2.221431194E0,-1.043318689E-1,1.393476859E0,2.624389347E0
1.002377958E0,-2.414555956E0,-3.586740553E-2,1.541306165E0,2.864784744E0
1.012456958E0,-2.529526249E0,4.946510553E-2,1.688339081E0,3.041617775E0
1.022535958E0,-2.646734271E0,1.987141156E-1,1.819500314E0,3.217960689E0
1.032615958E0,-2.905234413E0,3.930410653E-1,1.918654035E0,3.503726813E0
1.042694958E0,-3.310883829E0,5.206191248E-1,1.955781369E0,3.880473781E0
1.052773958E0,-3.749515927E0,4.928892893E-1,2.056870665E0,4.304942099E0
1.062853958E0,-4.260819853E0,3.973849618E-1,2.227376350E0,4.824282955E0
1.072932958E0,-4.745888491E0,2.194500965E-1,2.316814338E0,5.285758658E0
1.083011958E0,-5.081208183E0,-1.067888689E-1,2.426049681E0,5.631678037E0
1.093091958E0,-5.201390099E0,-4.803060812E-1,2.422944664E0,5.758108521E0
1.103170958E0,-4.920913782E0,-7.323479730E-1,2.344054176E0,5.499665079E0
1.113249958E0,-4.272095624E0,-8.401776463E-1,2.125006807E0,4.844827492E0
1.123329958E0,-3.587874913E0,-9.124299359E-1,1.896305830E0,4.159489221E0
1.133408958E0,-3.146883464E0,-8.583373439E-1,1.879951168E0,3.764815390E0
1.143487958E0,-2.676090510E0,-8.162449926E-1,2.045137349E0,3.465588418E0
1.153566958E0,-2.241199168E0,-6.612674654E-1,2.080549257E0,3.128727150E0
1.163646958E0,-1.777889773E0,-1.874295741E-1,1.788632863E0,2.528879081E0
1.173725958E0,-1.374160290E0,6.465406680E-1,9.646134120E-1,1.799113774E0
1.183804958E0,-1.094257147E0,1.690076873E0,-5.429315150E-2,2.014126681E0
1.193884958E0,-8.757776879E-1,2.821703137E0,-6.120338365E-1,3.017214041E0
1.203963958E0,-6.908083297E-1,4.077283940E0,-7.834350961E-1,4.208946546E0
1.214042958E0,-7.041224398E-1,5.246456344E0,-7.584874389E-1,5.347559796E0
1.224122958E0,-8.126305363E-1,5.608412442E0,-4.172176210E-1,5.682317225E0
1.234201958E0,-1.011741970E0,6.158438968E0,2.317608243E-1,6.245294662E0
1.244280958E0,-9.167045429E-1,6.535499008E0,9.516935505E-1,6.667744380E0
1.254360958E0,-6.273493753E-1,5.235219750E0,1.265063964E0,5.422313150E0
1.264439958E0,-4.309032485E-1,3.415106648E0,2.073266550E0,4.018341102E0
1.274518958E0,-2.321217437E-1,2.302973832E0,3.150988501E0,3.909769496E0
1.284597958E0,-2.006472051E-2,1.639084475E0,3.901996109E0,4.232324910E0
1.294677958E0,2.055951190E-1,1.104473548E0,3.547789326E0,3.721416434E0
1.304756958E0,4.791331297E-1,7.852880788E-1,2.343152974E0,2.517262756E0
1.314835958E0,7.956759498E-1,8.609668368E-1,1.002619583E0,1.542598502E0
1.324915958E0,1.334849752E0,9.054530382E-1,-5.504277916E-1,1.704300389E0
1.334994958E0,1.769553690E0,7.788953179E-1,-2.047902205E0,2.816363191E0
1.345073958E0,2.255136591E0,2.183326936E-1,-3.439671970E0,4.118816999E0
1.355153625E0,2.787444008E0,-5.676798552E-1,-3.967642214E0,4.882037408E0
1.365232625E0,3.110725744E0,-1.153313001E0,-3.915917160E0,5.132363270E0
1.375311625E0,3.115638867E0,-1.324023047E0,-3.652303044E0,4.979915672E0
1.385391625E0,3.076526549E0,-1.121063853E0,-3.052447422E0,4.476520416E0
1.395470625E0,2.976980626E0,-7.401130754E-1,-2.304962762E0,3.837060639E0
1.405549625E0,2.825037219E0,-5.504826093E-1,-2.053314388E0,3.535529150E0
1.415628625E0,2.835017539E0,-8.764403236E-1,-1.921114397E0,3.534989761E0
1.425708625E0,2.881188323E0,-1.826408799E0,-1.503141389E0,3.727794159E0
1.435787625E0,3.000450765E0,-2.756185085E0,-9.302575117E-1,4.179071674E0
1.445866625E0,3.289149729E0,-3.540701916E0,-3.799079266E-1,4.847618594E0
1.455946625E0,3.584244669E0,-4.145226831E0,-2.821877968E-1,5.487198309E0
1.466025625E0,3.665328594E0,-4.628838344E0,-4.396667629E-1,5.920649033E0
1.476104625E0,3.680138714E0,-4.701342648E0,-8.074689066E-1,6.024786277E0
1.486184625E0,3.582381162E0,-4.494319639E0,-1.097310124E0,5.851192470E0
1.496263625E0,3.109860941E0,-4.266662976E0,-1.146014214E0,5.402684203E0
1.506342625E0,2.291600997E0,-4.041707726E0,-1.121607352E0,4.779627550E0
1.516422625E0,1.339514368E0,-3.800169187E0,-9.257876077E-1,4.134327912E0
1.526501625E0,7.658215284E-1,-3.716807773E0,-5.958005771E-1,3.841369672E0
1.536580625E0,2.793241230E-1,-3.968248571E0,-6.059031039E-2,3.978528606E0
1.546660625E0,-2.522886443E-1,-4.233418631E0,6.627187443E-1,4.292397815E0
1.556739625E0,-9.513753158E-1,-4.193885606E0,1.758138171E0,4.645948912E0
1.566818625E0,-1.940811328E0,-3.703312399E0,2.772939697E0,5.017017630E0
1.576897625E0,-2.901609432E0,-2.856094120E0,3.766511444E0,5.546460076E0
1.586977625E0,-3.526894594E0,-1.662592036E0,4.485919529E0,5.943624464E0
1.597056625E0,-3.508651573E0,-1.793773735E-1,4.586982220E0,5.777821215E0
1.607135625E0,-2.521935101E0,8.216823184E-1,3.850413142E0,4.675574815E0
1.617215625E0,-8.276049632E-1,1.165246584E0,2.390936421E0,2.785553184E0
1.627294625E0,1.135186925E0,1.876340513E0,1.202082581E0,2.500860973E0
1.637373625E0,3.212716095E0,3.133411771E0,1.851237539E0,4.854574591E0
1.647453625E0,5.080388988E0,5.466438537E0,3.586707224E0,8.279901646E0
1.657532625E0,4.931046422E0,8.713060589E0,4.942516320E0,1.116517403E1
1.667611625E0,2.378984419E0,1.041070084E1,2.370034379E0,1.093889033E1
1.677691625E0,1.027721095E0,1.033821875E1,-1.323756706E0,1.047317093E1
1.687770625E0,2.871240163E0,8.900529925E0,-2.852141110E0,9.777431254E0
1.697849625E0,4.041576163E0,3.618808438E0,-3.664710250E0,6.546771236E0
1.707929625E0,3.775384009E0,-9.769130301E-1,-3.761235502E0,5.418004798E0
1.718008625E0,2.999733896E0,-1.857496106E0,-3.398775667E0,4.899017377E0
1.728087625E0,2.256250047E0,-9.487241882E-1,-3.467803802E0,4.244573603E0
1.738166625E0,1.634428191E0,1.893188095E-1,-3.710102478E0,4.058578263E0
1.748246625E0,9.772318496E-1,1.131989375E0,-3.826367929E0,4.108220243E0
1.758325625E0,2.800466926E-1,1.695422983E0,-3.795689635E0,4.166550737E0
1.768404625E0,-2.555280018E-1,1.989074246E0,-3.637094436E0,4.153332018E0
1.778484625E0,-5.452503745E-1,2.104859641E0,-3.892457546E0,4.458582491E0
1.788563625E0,-7.105268951E-1,1.877981826E0,-4.254155197E0,4.704200319E0
1.798642625E0,-7.198358086E-1,1.545462366E0,-4.211326681E0,4.543334671E0
1.808722625E0,-6.963032506E-1,1.329446924E0,-3.661391371E0,3.957025918E0
1.818801625E0,-8.361555659E-1,1.052156171E0,-2.632857074E0,2.956031988E0
1.828880625E0,-9.081145446E-1,6.998737067E-1,-1.707876675E0,2.057021626E0
1.838960625E0,-7.922284314E-1,1.438508606E-1,-1.094793044E0,1.359003593E0
1.849039625E0,-4.989185726E-1,-5.542628342E-1,-6.300199449E-1,9.762439052E-1
1.859118625E0,-1.996322747E-1,-1.113106962E0,-2.899488062E-1,1.167446129E0
1.869198625E0,6.373391971E-3,-1.486217208E0,7.641594574E-2,1.488194075E0
1.879277625E0,9.681775823E-2,-1.546437097E0,4.578046797E-1,1.615681435E0
1.889356625E0,1.845395878E-2,-1.366344025E0,1.019329902E0,1.704778575E0
1.899436625E0,-1.145645694E-1,-1.071615120E0,1.475277652E0,1.826999769E0
1.909515625E0,-3.221526387E-1,-7.764137596E-1,1.641960136E0,1.844622925E0
1.919594625E0,-6.672415656E-1,-6.114684838E-1,1.467355844E0,1.724018036E0
1.929673625E0,-1.089170288E0,-6.057499069E-1,1.009018337E0,1.603540729E0
1.939753625E0,-1.257155751E0,-9.174766678E-1,5.758536780E-1,1.659461200E0
1.949832625E0,-1.335487683E0,-1.344618695E0,3.076196766E-1,1.919936627E0
1.959911625E0,-1.405869156E0,-1.699885578E0,3.195580099E-1,2.228945128E0
1.969991625E0,-1.316807291E0,-1.879906729E0,6.038805886E-1,2.373331523E0
1.980070625E0,-1.135434189E0,-1.843064008E0,1.107305354E0,2.431505888E0
1.990149625E0,-7.710289856E-1,-1.463210753E0,1.565727646E0,2.277493022E0
2.000229625E0,-4.134493098E-1,-9.093361741E-1,1.571723966E0,1.862296656E0
2.010308625E0,-2.034858821E-1,-2.440212661E-1,1.235673373E0,1.275868946E0
2.020387625E0,1.745912813E-2,2.890097433E-1,1.017487444E0,1.057880973E0
2.030467625E0,1.384983925E-1,4.998030370E-1,9.152389383E-1,1.051973001E0
2.040546625E0,4.335344955E-2,4.212263989E-1,8.669421065E-1,9.648314966E-1
2.050625625E0,-2.612196450E-1,5.326813459E-2,5.046123719E-1,5.707073181E-1
2.060705625E0,-7.979347292E-1,-3.612731427E-1,2.134315574E-1,9.015382107E-1
2.070784625E0,-1.293810191E0,-7.200618035E-1,1.069139993E-1,1.484541820E0
2.080863625E0,-1.832727885E0,-9.207160252E-1,1.706732448E-1,2.058091071E0
2.090943625E0,-2.414367968E0,-9.286378330E-1,5.456505068E-1,2.643723772E0
2.101022625E0,-2.996014775E0,-7.686533350E-1,9.976976160E-1,3.249974310E0
2.111101625E0,-3.513419685E0,-5.660210001E-1,1.317418617E0,3.794744981E0
2.121181625E0,-3.969926721E0,-1.709930509E-1,1.380622340E0,4.206622736E0
2.131260625E0,-4.351370712E0,8.630782664E-2,1.386467217E0,4.567731106E0
2.141339625E0,-4.750525333E0,2.104939163E-1,1.316748526E0,4.934128627E0
2.151419625E0,-5.122739786E0,2.465548646E-1,1.384994888E0,5.312387698E0
2.161498625E0,-5.431309050E0,2.065990859E-1,1.638497415E0,5.676836704E0
2.171577625E0,-5.556661075E0,2.716195393E-1,1.887317491E0,5.874710783E0
2.181656625E0,-5.564088208E0,4.445100117E-1,2.091106989E0,5.960653922E0
2.191736625E0,-5.407588651E0,5.501189125E-1,2.115332004E0,5.832604506E0
2.201815625E0,-5.135574424E0,3.267991287E-1,1.835324049E0,5.463454649E0
2.211894625E0,-4.869401274E0,-2.815025032E-2,1.344663134E0,5.051730411E0
2.221974625E0,-4.517790363E0,-2.349528193E-1,6.755124521E-1,4.574051777E0
2.232053625E0,-4.107681275E0,-1.281206810E-1,6.509003520E-2,4.110194287E0
2.242132625E0,-3.623714252E0,1.747674286E-1,-5.301226409E-1,3.666453143E0
2.252212625E0,-3.039895497E0,2.969952857E-1,-8.439730740E-1,3.168826499E0
2.262291625E0,-2.526312912E0,3.211694294E-1,-3.130394608E-1,2.565813796E0
2.272370625E0,-2.041424660E0,1.291761035E-1,3.670595473E-1,2.078180410E0
2.282450625E0,-1.551517158E0,-1.501956743E-1,9.494574291E-1,1.825166744E0
2.292529625E0,-1.169632142E0,4.081537789E-1,1.359898054E0,1.839552003E0
2.302608625E0,-8.337397157E-1,1.989647273E0,1.342431251E0,2.540854157E0
2.312688625E0,-5.235363007E-1,4.164410377E0,8.321207678E-1,4.278881748E0
2.322767625E0,-5.719899841E-2,6.292080590E0,1.815893751E-1,6.294960252E0
2.332846625E0,4.440046661E-1,7.179692019E0,-4.059103484E-1,7.204851202E0
2.342926625E0,9.365732355E-1,7.986225956E0,-6.921314085E-1,8.070688963E0
2.353005625E0,1.171059593E0,9.563153359E0,-3.842936307E-1,9.642248925E0
2.363084583E0,1.233069315E0,1.101825929E1,-3.155350524E-1,1.109153100E1
2.373164583E0,1.514783634E0,1.041702518E1,-7.722841635E-2,1.052686788E1
2.383243583E0,2.417212638E0,6.571399743E0,1.688292303E0,7.202537221E0
2.393322583E0,2.258041488E0,2.469845181E0,2.940635795E0,4.454910264E0
2.403402583E0,1.484845890E0,1.128226107E-1,3.100382019E0,3.439457068E0
2.413481583E0,5.512895250E-1,-7.612057364E-1,2.736406294E0,2.893315350E0
2.423560583E0,-2.802313185E-1,1.488233328E-1,1.891381159E0,1.917811426E0
2.433640583E0,-4.418144453E-1,1.378241354E0,1.401634310E0,2.014777400E0
2.443719583E0,-1.288682476E-1,1.797859184E0,8.822682434E-1,2.006813874E0
2.453798583E0,4.016741869E-1,1.535176529E0,-1.767274153E-1,1.596665810E0
2.463878583E0,1.084881867E0,1.158708227E0,-1.640314144E0,2.282587110E0
2.473957583E0,1.956792353E0,8.685191005E-1,-3.526807762E0,4.125740507E0
2.484036583E0,3.011171342E0,7.895653170E-1,-4.710975351E0,5.646579053E0
2.494116583E0,4.014793869E0,5.558830976E-1,-5.687472060E0,6.983903941E0
2.504195583E0,4.815836101E0,9.488101423E-2,-6.473910286E0,8.069249912E0
2.514274583E0,5.339973203E0,-6.281786567E-1,-6.288600327E0,8.273839273E0
2.524354583E0,5.531698142E0,-1.315493129E0,-5.435758197E0,7.866236309E0
2.534433583E0,5.285200580E0,-1.771872988E0,-4.502199932E0,7.165380889E0
2.544512583E0,4.844026112E0,-2.183510538E0,-3.535901352E0,6.382390275E0
2.554591583E0,4.470253669E0,-2.610660751E0,-2.060386303E0,5.571706125E0
2.564671583E0,4.236851531E0,-3.196624850E0,-5.656444395E-1,5.337534540E0
2.574750583E0,4.021112078E0,-3.865432885E0,6.215017211E-1,5.612234681E0
2.584829583E0,3.804844621E0,-4.127095785E0,6.082583624E-1,5.646214700E0
2.594909583E0,3.720174015E0,-4.017228942E0,-5.291274083E-1,5.500708944E0
2.604988583E0,3.624232023E0,-3.605120691E0,-1.581144415E0,5.350885031E0
2.615067583E0,3.439511756E0,-2.938997113E0,-2.129398066E0,5.000228122E0
2.625147583E0,3.265795072E0,-2.446447547E0,-2.506200829E0,4.788691434E0
2.635226583E0,3.217686521E0,-2.409359243E0,-2.420854869E0,4.692446782E0
2.645305583E0,3.326131029E0,-2.771290782E0,-2.235827916E0,4.872589321E0
2.655385583E0,3.379283681E0,-3.311503927E0,-2.112185032E0,5.181403484E0
2.665464583E0,3.383071507E0,-3.762320745E0,-1.911876381E0,5.408835504E0
2.675543583E0,3.253510949E0,-3.907198377E0,-2.010352263E0,5.467453601E0
2.685623583E0,3.135178507E0,-3.837609494E0,-1.823112724E0,5.280182847E0
2.695702583E0,3.100858860E0,-3.611950239E0,-1.508482236E0,4.993698915E0
2.705781583E0,2.971052719E0,-3.403101144E0,-1.342430082E0,4.712787942E0
2.715861583E0,2.644185178E0,-3.252455819E0,-1.084408243E0,4.329679589E0
2.725940583E0,2.244905718E0,-3.121392819E0,-7.153460240E-1,3.910807429E0
2.736019583E0,1.785493785E0,-3.006121395E0,-1.932978398E-1,3.501730708E0
2.746099583E0,9.879230449E-1,-2.960808397E0,5.661081237E-1,3.172200611E0
2.756178583E0,-2.859061874E-1,-2.718338397E0,1.766575996E0,3.254519433E0
2.766257583E0,-1.980153149E0,-1.920343149E0,3.408501048E0,4.384815127E0
2.776337583E0,-3.618288328E0,-5.714787912E-1,5.104040390E0,6.282501631E0
2.786416583E0,-4.600737210E0,1.761681876E0,5.559756591E0,7.428404893E0
2.796495583E0,-4.971696850E0,4.754996699E0,4.632927302E0,8.294080935E0
2.806575583E0,-6.027005839E0,7.886923277E0,2.456872256E0,1.022568235E1
2.816654583E0,-6.653973538E0,9.313004796E0,-7.738804534E-2,1.144610899E1
2.826733583E0,-5.726895157E0,8.600368956E0,-1.072264891E0,1.038813873E1
2.836813583E0,-2.082395515E0,6.694398848E0,-4.653857410E-2,7.010956629E0
2.846892583E0,1.342921833E0,6.779620262E0,1.354190002E0,7.042763698E0
2.856971583E0,3.532237487E0,1.031955912E1,3.728953609E0,1.152714609E1
2.867051583E0,6.286845578E0,1.333788950E1,8.444743558E0,1.699227522E1
2.877130583E0,6.612378200E0,1.079753040E1,7.269267855E0,1.459974190E1
2.887209583E0,3.430797943E0,5.494257250E0,-2.272849854E0,6.864625534E0
2.897289583E0,2.667098077E0,1.193724863E0,-3.618101510E0,4.650704219E0
2.907368583E0,2.324457525E0,-7.829912925E-1,-3.507145623E0,4.279748657E0
2.917447583E0,1.809076483E0,-1.891992339E0,-4.129628214E0,4.889398932E0
2.927527583E0,1.398673718E0,-2.218141258E0,-4.407131807E0,5.128279397E0
2.937606583E0,1.047589861E0,-2.127176124E0,-4.340129147E0,4.945608536E0
2.947685583E0,8.875119533E-1,-2.153876265E0,-4.386243213E0,4.966486682E0
2.957765583E0,9.177490749E-1,-2.324351252E0,-4.422514077E0,5.079714841E0
2.967844583E0,8.792264488E-1,-2.030925107E0,-4.424424362E0,4.947042235E0
2.977923583E0,-1.378755909E0,-3.240024054E-1,-5.698085926E0,5.871467332E0
2.988003583E0,-2.093842755E0,-7.893624187E-1,-8.304419737E0,8.600619611E0
2.998082583E0,9.125346742E-1,-3.136751701E0,-4.783470300E0,5.792539933E0
3.008161583E0,2.453872926E0,-2.802445917E0,1.016445324E0,3.861134102E0
3.018241583E0,3.160466838E0,-1.246742152E0,4.324320615E0,5.499333178E0
3.028320583E0,2.766309831E0,-1.760684341E-1,2.823688851E0,3.956853410E0
3.038399583E0,2.207664948E0,3.707251668E-1,1.543308252E-1,2.243889408E0
3.048479583E0,1.911921405E0,1.558838457E-1,-1.053698154E0,2.188612124E0
3.058558583E0,1.584351467E0,-1.179089867E0,-1.907830985E-1,1.984142302E0
3.068637583E0,1.236351650E0,-2.647367817E0,7.080709183E-1,3.006407522E0
3.078717583E0,3.083295286E-1,-2.339013730E0,5.286379963E-1,2.417749048E0
3.088796583E0,-9.368924204E-1,-1.110547051E0,-1.498845659E-1,1.460666814E0
3.098875583E0,-1.244337192E0,-3.584670639E-1,-1.100808513E0,1.699603797E0
3.108955583E0,-9.908771313E-1,-7.401113212E-2,-1.679685786E0,1.951578714E0
3.119034583E0,-1.434167341E0,1.744961178E-1,-6.705528438E-1,1.592773045E0
3.129113583E0,-1.830643938E0,1.912618393E-1,8.999180639E-1,2.048826698E0
3.139193583E0,-2.205897334E0,9.456292570E-2,2.133128589E0,3.070042797E0
3.149272583E0,-2.693542694E0,2.991201639E-2,3.092490617E0,4.101166321E0
3.159351583E0,-2.894246325E0,-9.095110059E-2,3.327280884E0,4.410865218E0
3.169431583E0,-2.912729374E0,-2.420636183E-1,2.857888631E0,4.087800708E0
3.179510583E0,-2.779836780E0,-4.378699136E-1,2.070476843E0,3.493722505E0
3.189589583E0,-2.616707065E0,-6.097248441E-1,1.371134648E0,3.016443348E0
3.199669583E0,-2.406920077E0,-6.182407290E-1,1.232426999E0,2.773871331E0
3.209748583E0,-2.128511920E0,-6.345866203E-1,1.528700738E0,2.696328823E0
3.219827583E0,-1.772498348E0,-8.204620045E-1,1.769993109E0,2.635864924E0
3.229907583E0,-1.507523000E0,-8.985457224E-1,1.693409786E0,2.438779759E0
3.239986583E0,-1.409172979E0,-7.806442201E-1,1.240424820E0,2.033181649E0
3.250065583E0,-1.472728705E0,-4.702827841E-1,7.220668868E-1,1.706304874E0
3.260145583E0,-1.678756956E0,7.985425472E-2,4.227713064E-1,1.733013906E0
3.270224583E0,-1.879150392E0,8.348245203E-1,4.397057931E-1,2.102731405E0
3.280304583E0,-2.017298463E0,1.298636776E0,5.697820023E-1,2.465887689E0
3.290383583E0,-2.115525547E0,1.608326367E0,5.470596492E-1,2.713196694E0
3.300462583E0,-2.253649060E0,1.691334025E0,6.493822686E-1,2.891581262E0
3.310542583E0,-2.802663141E0,1.685898453E0,1.214055120E0,3.488710952E0
3.320621583E0,-3.790172495E0,1.389613019E0,2.048197928E0,4.526758955E0
3.330700583E0,-4.697891622E0,1.051859717E0,2.598071111E0,5.470518079E0
3.340780583E0,-5.210926908E0,7.722897184E-1,2.499411042E0,5.830715754E0
3.350859583E0,-5.537043082E0,8.291480434E-1,2.029144045E0,5.955145516E0
3.360938958E0,-5.737167546E0,9.139589828E-1,1.399329922E0,5.975662030E0
3.371018958E0,-6.156063829E0,7.719359618E-1,9.020476198E-1,6.269505316E0
3.381097958E0,-6.901642297E0,5.930737281E-1,1.114106251E0,7.016098316E0
3.391176958E0,-7.100585039E0,2.734643358E-1,1.591558306E0,7.281905553E0
3.401256958E0,-6.880820362E0,8.209783137E-2,2.117006646E0,7.199593464E0
3.411335958E0,-5.658280420E0,-3.112613225E-1,2.177185020E0,6.070679990E0
3.421414958E0,-3.595231295E0,-1.237886544E0,1.382323880E0,4.045846076E0
3.431494958E0,-2.340228197E0,-1.196822133E0,4.773444664E-1,2.671499386E0
3.441573958E0,-1.758653896E0,-3.973808688E-1,-1.349900083E-1,1.808036886E0
3.451652958E0,-1.269259195E0,3.830236155E-1,-5.522011425E-1,1.436193613E0
3.461732958E0,-6.595904108E-1,8.921646559E-1,-5.632161639E-1,1.244278799E0
3.471811958E0,-1.348603097E-1,1.877363191E0,-1.162660360E-1,1.885788335E0
3.481890958E0,2.370633353E-1,3.980661625E0,1.791124946E-1,3.991734871E0
3.491970958E0,6.594793868E-1,6.730360978E0,2.296014476E-1,6.766490138E0
3.502049958E0,1.254134787E0,9.084240670E0,3.261859019E-1,9.176201820E0
3.512128958E0,1.994498269E0,1.065885199E1,2.479096645E-1,1.084668651E1
3.522208958E0,2.407924190E0,1.136146746E1,-2.958914776E-1,1.161759844E1
3.532287958E0,2.549847077E0,1.100182159E1,-1.056828681E0,1.134278120E1
3.542366958E0,2.603606670E0,8.722663472E0,-1.828725174E0,9.284818873E0
3.552446958E0,2.827776932E0,5.209484400E0,-1.581860845E0,6.134927369E0
3.562525958E0,3.026929589E0,1.738921005E0,1.069646947E0,3.651067458E0
3.572604958E0,2.862486881E0,-1.187922086E0,2.913474602E0,4.253624840E0
3.582684958E0,1.970947731E0,-2.773484073E0,2.272268933E0,4.091461226E0
3.592763958E0,1.254117099E0,-2.181150017E0,1.359138793E0,2.859629933E0
3.602842958E0,1.137568496E0,-7.107875347E-2,7.283078393E-1,1.352607327E0
3.612922958E0,1.383129042E0,1.150268941E0,-6.489239931E-2,1.800104332E0
3.623001958E0,1.779489571E0,1.040375785E0,-9.879891184E-1,2.285845010E0
3.633080958E0,2.124817796E0,5.834123737E-1,-1.671803155E0,2.765889812E0
3.643160958E0,2.445605987E0,2.464028370E-1,-2.141073201E0,3.259738863E0
3.653239958E0,2.658701183E0,-2.687579119E-1,-2.776638061E0,3.853653035E0
3.663318958E0,2.859844817E0,-8.067543769E-1,-4.284383547E0,5.213972323E0
3.673398958E0,3.053696388E0,-1.203392649E0,-5.999861895E0,6.838973480E0
3.683477958E0,2.942808621E0,-1.582806194E0,-6.108573328E0,6.962762823E0
3.693557958E0,2.616058609E0,-1.930409716E0,-4.799701586E0,5.797187217E0
3.703636958E0,2.375549180E0,-2.082965911E0,-3.918368897E0,5.033447696E0
3.713715958E0,2.391350403E0,-2.315049502E0,-3.228819619E0,4.637163689E0
3.723795958E0,2.750954751E0,-2.716911677E0,-1.924227747E0,4.318797694E0
3.733874958E0,3.481540081E0,-3.331755758E0,-5.833299279E-1,4.854069588E0
3.743953958E0,4.524247443E0,-4.127789265E0,2.989032322E-1,6.131623136E0
3.754033958E0,5.440293882E0,-4.384658033E0,-1.329142284E-1,6.988539889E0
3.764112958E0,5.755821333E0,-3.995484316E0,-1.398794317E0,7.144928249E0
3.774191958E0,5.507507626E0,-3.509870133E0,-2.392496458E0,6.955276263E0
3.784271958E0,4.737002770E0,-3.300108873E0,-2.639475245E0,6.347971596E0
3.794350958E0,3.855781471E0,-3.257815377E0,-2.424227543E0,5.599758116E0
3.804429958E0,3.055263149E0,-3.606755573E0,-2.022429103E0,5.141355672E0
3.814509958E0,2.346883790E0,-4.162811748E0,-1.599526307E0,5.039379880E0
3.824588958E0,1.767264359E0,-4.524117050E0,-1.457193968E0,5.070924241E0
3.834667958E0,1.380543988E0,-4.823483967E0,-1.311959072E0,5.185859223E0
3.844747958E0,9.701149110E-1,-4.742360281E0,-1.332566414E0,5.020641117E0
3.854826958E0,5.161575530E-1,-4.210364814E0,-1.027111377E0,4.364464259E0
3.864905958E0,1.601736555E-1,-3.486149733E0,-5.276977640E-1,3.529498618E0
3.874985958E0,-2.144340625E-1,-2.826930547E0,2.049694669E-1,2.842451542E0
3.885064958E0,-6.569101202E-1,-2.519523709E0,1.325291016E0,2.921630864E0
3.895143958E0,-1.323411428E0,-2.362071640E0,2.603091531E0,3.755913439E0
3.905223958E0,-1.925818628E0,-2.052953907E0,3.908343846E0,4.816487180E0
3.915302958E0,-2.303394539E0,-1.443910848E0,4.422702942E0,5.191416594E0
3.925382958E0,-2.408931665E0,-5.192438596E-1,2.963766211E0,3.854409956E0
3.935461958E0,-2.227508643E0,8.023835832E-1,2.872868612E-1,2.384983839E0
3.945540958E0,-2.101255125E0,2.247924635E0,-1.306449240E0,3.342940006E0
3.955620958E0,-2.360399629E0,4.468579026E0,-1.216463515E0,5.198025434E0
3.965699958E0,-1.563626449E0,6.901859813E0,3.075907036E0,7.716333368E0
3.975778958E0,2.039195409E0,8.588364623E0,1.025299324E1,1.352930875E1
3.985858958E0,5.163679651E0,1.080024468E1,1.198810069E1,1.694176588E1
3.995937958E0,4.983752639E0,1.547890130E1,2.656944679E0,1.647706075E1
4.006016958E0,4.726805811E0,1.868853621E1,-7.590982829E0,2.071779668E1
4.016096958E0,5.226970498E0,1.402221487E1,-8.828265941E0,1.737475209E1
4.026175958E0,5.575495541E0,4.402663364E0,-5.907906243E0,9.239748449E0
4.036254958E0,4.477960007E0,-1.706761318E0,-3.864299110E0,6.156132522E0
4.046334958E0,3.383922277E0,-4.433358908E0,-2.682823579E0,6.188953347E0
4.056413958E0,2.579310905E0,-5.106236020E0,-2.062418503E0,6.081123343E0
4.066492958E0,1.830727991E0,-3.962275640E0,-2.012606950E0,4.806431104E0
4.076572958E0,1.510814105E0,-2.387380144E0,-2.642828331E0,3.868679982E0
4.086651958E0,1.534342278E0,-1.178747805E0,-3.326428360E0,3.848217541E0
4.096731958E0,1.766157189E0,-2.925397074E-1,-4.119157898E0,4.491364212E0
4.106810958E0,2.167517526E0,2.019774467E-1,-4.604360145E0,5.093040296E0
4.116889958E0,2.378987928E0,2.602104521E-1,-4.519776662E0,5.114261835E0
4.126969958E0,2.107901947E0,1.549161315E-1,-3.686309865E0,4.249250528E0
4.137048958E0,1.213897684E0,7.441932625E-1,-1.451115788E0,2.033004729E0
4.147127958E0,-3.093224589E-2,1.294125064E0,1.509098094E0,1.988238804E0
4.157207958E0,1.355588875E-1,2.958071315E-1,3.023319810E0,3.040779628E0
4.167286958E0,9.618257520E-1,-4.211053616E-1,2.743639884E0,2.937685878E0
4.177365958E0,9.806546634E-1,-7.997283626E-1,7.870439246E-1,1.490197021E0
4.187445958E0,4.287718653E-1,-1.254685010E0,-2.414574082E-1,1.347731971E0
4.197524958E0,-6.534910340E-1,-2.046873388E0,-4.650852672E-1,2.198418864E0
4.207603958E0,-1.824278366E0,-2.268694530E0,-3.757345495E-1,2.935326708E0
4.217683958E0,-2.957987115E0,-1.805531316E0,-4.678549471E-1,3.496929991E0
4.227762958E0,-3.617695421E0,-1.298912764E0,-6.900871488E-1,3.905267571E0
4.237841958E0,-3.634608784E0,-9.907586521E-1,-9.060079390E-1,3.874639868E0
4.247921958E0,-3.231883268E0,-9.455947584E-1,-2.920426758E-1,3.380015951E0
4.258000958E0,-2.659677960E0,-6.948679054E-1,8.474691242E-1,2.876618184E0
4.268080958E0,-2.461349469E0,-2.953639126E-1,2.015139964E0,3.194725359E0
4.278159958E0,-2.581278200E0,-6.821244836E-2,2.710856885E0,3.743847638E0
4.288238958E0,-2.631376852E0,-1.440876728E-1,2.697539266E0,3.771156784E0
4.298318958E0,-2.601129790E0,-6.613896722E-1,2.229985378E0,3.489433660E0
4.308397958E0,-2.403488346E0,-1.400291789E0,1.601851745E0,3.209906905E0
4.318476958E0,-1.961116661E0,-1.795306875E0,1.039933151E0,2.854919665E0
4.328556958E0,-1.095961318E0,-1.928240399E0,1.167227036E0,2.506324240E0
4.338635958E0,-2.268998878E-1,-1.664497059E0,1.706097075E0,2.394326888E0
4.348714958E0,1.253403300E-1,-7.402557474E-1,1.767327948E0,1.920191877E0
4.358798125E0,2.243795916E-1,1.051978415E-1,9.852243356E-1,1.015913273E0
4.368877125E0,2.266271152E-1,6.264718544E-1,-1.658690628E-1,6.865416082E-1
4.378956125E0,2.735441503E-1,1.005854409E0,-1.967330059E-1,1.060789031E0
4.389036125E0,3.154783344E-1,9.647543299E-1,3.860543004E-1,1.085962900E0
4.399115125E0,3.875344500E-1,8.319652319E-1,6.617061527E-1,1.131461060E0
4.409195125E0,2.903497790E-1,9.880899829E-1,1.116100225E0,1.518652205E0
4.419274125E0,-9.370879367E-2,1.464836279E0,1.561426435E0,2.143030371E0
4.429353125E0,-8.370438311E-1,1.983521145E0,9.343837456E-1,2.346928097E0
4.439433125E0,-2.136140783E0,1.996339411E0,6.139722615E-3,2.923782855E0
4.449512125E0,-3.418315892E0,1.782316115E0,1.644728208E-1,3.858572998E0
4.459591125E0,-4.516702488E0,1.345244347E0,1.067121607E0,4.832083634E0
4.469671125E0,-5.661020426E0,8.660194159E-1,1.860785165E0,6.021599731E0
4.479750125E0,-6.705213858E0,4.554945910E-1,2.197230591E0,7.070727719E0
4.489829125E0,-7.889223572E0,6.625766569E-1,2.487326016E0,8.298532829E0
4.499909125E0,-8.992102584E0,1.374033698E0,2.098728250E0,9.335445236E0
4.509988125E0,-9.686080543E0,1.303113404E0,1.642284071E0,9.910366179E0
4.520067125E0,-9.424429922E0,3.653632700E-1,1.546203793E0,9.557411566E0
4.530147125E0,-8.336535569E0,2.743747473E-2,1.189696643E0,8.421042466E0
4.540226125E0,-7.237239146E0,2.839957559E-1,5.295719428E-1,7.262143657E0
4.550306125E0,-6.144531366E0,8.295731360E-1,-3.204250058E-1,6.208552929E0
4.560385125E0,-5.010234094E0,9.764791667E-1,-5.511432716E-1,5.134171418E0
4.570464125E0,-3.596901552E0,3.544348240E-1,-8.585470397E-2,3.615341734E0
4.580544125E0,-2.408066716E0,1.811613590E-1,6.263514018E-1,2.494778713E0
4.590623125E0,-1.439533477E0,7.154857725E-1,1.394336400E0,2.127992133E0
4.600702125E0,-5.655523458E-1,2.033879705E0,1.843539387E0,2.802704690E0
4.610782125E0,3.212901744E-1,3.718235078E0,1.554292247E0,4.042811381E0
4.620861125E0,1.159014914E0,5.505259371E0,1.026193948E0,5.718764756E0
4.630940125E0,2.088567251E0,7.397373333E0,1.375115433E0,7.808597047E0
4.641020125E0,3.084884851E0,9.203422127E0,1.870062503E0,9.885172086E0
4.651099125E0,3.681572451E0,1.078677036E1,1.505312606E0,1.149671068E1
4.661179125E0,3.981510056E0,1.176918445E1,5.269218385E-2,1.242452822E1
4.671258125E0,4.127254537E0,1.104201535E1,-1.359578357E0,1.186628781E1
4.681337125E0,4.380598604E0,8.555491576E0,-1.323826727E0,9.702504699E0
4.691417125E0,4.681355111E0,4.885889545E0,9.342204621E-1,6.830795722E0
4.701496125E0,4.828725995E0,1.331975260E0,3.194639720E0,5.941083721E0
4.711575125E0,4.133937027E0,-1.012689219E0,3.608704450E0,5.580118512E0
4.721655125E0,2.753509692E0,-1.245326541E0,2.436031025E0,3.881610615E0
4.731734125E0,1.991036425E0,6.546437395E-1,1.968654453E0,2.875479930E0
4.741813125E0,1.863646792E0,2.003908632E0,1.544414399E0,3.142299318E0
4.751893125E0,1.780794378E0,1.779320587E0,1.639282988E-1,2.522713391E0
4.761972125E0,1.991469704E0,1.047192469E0,-1.293352208E0,2.595250197E0
4.772051125E0,2.277486257E0,9.911129934E-1,-2.344109579E0,3.415274269E0
4.782131125E0,2.420616302E0,8.889252985E-1,-3.481261168E0,4.332291633E0
4.792210125E0,2.634626734E0,5.491810191E-1,-5.130424781E0,5.793454605E0
4.802290125E0,2.960977381E0,1.488888216E-1,-6.839658887E0,7.454561599E0
4.812369125E0,3.252134515E0,-3.650633079E-1,-7.856513078E0,8.510842959E0
4.822448125E0,3.526552531E0,-1.278729930E0,-7.267531816E0,8.178553765E0
4.832528125E0,3.670508934E0,-2.257780702E0,-5.518088163E0,7.001393183E0
4.842607125E0,3.662400600E0,-2.993514213E0,-3.971551955E0,6.176368709E0
4.852686125E0,3.524725861E0,-3.652858529E0,-2.823118163E0,5.808361558E0
4.862766125E0,3.578769044E0,-4.283099499E0,-1.880423623E0,5.889696273E0
4.872845125E0,3.564513825E0,-4.781029088E0,-1.490061752E0,6.146892058E0
4.882924125E0,3.380580009E0,-5.135557467E0,-1.510004266E0,6.331065043E0
4.893004125E0,3.084219146E0,-5.346993370E0,-1.730201637E0,6.410642990E0
4.903083125E0,2.864909967E0,-5.601339065E0,-2.163945755E0,6.653222503E0
4.913163125E0,2.634885766E0,-6.040980685E0,-2.182986628E0,6.942730101E0
4.923242125E0,2.574201023E0,-5.968678694E0,-2.223573906E0,6.869928469E0
4.933321125E0,2.674590114E0,-5.736124402E0,-2.263353099E0,6.721556567E0
4.943401125E0,2.701839309E0,-5.494648429E0,-2.338920760E0,6.554513508E0
4.953480125E0,2.699423824E0,-5.483084391E0,-2.654843482E0,6.663279773E0
4.963559125E0,2.566574207E0,-5.633213407E0,-2.856829115E0,6.817761292E0
4.973639125E0,2.202564714E0,-5.747363335E0,-2.771600100E0,6.750203237E0
4.983718125E0,1.681007696E0,-5.517867138E0,-2.521117660E0,6.295131363E0
4.993798125E0,1.224716860E0,-5.094377282E0,-2.497322416E0,5.804242459E0
5.003877125E0,7.040434293E-1,-4.808256648E0,-2.129525535E0,5.305646817E0
5.013956125E0,4.000273186E-1,-4.764801895E0,-1.590406405E0,5.039122095E0
5.024036125E0,1.522848845E-1,-4.805817774E0,-8.063614440E-1,4.875376287E0
5.034115125E0,-4.626116392E-1,-4.657105538E0,3.220599604E-1,4.691094130E0
5.044194125E0,-1.172613710E0,-4.281381587E0,1.758640155E0,4.774732076E0
5.054274125E0,-1.825468859E0,-3.362648937E0,3.333285390E0,5.074498588E0
5.064353125E0,-2.310256393E0,-1.567639101E0,5.576180250E0,6.236069526E0
5.074433125E0,-2.609076448E0,4.686818165E-1,6.761092774E0,7.262184111E0
5.084512125E0,-2.019355806E0,2.005807223E0,5.009877999E0,5.761938741E0
5.094591125E0,-1.340016059E0,4.226849284E0,2.560255998E0,5.120235218E0
5.104671125E0,-1.428414411E0,8.049226781E0,5.460059810E-1,8.193200964E0
5.114750125E0,-1.613787374E0,1.154389942E1,-1.764195887E0,1.178890625E1
5.124829125E0,-1.074602024E-1,1.184223488E1,-2.198136764E0,1.204499398E1
5.134909125E0,3.395062100E0,9.640939454E0,-1.071891693E0,1.027731054E1
5.144988125E0,7.353071904E0,1.145953228E1,1.694431295E0,1.372077417E1
5.155067125E0,1.341128258E1,1.820537610E1,9.870483599E0,2.467234618E1
5.165147125E0,1.492191425E1,1.928366582E1,9.247240577E0,2.607747592E1
5.175226125E0,6.638110626E0,8.478078534E0,-3.566167710E0,1.134283388E1
5.185306125E0,1.809373814E0,1.663253941E0,-4.424215032E0,5.061020245E0
5.195385125E0,1.190570656E0,-1.091412038E0,-4.350293362E0,4.640440826E0
5.205464125E0,5.183233617E-1,-4.605050116E0,-5.160501105E0,6.935842943E0
5.215544125E0,-2.341417374E-1,-6.824113480E0,-5.415608692E0,8.715053909E0
5.225623125E0,-5.960814627E-1,-7.294760545E0,-5.855271946E0,9.372996004E0
5.235702125E0,-6.371107171E-1,-6.293778037E0,-6.834274186E0,9.312618090E0
5.245782125E0,-4.512093128E-1,-4.537410695E0,-7.714537420E0,8.961348853E0
5.255861125E0,-5.152990356E-2,-2.644024379E0,-8.239975820E0,8.653942556E0
5.265940125E0,5.539703272E-1,-9.575412047E-1,-8.394173328E0,8.466753460E0
5.276020125E0,9.558152528E-1,-4.653214216E-3,-7.253093287E0,7.315802531E0
5.286099125E0,1.083621792E0,2.235981113E-1,-5.231443618E0,5.347170713E0
5.296179125E0,9.301426139E-1,7.645175993E-1,-3.583102708E0,3.779983791E0
5.306258125E0,5.444248939E-1,1.789342130E0,-1.309628518E0,2.283258763E0
5.316337125E0,1.413707641E-1,2.918355272E0,9.867459419E0,1.029094449E1
5.326417125E0,-2.633512840E-2,4.512881041E-3,1.387476096E1,1.387478668E1
5.336496125E0,1.290961574E0,-1.232273802E0,2.019505495E0,2.695084962E0
5.346575125E0,1.385623172E0,-4.122018063E-1,-2.949451350E0,3.284680375E0
5.356655125E0,-2.565129653E-2,-1.483775411E0,-2.620083539E0,3.011160111E0
5.366730333E0,-1.322173280E0,-2.478852816E0,-1.864796939E0,3.371990672E0
5.376810333E0,-2.133110317E0,-2.234837397E0,-1.511291823E0,3.439282017E0
5.386889333E0,-2.681624315E0,-1.275726215E0,-1.071154432E0,3.156890584E0
5.396968333E0,-2.644807321E0,-6.569808716E-1,-2.497655708E-1,2.736606014E0
5.407048333E0,-1.894169550E0,-5.099947339E-1,1.058330246E0,2.228909110E0
5.417127333E0,-1.209096608E0,-2.028328943E-1,1.957115704E0,2.309406346E0
5.427206333E0,-1.199616371E0,1.379919505E-1,2.254976962E0,2.557937121E0
5.437286333E0,-1.639052315E0,-3.121009827E-2,2.294233414E0,2.819747067E0
5.447365333E0,-2.091169555E0,-4.504975605E-1,1.867344571E0,2.839527057E0
5.457445333E0,-2.370944498E0,-8.871734726E-1,1.127537305E0,2.771244298E0
5.467524333E0,-2.241843239E0,-1.214754374E0,8.728056943E-1,2.695047138E0
5.477603333E0,-1.944888445E0,-1.385944476E0,1.299049004E0,2.718632279E0
5.487683333E0,-1.842593892E0,-8.899555779E-1,1.886869594E0,2.783424159E0
5.497762333E0,-1.783271551E0,1.688325047E-2,2.159062160E0,2.800337815E0
5.507841333E0,-1.768905234E0,4.930249447E-1,1.817854908E0,2.583930299E0
5.517921333E0,-1.694284237E0,5.312791836E-1,1.207024355E0,2.147036199E0
5.528000333E0,-1.588769477E0,5.864546800E-1,7.015137776E-1,1.833095503E0
5.538080333E0,-1.945263690E0,8.131810516E-1,6.890112611E-1,2.218118744E0
5.548159333E0,-2.556431627E0,9.554467320E-1,1.215852554E0,2.987727992E0
5.558238333E0,-2.914027163E0,1.095950062E0,1.770145136E0,3.581350953E0
5.568318333E0,-2.723469037E0,1.430972714E0,1.974487489E0,3.655621335E0
5.578397333E0,-2.217413572E0,1.872553271E0,1.704393196E0,3.365759182E0
5.588476333E0,-2.228924108E0,2.323463645E0,1.423875364E0,3.520512327E0
5.598556333E0,-2.641854185E0,2.871604444E0,1.803509495E0,4.298622119E0
5.608635333E0,-3.232350168E0,3.174555119E0,2.423072133E0,5.137817278E0
5.618715333E0,-3.982073435E0,3.003078504E0,2.729328239E0,5.685474648E0
5.628794333E0,-4.672161534E0,2.594674464E0,2.936981578E0,6.098138221E0
5.638873333E0,-5.434444327E0,2.439974095E0,2.384916712E0,6.416734875E0
5.648953333E0,-6.243332938E0,1.694275174E0,1.861810766E0,6.731724435E0
5.659032333E0,-6.830509164E0,9.120323253E-1,2.006394868E0,7.177275163E0
5.669111333E0,-7.035590313E0,9.772708797E-1,1.883912072E0,7.348721938E0
5.679191333E0,-6.738951123E0,1.333968576E0,1.314665748E0,6.994374913E0
5.689270333E0,-6.169911205E0,1.815087420E0,9.704518569E-1,6.504162008E0
5.699350333E0,-5.289276674E0,1.895098965E0,7.129779017E-1,5.663584140E0
5.709429333E0,-4.188238657E0,1.654626374E0,6.109381779E-1,4.544488634E0
5.719508333E0,-3.094552345E0,1.859717463E0,5.237725282E-1,3.648169530E0
5.729588333E0,-2.040459577E0,2.501685024E0,9.145366877E-1,3.355336138E0
5.739667333E0,-7.364503795E-1,2.838216258E0,1.960996501E0,3.527511583E0
5.749746333E0,6.021260950E-1,3.369975498E0,2.798891394E0,4.421886897E0
5.759826333E0,1.780744969E0,4.559237182E0,2.927014999E0,5.703079267E0
5.769905333E0,2.865087138E0,6.217730904E0,1.973459110E0,7.124846859E0
5.779985333E0,3.672171298E0,7.590228539E0,5.452534443E-1,8.449480021E0
5.790064333E0,4.169216203E0,8.366126574E0,-9.056408800E-1,9.391199231E0
5.800143333E0,4.569558687E0,8.850488284E0,-2.305696880E0,1.022390569E1
5.810223333E0,5.280241556E0,8.685178142E0,-3.102215121E0,1.062718255E1
5.820302333E0,6.052866320E0,7.279339684E0,-3.417396125E0,1.006501730E1
5.830382333E0,6.472128054E0,4.261411591E0,-2.911906378E0,8.278119899E0
5.840461333E0,6.617100996E0,7.553275305E-1,-4.931921750E-1,6.678306955E0
5.850540333E0,5.565360562E0,-1.992867334E0,2.338029936E0,6.356975883E0
5.860620333E0,3.268875386E0,-2.585866218E0,2.851138020E0,5.049875087E0
5.870699333E0,1.114822681E0,-1.324325933E0,2.293848082E0,2.873744563E0
5.880778333E0,1.277466785E-1,4.425190347E-1,1.420653841E0,1.493452257E0
5.890858333E0,1.472362888E-1,1.362453872E0,-1.686600119E-1,1.380726359E0
5.900937333E0,2.912660011E-1,1.448679253E0,-1.648846986E0,2.214092104E0
5.911017333E0,7.288875908E-1,1.186184878E0,-3.182868983E0,3.474041832E0
5.921096333E0,1.276989068E0,8.852778053E-1,-4.463983407E0,4.726686549E0
5.931175333E0,1.975689092E0,7.210078830E-1,-6.104611840E0,6.456739539E0
5.941255333E0,2.679098902E0,4.285167074E-1,-7.842794341E0,8.298832482E0
5.951334333E0,3.067933773E0,-1.331720906E-1,-8.319566950E0,8.868209891E0
5.961413333E0,3.262895730E0,-1.129148213E0,-7.147916495E0,7.938146790E0
5.971493333E0,3.085116693E0,-2.140393755E0,-4.996069214E0,6.249795039E0
5.981572333E0,2.574754754E0,-2.991705084E0,-2.472276453E0,4.657446963E0
5.991652333E0,1.888383438E0,-4.077472220E0,-1.300475725E0,4.677927835E0
6.001731333E0,1.447299310E0,-5.311138244E0,-1.353603526E0,5.668783577E0
6.011810333E0,1.454849820E0,-6.109477893E0,-1.918721716E0,6.566871488E0
6.021890333E0,1.623601925E0,-6.364577293E0,-2.721639150E0,7.109940014E0
6.031969333E0,1.882877554E0,-6.330576319E0,-3.119319981E0,7.304216697E0
6.042049333E0,2.121385626E0,-5.954109771E0,-3.231701712E0,7.098985568E0
6.052128333E0,2.289095466E0,-5.692993585E0,-3.282565472E0,6.958833960E0
6.062207333E0,2.084837312E0,-5.978863374E0,-2.767992368E0,6.910509070E0
6.072287333E0,1.884890165E0,-6.008805211E0,-2.755208015E0,6.873843336E0
6.082366333E0,1.905245638E0,-6.024096265E0,-2.990958395E0,6.990388321E0
6.092445333E0,2.139200630E0,-6.066976236E0,-2.965228307E0,7.083569644E0
6.102525333E0,2.339939052E0,-6.117316670E0,-3.134219856E0,7.260868551E0
6.112604333E0,2.574034670E0,-6.030368573E0,-3.209203965E0,7.299999294E0
6.122684333E0,2.644102147E0,-5.600719260E0,-3.358733057E0,7.045595797E0
6.132763333E0,2.673477682E0,-5.059212127E0,-3.239759175E0,6.575648240E0
6.142842333E0,2.642525446E0,-4.425817754E0,-2.898874981E0,5.913905619E0
6.152922333E0,2.436999470E0,-3.867068936E0,-1.933019036E0,4.962837007E0
6.163001333E0,1.882376009E0,-3.503752191E0,-4.876361507E-1,4.007169558E0
6.173081333E0,1.110326903E0,-2.799367942E0,1.434716102E0,3.335820289E0
6.183160333E0,8.340614587E-3,-1.211364158E0,4.116491275E0,4.291034037E0
6.193239333E0,-1.341321596E0,1.807966681E0,7.363326166E0,7.699770085E0
6.203319333E0,-2.623497729E0,5.753678913E0,9.499590032E0,1.141182598E1
6.213398333E0,-2.865985563E0,9.634112830E0,8.197974685E0,1.297061264E1
6.223477333E0,-2.499079505E0,1.257066931E1,5.792456478E0,1.406483834E1
6.233557333E0,-2.588123243E0,1.277165449E1,5.010829926E0,1.396144537E1
6.243636333E0,-3.175596508E0,8.803205944E0,3.743322849E0,1.007935087E1
6.253716333E0,-2.482252387E0,3.313958588E0,5.883082473E-1,4.182105335E0
6.263795333E0,1.568190786E0,1.360371094E0,-1.964282051E0,2.858012567E0
6.273874333E0,5.526702865E0,3.677253698E0,-2.448814208E0,7.075544526E0
6.283954333E0,9.043113109E0,7.667256834E0,-9.920660895E-1,1.189743322E1
6.294033333E0,1.342765478E1,1.083146881E1,3.019158054E0,1.751393574E1
6.304113333E0,1.261311308E1,6.913869410E0,3.422656865E0,1.478535735E1
6.314192333E0,5.617992520E0,1.354605154E0,-2.794670874E0,6.419266342E0
6.324271333E0,1.436030556E0,5.534565032E-1,-4.703895250E0,4.949255336E0
6.334351333E0,2.369068126E-1,-1.185578522E0,-4.684019102E0,4.837536173E0
6.344430333E0,-7.574579635E-1,-3.357105192E0,-5.252271400E0,6.279351296E0
6.354509333E0,-1.266709955E0,-4.473022326E0,-6.060108097E0,7.637891920E0
6.364593625E0,-1.436691291E0,-4.348573111E0,-6.759965431E0,8.165249696E0
6.374672625E0,-1.384005393E0,-3.415328842E0,-7.412408279E0,8.277906651E0
6.384752625E0,-8.996892916E-1,-1.713427144E0,-7.858242100E0,8.093036655E0
6.394831625E0,-1.088829030E-1,1.809800953E-1,-7.841613788E0,7.844457667E0
6.404910625E0,8.332858256E-1,1.346868703E0,-7.105351104E0,7.279727666E0
6.414990625E0,1.552930138E0,1.414454915E0,-5.510387964E0,5.897173072E0
6.425069625E0,2.035234505E0,1.173753113E0,-3.258387820E0,4.017084396E0
6.435149625E0,1.888278480E0,1.467459340E0,-5.506922320E-2,2.392083852E0
6.445228625E0,9.410193121E-1,1.083449299E0,1.120138940E1,1.129294046E1
6.455307625E0,3.360839224E-1,-1.114966961E0,1.617467319E1,1.621653960E1
6.465387625E0,1.574288262E0,-1.077672835E0,3.752913744E0,4.210002832E0
6.475466625E0,2.107119297E0,-7.944898421E-1,-2.406026476E0,3.295471020E0
6.485546625E0,1.134131795E0,-1.540292843E0,-3.814229402E0,4.266978193E0
6.495625625E0,-1.458064619E-1,-2.234751443E0,-3.227967680E0,3.928759204E0
6.505704625E0,-1.179319955E0,-1.775851434E0,-1.497128112E0,2.604963811E0
6.515784625E0,-1.837916704E0,-9.215673798E-1,-3.169840290E-1,2.080313227E0
6.525863625E0,-2.074292151E0,-8.558668953E-1,-2.823421633E-1,2.261617379E0
6.535942625E0,-2.044167589E0,-1.238899282E0,2.266145985E-2,2.390398733E0
6.546022625E0,-1.983246618E0,-1.272748813E0,9.652840877E-1,2.546552583E0
6.556101625E0,-1.970642945E0,-9.371671665E-1,2.169580132E0,3.077140533E0
6.566181625E0,-2.094681977E0,-5.093088555E-1,2.983349998E0,3.680688157E0
6.576260625E0,-2.182449269E0,-2.855587167E-1,2.948067899E0,3.679094036E0
6.586339625E0,-2.160394156E0,-2.125743556E-1,2.129298663E0,3.040789957E0
6.596419625E0,-1.883074751E0,-2.145191395E-1,1.488098842E0,2.409652909E0
6.606498625E0,-1.515776930E0,-3.972019440E-1,1.377655463E0,2.086452410E0
6.616578625E0,-1.242447372E0,-3.793585807E-1,1.508330208E0,1.990640204E0
6.626657625E0,-9.982006958E-1,-4.796921235E-1,1.473290184E0,1.843120486E0
6.636736625E0,-9.481280646E-1,-5.391103595E-1,1.140391897E0,1.577998887E0
6.646816625E0,-1.145114036E0,-4.240570360E-1,1.034105670E0,1.600151574E0
6.656895625E0,-1.421549926E0,-2.537416774E-1,1.203889078E0,1.880036687E0
6.666975625E0,-1.765641903E0,-4.577551246E-2,1.301754950E0,2.194117744E0
6.677054625E0,-1.977497636E0,7.125890619E-1,1.299958831E0,2.471471835E0
6.687133625E0,-1.599580394E0,1.395664303E0,1.655014776E0,2.691767113E0
6.697213625E0,-5.336587080E-1,1.318306809E0,2.168060002E0,2.592915084E0
6.707292625E0,2.406330970E-1,1.355067084E0,2.325249385E0,2.702016986E0
6.717371625E0,6.657701138E-1,1.375537602E0,2.121507979E0,2.614603152E0
6.727451625E0,7.885411772E-1,1.360445353E0,1.802646300E0,2.392100004E0
6.737530625E0,3.165624082E-2,1.514341146E0,1.993996578E0,2.504047439E0
6.747610625E0,-1.764273070E0,1.920361860E0,2.996781052E0,3.972549032E0
6.757689625E0,-3.485703883E0,2.405159188E0,3.334918517E0,5.390417775E0
6.767768625E0,-4.391005478E0,2.392961896E0,3.161034018E0,5.916023310E0
6.777848625E0,-4.842736801E0,1.926563417E0,3.185237105E0,6.108148798E0
6.787927625E0,-5.728452271E0,1.878533803E0,3.047867298E0,6.755260893E0
6.798007625E0,-6.677893912E0,1.854626293E0,2.797656462E0,7.474007457E0
6.808086625E0,-7.418446698E0,1.768072883E0,2.463959373E0,8.014395107E0
6.818165625E0,-7.591426633E0,1.677256853E0,1.989638941E0,8.025061494E0
6.828245625E0,-6.902455645E0,2.028741172E0,1.477026554E0,7.344473576E0
6.838324625E0,-5.528137187E0,2.576811805E0,8.667153807E-1,6.160475257E0
6.848404625E0,-4.199510627E0,2.892048064E0,6.522100552E-1,5.140545640E0
6.858483625E0,-3.503594024E0,3.205107991E0,6.328347214E-1,4.790445501E0
6.868562625E0,-3.037828506E0,3.200585754E0,3.750673091E-1,4.428637114E0
6.878642625E0,-2.470360613E0,3.629639820E0,1.819992650E-1,4.394324808E0
6.888721625E0,-1.388379549E0,4.389880182E0,8.833213270E-1,4.688166203E0
6.898801625E0,3.242514968E-1,5.266317582E0,2.373543293E0,5.785581014E0
6.908880625E0,2.070180097E0,6.428117232E0,2.742224273E0,7.288767436E0
6.918959625E0,3.341060140E0,7.790772248E0,1.858722267E0,8.678344516E0
6.929039625E0,4.436133996E0,9.141244590E0,6.735507113E-1,1.018308932E1
6.939118625E0,5.718238354E0,9.576168092E0,-7.004129662E-1,1.117550104E1
6.949198625E0,6.931654301E0,8.704133061E0,-1.472357553E0,1.122397436E1
6.959277625E0,8.841693487E0,6.530655175E0,-1.127632176E0,1.104973099E1
6.969356625E0,9.752183901E0,2.677189786E0,5.219289011E-1,1.012644290E1
6.979436625E0,8.169984648E0,-1.854947305E-1,2.571218943E0,8.567042915E0
6.989515625E0,5.015607101E0,-9.378612310E-1,3.117106810E0,5.979318786E0
6.999595625E0,1.930378287E0,-5.008034956E-1,3.089868141E0,3.677560278E0
7.009674625E0,1.141603075E-1,-1.998338574E-1,2.816989404E0,2.826374966E0
7.019753625E0,-6.940099727E-1,2.302610135E-1,9.355849099E-1,1.187429619E0
7.029833625E0,-7.945366198E-1,9.814908153E-1,-6.138231575E-1,1.404062509E0
7.039912625E0,-4.288070948E-1,1.197329671E0,-1.697447289E0,2.121037756E0
7.049992625E0,-8.253100041E-2,1.244910804E0,-3.700131221E0,3.904815659E0
7.060071625E0,1.822842254E-1,1.508863474E0,-5.467866427E0,5.675161653E0
7.070150625E0,5.250224802E-1,1.891726291E0,-7.197412006E0,7.460363031E0
7.080230625E0,8.546772062E-1,1.633886885E0,-8.465205889E0,8.663704186E0
7.090309625E0,1.285063780E0,2.092256552E-1,-8.656228577E0,8.753596830E0
7.100389625E0,1.799988448E0,-1.351792644E0,-7.071110979E0,7.420775717E0
7.110468625E0,2.171145285E0,-2.949547829E0,-4.270146747E0,5.625642851E0
7.120547625E0,2.698247949E0,-4.635311211E0,-1.882271343E0,5.684153185E0
7.130627625E0,2.830570439E0,-6.215459261E0,-1.445547484E0,6.980950534E0
7.140706625E0,2.392051631E0,-6.859194435E0,-2.500166502E0,7.682531603E0
7.150786625E0,2.003634982E0,-7.228618596E0,-3.761799173E0,8.391579885E0
7.160865625E0,1.831312859E0,-7.496200048E0,-4.502139121E0,8.933978879E0
7.170944625E0,1.831340780E0,-7.237784691E0,-4.296179720E0,8.613738821E0
7.181024625E0,1.877252532E0,-6.656113619E0,-3.380484699E0,7.697766064E0
7.191103625E0,1.659037368E0,-6.109396031E0,-2.364704057E0,6.757880595E0
7.201183625E0,1.293974060E0,-5.798927007E0,-1.510854451E0,6.130628391E0
7.211262625E0,1.045624904E0,-5.743727537E0,-1.485061798E0,6.024047311E0
7.221341625E0,1.052602313E0,-5.898801543E0,-2.155703520E0,6.367957988E0
7.231421625E0,1.045741336E0,-6.055489381E0,-2.602101597E0,6.673339442E0
7.241500625E0,1.114146743E0,-6.072086118E0,-2.706601281E0,6.740715339E0
7.251580625E0,1.032962612E0,-6.170024641E0,-2.784765106E0,6.847710021E0
7.261659625E0,1.029310587E0,-6.118995405E0,-2.885831890E0,6.843216404E0
7.271738625E0,1.054076250E0,-6.080614282E0,-2.950469350E0,6.840337431E0
7.281818625E0,9.685588208E-1,-5.710625864E0,-2.347793325E0,6.249918995E0
7.291897625E0,6.405306074E-1,-5.127121689E0,-7.239139491E-1,5.217442638E0
7.301977625E0,-8.752740964E-2,-4.174117924E0,1.199477938E0,4.343923206E0
7.312056625E0,-1.172502101E0,-2.560965266E0,3.415985484E0,4.427444082E0
7.322135625E0,-2.312606827E0,-3.375656068E-1,5.725159119E0,6.183813371E0
7.332215625E0,-2.905055196E0,2.129257148E0,7.118136626E0,7.977527857E0
7.342294625E0,-2.799661472E0,4.263713055E0,6.949004744E0,8.620093985E0
7.352374625E0,-2.399462392E0,4.971409752E0,4.866540524E0,7.359045547E0
7.362450833E0,-1.605439011E0,5.124279358E0,2.197952576E0,5.802298586E0
7.372529833E0,-3.740917012E-2,5.513729648E0,1.035357120E0,5.610220891E0
7.382609833E0,2.084732940E0,5.741177566E0,7.394505858E-1,6.152561941E0
7.392688833E0,4.812430975E0,8.990397536E0,1.083565659E0,1.025479665E1
7.402768833E0,1.023807232E1,1.893965073E1,3.242927781E0,2.177257622E1
7.412847833E0,1.120993686E1,2.428824390E1,1.025166008E-1,2.675055113E1
7.422926833E0,8.331767165E0,1.398804024E1,-4.344711025E0,1.685111651E1
7.433006833E0,3.534408558E0,1.756859677E0,-3.853677350E0,5.516287601E0
7.443085833E0,1.063167062E-1,-3.054190770E0,-3.409541268E0,4.578684981E0
7.453165833E0,-3.820785592E-1,-4.545824838E0,-2.592923808E0,5.247262273E0
7.463244833E0,-2.472997999E-1,-4.158207065E0,-2.367607346E0,4.791388915E0
7.473324833E0,4.883185208E-2,-3.199110501E0,-3.433352884E0,4.693037884E0
7.483403833E0,5.066129968E-1,-2.124761224E0,-4.901793972E0,5.366456105E0
7.493482833E0,1.348409006E0,-1.515511174E0,-6.382311898E0,6.696931098E0
7.503562833E0,2.466338021E0,-6.557278132E-1,-7.623931305E0,8.039722056E0
7.513641833E0,3.800567090E0,4.036210173E-1,-8.421099172E0,9.247817656E0
7.523721833E0,5.281242599E0,1.296624749E0,-8.040616756E0,9.706919025E0
7.533800833E0,5.819890444E0,1.521810964E0,-6.506295090E0,8.861089616E0
7.543879833E0,4.702776386E0,1.692105857E0,-4.693396282E0,6.856186741E0
7.553959833E0,3.193524949E0,1.786192235E0,-2.378890572E0,4.364424893E0
7.564038833E0,2.338537475E0,7.707904923E-1,4.020893392E-1,2.494905076E0
7.574118833E0,1.766470746E0,-1.070578408E0,3.312586246E0,3.903816679E0
7.584197833E0,1.171956849E0,-2.310469962E0,5.909911253E0,6.452813752E0
7.594276833E0,1.016002252E0,-1.808504625E0,3.724302734E0,4.263024795E0
7.604356833E0,1.328771863E0,-6.450689238E-1,-7.165897268E-1,1.641721480E0
7.614435833E0,9.647894132E-1,-1.877494168E-1,-2.703367186E0,2.876501799E0
7.624515833E0,-6.817561090E-2,-1.010732156E-1,-2.736608022E0,2.739322394E0
7.634594833E0,-1.335407284E0,2.727579921E-1,-1.278895406E0,1.869032636E0
7.644673833E0,-2.596937629E0,7.269369596E-1,4.100646490E-1,2.727760145E0
7.654753833E0,-3.684021265E0,6.154709029E-1,1.538952661E0,4.039702019E0
7.664832833E0,-4.390952561E0,-1.679378808E-1,1.821787160E0,4.756845171E0
7.674912833E0,-4.565521184E0,-1.086918452E0,1.643024914E0,4.972414531E0
7.684991833E0,-4.177140642E0,-1.853721728E0,1.527588013E0,4.818538505E0
7.695070833E0,-3.310643801E0,-2.400624672E0,1.506569027E0,4.358108698E0
7.705150833E0,-2.335186435E0,-2.762767881E0,1.648179234E0,3.975232929E0
7.715229833E0,-1.183337577E0,-2.673319514E0,1.853179107E0,3.461386694E0
7.725309833E0,-3.218213940E-1,-2.355201162E0,1.800481660E0,2.981991907E0
7.735388833E0,2.875689894E-2,-1.914241580E0,1.409778897E0,2.377524831E0
7.745468833E0,-7.614507347E-2,-1.128261775E0,8.960962506E-1,1.442830966E0
7.755547833E0,-2.671008110E-1,-4.931682014E-1,6.608206650E-1,8.667419855E-1
7.765626833E0,-7.235619467E-1,-3.206577981E-1,8.687570822E-1,1.175203039E0
7.775706833E0,-1.391532368E0,-3.362072986E-1,9.190255221E-1,1.701177706E0
7.785785833E0,-1.891897322E0,-4.781928974E-1,7.791600506E-1,2.101198303E0
7.795865833E0,-2.195702860E0,-4.522259974E-1,1.263869962E0,2.573516404E0
7.805944833E0,-2.173965251E0,-8.595173120E-2,2.351351648E0,3.203492966E0
7.816023833E0,-1.271384658E0,9.265170479E-1,3.082263837E0,3.460520647E0
7.826103833E0,-6.114930421E-1,1.465921522E0,2.532629074E0,2.989491541E0
7.836182833E0,-6.010616094E-1,1.390062670E0,1.523469965E0,2.148141061E0
7.846262833E0,-1.053333507E0,1.320749191E0,1.392521570E0,2.189293545E0
7.856341833E0,-2.326073257E0,1.302659075E0,1.710359695E0,3.167470245E0
7.866420833E0,-4.283189254E0,1.470903350E0,1.988118957E0,4.945895655E0
7.876500833E0,-5.819805075E0,1.908820041E0,2.330596079E0,6.553274231E0
7.886579833E0,-6.234694262E0,1.782228992E0,2.817450457E0,7.070062220E0
7.896659833E0,-6.853183497E0,1.653382671E0,2.353085639E0,7.432147088E0
7.906738833E0,-7.539988092E0,1.757195892E0,1.667103309E0,7.919494383E0
7.916818833E0,-8.003699191E0,2.146740323E0,1.634684884E0,8.446294419E0
7.926897833E0,-8.203313777E0,2.012179518E0,2.261361537E0,8.743968169E0
7.936976833E0,-6.494022369E0,1.101637064E0,2.831681410E0,7.169682723E0
7.947056833E0,-4.908784903E0,1.631035198E0,2.392161412E0,5.699024588E0
7.957135833E0,-3.932777606E0,2.256769134E0,1.314839995E0,4.721075178E0
7.967215833E0,-2.952086105E0,1.916212676E0,1.026284580E0,3.666052841E0
7.977294833E0,-2.251620368E0,2.307942796E0,1.102423514E0,3.407599131E0
7.987373833E0,-1.611711320E0,2.735251468E0,7.057805640E-1,3.252282303E0
7.997453833E0,-5.514558783E-1,2.726120456E0,3.896326502E-1,2.808496027E0
8.007532833E0,7.453764465E-1,3.273444985E0,6.505354857E-1,3.419681934E0
8.017612833E0,2.741117688E0,5.028597275E0,1.392512069E0,5.894031438E0
8.027691833E0,5.083168169E0,7.434059349E0,2.113511181E0,9.250446830E0
8.037770833E0,7.041127042E0,9.843434379E0,2.679294784E0,1.239553512E1
8.047850833E0,8.811105532E0,1.179401874E1,2.453332059E0,1.492492201E1
8.057929833E0,1.092114405E1,1.238363092E1,7.076560584E-1,1.652653863E1
8.068009833E0,1.302877176E1,1.091897123E1,-1.002110437E0,1.702871257E1
8.078088833E0,1.342807461E1,7.473246803E0,-4.611795464E-1,1.537450136E1
8.088168833E0,1.125670289E1,3.503334700E0,1.899798665E0,1.194135457E1
8.098247833E0,6.871817404E0,1.225764681E0,3.263035479E0,7.705308172E0
8.108326833E0,2.541191152E0,8.197474748E-1,2.668421302E0,3.774931872E0
8.118406833E0,-1.470374616E0,3.543278199E-1,2.716546226E0,3.109207795E0
8.128485833E0,-4.158086028E0,6.003494185E-1,3.372628965E0,5.387459974E0
8.138565833E0,-4.348246544E0,2.583771746E0,3.626879350E0,6.223935914E0
8.148644833E0,-3.933314381E0,4.193059979E0,8.725494401E-1,5.814985514E0
8.158723833E0,-3.398168726E0,4.843391982E0,-2.177765649E0,6.304653821E0
8.168803833E0,-2.534791959E0,5.660449153E0,-4.457425463E0,7.637702314E0
8.178882833E0,-3.250439407E-1,6.346880111E0,-6.285492532E0,8.938453841E0
8.188962833E0,1.705478001E0,4.697011031E0,-7.957437775E0,9.396349492E0
8.199041833E0,3.491393516E0,2.378235683E0,-8.703719078E0,9.674738210E0
8.209121833E0,4.757491121E0,5.124529034E-1,-8.961868386E0,1.015930188E1
8.219200833E0,5.065137695E0,-1.600917944E0,-7.321727319E0,9.045786261E0
8.229279833E0,4.509380313E0,-4.270395838E0,-4.951069627E0,7.942536237E0
8.239359833E0,3.807430260E0,-6.553751092E0,-3.383967301E0,8.300567044E0
8.249438833E0,3.555215290E0,-8.494611536E0,-3.140543620E0,9.729388220E0
8.259518833E0,4.404631537E0,-9.699550774E0,-4.266914991E0,1.147556655E1
8.269597833E0,5.405732160E0,-1.003680882E1,-5.384052438E0,1.260743797E1
8.279676833E0,5.336449671E0,-9.226698139E0,-5.531344385E0,1.200855630E1
8.289756833E0,4.457390964E0,-7.905654833E0,-4.411534760E0,1.009105304E1
8.299835833E0,3.533461309E0,-6.652190722E0,-3.276679080E0,8.214232527E0
8.309915833E0,2.655605375E0,-5.855349714E0,-2.569936064E0,6.924011233E0
8.319994833E0,1.941525711E0,-5.307663828E0,-2.267199397E0,6.089417912E0
8.330074833E0,1.688597966E0,-5.061721167E0,-2.455328298E0,5.873757002E0
8.340153833E0,1.707444712E0,-4.902161177E0,-2.722679955E0,5.861700929E0
8.350232833E0,1.890163184E0,-4.805226036E0,-3.118855712E0,6.032426964E0
8.360312833E0,2.023119951E0,-4.910092340E0,-3.638028821E0,6.437179105E0
8.370391208E0,2.120315001E0,-5.131058620E0,-4.400894582E0,7.084586888E0
8.380471208E0,2.020291068E0,-5.299256701E0,-4.738956032E0,7.390629328E0
8.390550208E0,1.966153453E0,-5.562698325E0,-4.287423515E0,7.293241560E0
8.400629208E0,2.182528937E0,-5.610045569E0,-4.029841386E0,7.244008935E0
8.410709208E0,2.525943952E0,-5.506902439E0,-3.473736094E0,6.983781911E0
8.420788208E0,2.785933964E0,-5.540229229E0,-2.371393856E0,6.639207542E0
8.430868208E0,2.817426483E0,-5.170063056E0,-1.505233523E0,6.077266816E0
8.440947208E0,2.601544065E0,-4.370296102E0,-6.363594961E-1,5.125668049E0
8.451027208E0,2.158551991E0,-3.059526354E0,1.600517410E-1,3.747754630E0
8.461106208E0,1.583982361E0,-1.426531754E0,7.197425455E-1,2.249893842E0
8.471185208E0,1.008684534E0,2.056383884E-1,9.944166702E-1,1.431291777E0
8.481265208E0,6.031855374E-1,1.569382741E0,1.242873049E0,2.090820030E0
8.491344208E0,5.033312470E-1,2.175427932E0,1.532637084E0,2.708284598E0
8.501424208E0,8.111918288E-1,2.745977601E0,1.677013609E0,3.318252524E0
8.511503208E0,1.007918330E0,3.540103746E0,1.400425690E0,3.938200859E0
8.521583208E0,1.080180267E0,4.140868902E0,8.862338251E-1,4.370239703E0
8.531662208E0,1.218890402E0,4.660999784E0,9.143431449E-1,4.903736961E0
8.541741208E0,3.166440938E0,6.839081767E0,1.758211261E0,7.738907835E0
8.551821208E0,8.002588804E0,1.309511310E1,3.395512336E0,1.571791713E1
8.561900208E0,1.399572465E1,2.499505533E1,7.258127155E0,2.955187827E1
8.571980208E0,1.488445114E1,2.911274879E1,7.019532689E0,3.344208228E1
8.582059208E0,8.300172320E0,1.371992201E1,4.431926048E0,1.663643859E1
8.592138208E0,1.395070956E0,2.538946990E0,-2.384152481E-1,2.906770824E0
8.602218208E0,-7.179829721E-1,-2.846967201E0,-4.513235674E0,5.384237926E0
8.612297208E0,-2.084169122E0,-7.644763765E0,-6.412014585E0,1.019314009E1
8.622377208E0,-2.858385644E0,-9.324139649E0,-6.048225385E0,1.147566900E1
8.632456208E0,-3.065351643E0,-9.415773704E0,-4.472686111E0,1.086545426E1
8.642536208E0,-3.081227126E0,-9.224362761E0,-4.223810194E0,1.060299021E1
8.652615208E0,-2.863626503E0,-6.984875073E0,-4.683995129E0,8.884179585E0
8.662694208E0,-1.937998378E0,-2.066733456E0,-6.676772416E0,7.253034868E0
8.672774208E0,-8.317646724E-1,3.541568474E0,-9.540421139E0,1.021049339E1
8.682853208E0,-6.313209504E-2,7.467367428E0,-1.079844491E1,1.312905078E1
8.692933208E0,6.756298350E-1,8.780097163E0,-9.771611275E0,1.315412364E1
8.703012208E0,1.723557738E0,7.657391412E0,-6.459295755E0,1.016507728E1
8.713092208E0,2.878559707E0,6.073395309E0,-4.208910611E-1,6.734195264E0
8.723171208E0,4.320002446E0,3.078369591E0,1.002937584E1,1.134579923E1
8.733250208E0,2.742222811E0,-2.040467178E0,2.087887980E1,2.115681720E1
8.743330208E0,3.841562212E-1,-1.287652781E0,8.667050019E0,8.770597569E0
8.753409208E0,4.943700966E-1,6.921115279E-2,-2.540656716E0,2.589233193E0
8.763489208E0,-1.788394296E-1,-8.711749059E-1,-5.441253410E0,5.513453358E0
8.773568208E0,-1.292224719E0,-1.464218813E0,-5.211584135E0,5.565464100E0
8.783648208E0,-2.699203384E0,-1.019257981E0,-3.388046318E0,4.450106021E0
8.793727208E0,-4.210180334E0,1.570801860E-1,-1.034761143E0,4.338320326E0
8.803806208E0,-5.401796983E0,9.189718008E-1,4.246980371E-1,5.495842815E0
8.813886208E0,-5.857486287E0,9.963345569E-1,1.199205970E0,6.061429131E0
8.823965208E0,-5.102000297E0,3.284989142E-1,1.909708818E0,5.457591624E0
8.834045208E0,-3.605869719E0,-3.373211932E-1,2.250150086E0,4.263714042E0
8.844124208E0,-2.555368896E0,-5.552890205E-1,2.023688593E0,3.306595169E0
8.854203208E0,-2.269358481E0,-5.006538069E-1,2.042885587E0,3.094191925E0
8.864283208E0,-2.207167203E0,-5.715331703E-1,2.022306896E0,3.047615857E0
8.874362208E0,-2.270617972E0,-4.810983789E-1,1.859815112E0,2.974235006E0
8.884442208E0,-2.371023435E0,-4.002623767E-1,1.568550682E0,2.870942936E0
8.894521208E0,-2.539450436E0,-4.171555674E-1,1.230279901E0,2.852440344E0
8.904601208E0,-2.643757454E0,-5.301296210E-1,1.327108623E0,3.005280051E0
8.914680208E0,-2.258151416E0,-9.256884974E-1,1.644355155E0,2.942796440E0
8.924759208E0,-1.588008754E0,-1.118066570E0,1.666465816E0,2.559092217E0
8.934839208E0,-9.438742152E-1,-1.170420200E0,1.495808980E0,2.120902281E0
8.944918208E0,-4.098173118E-1,-1.214725138E0,1.673750278E0,2.108304386E0
8.954998208E0,3.836504370E-2,-1.243578808E0,1.565602516E0,1.999767828E0
8.965077208E0,1.551880270E-2,-1.048282975E0,1.043332795E0,1.479081252E0
8.975157208E0,-3.546611112E-1,-9.978881621E-1,7.481641066E-1,1.296655243E0
8.985236208E0,-7.088953757E-1,-1.267598001E0,3.042283646E-1,1.483877435E0
8.995315208E0,-1.034679720E0,-1.563858876E0,1.078682649E-1,1.878257775E0
9.005395208E0,-1.173080976E0,-1.871116610E0,4.664214291E-2,2.208930020E0
9.015474208E0,-1.235548535E0,-1.923740966E0,6.376037836E-2,2.287230831E0
9.025554208E0,-1.260788333E0,-1.766108803E0,4.129139972E-1,2.208896896E0
9.035633208E0,-1.143178607E0,-1.480218549E0,1.070562109E0,2.154995942E0
9.045713208E0,-7.914811572E-1,-9.720592564E-1,1.128301975E0,1.686536975E0
9.055792208E0,-5.899627170E-1,-3.518953782E-1,9.941634858E-1,1.208406968E0
9.065871208E0,-6.526282042E-1,2.420548475E-1,6.466403630E-1,9.500830918E-1
9.075951208E0,-8.916296357E-1,5.018086320E-1,4.889886117E-1,1.133986408E0
9.086030208E0,-1.238197908E0,4.089840835E-1,6.218176170E-1,1.444665771E0
9.096110208E0,-1.473757668E0,3.619730544E-1,6.833043055E-1,1.664298931E0
9.106189208E0,-1.383797379E0,7.641457164E-1,9.982123902E-1,1.869556588E0
9.116269208E0,-1.230089574E0,1.605740143E0,1.204498358E0,2.354217080E0
9.126348208E0,-1.290650356E0,2.139058251E0,1.921154304E0,3.151536515E0
9.136427208E0,-1.771004969E0,2.419268519E0,2.989629908E0,4.234053112E0
9.146507208E0,-2.518380286E0,2.804167337E0,3.259482418E0,4.982952875E0
9.156586208E0,-3.514715136E0,3.062110239E0,2.953491776E0,5.518410575E0
9.166666208E0,-4.140582680E0,3.115476606E0,2.495123863E0,5.751196616E0
9.176745208E0,-4.208615035E0,2.890930662E0,1.973506619E0,5.473997531E0
9.186825208E0,-4.248159169E0,2.991001080E0,1.193260009E0,5.330742278E0
9.196904208E0,-4.156464010E0,3.114763246E0,2.040117661E-1,5.198034624E0
9.206983208E0,-4.155301292E0,3.135609155E0,-2.112727654E-1,5.209914565E0
9.217063208E0,-4.205897833E0,3.159213195E0,3.683395028E-1,5.273127970E0
9.227142208E0,-3.678536284E0,3.474620193E0,1.259606026E0,5.214520306E0
9.237222208E0,-2.197667817E0,3.314836255E0,1.640661469E0,4.302284659E0
9.247301208E0,-1.130570548E0,3.095492578E0,1.311062109E0,3.546709449E0
9.257381208E0,-4.438969311E-1,3.299434689E0,3.911272717E-1,3.352058217E0
9.267460208E0,4.279159060E-1,3.774723274E0,-1.142462323E0,3.966972142E0
9.277539208E0,1.355942705E0,5.217102152E0,-1.884886803E0,5.710475790E0
9.287619208E0,2.506087685E0,7.698772742E0,-1.971453808E0,8.332959098E0
9.297698208E0,3.964896069E0,9.896845186E0,-1.926616042E0,1.083419563E1
9.307778208E0,5.510520111E0,1.054706492E1,-1.772997116E0,1.203120647E1
9.317857208E0,6.783533803E0,8.762253215E0,-1.760767664E0,1.122023685E1
9.327937208E0,7.829015377E0,4.814760506E0,-1.272763139E0,9.278756733E0
9.338016208E0,8.024618774E0,3.374673736E-1,9.528330266E-3,8.031717219E0
9.348096208E0,7.014923329E0,-2.047910684E0,1.290071482E0,7.420739310E0
9.358175208E0,5.339115416E0,-2.322655560E0,1.507568608E0,6.014453041E0
9.368257083E0,3.476757351E0,-2.132568426E0,8.985141474E-1,4.176483861E0
9.378337083E0,2.156616124E0,-2.030591231E0,1.166703710E-1,2.964440222E0
9.388416083E0,1.157424763E0,-2.172531806E0,-1.907490385E-1,2.468990022E0
9.398496083E0,5.605320726E-1,-2.208851202E0,-1.521533221E0,2.740124665E0
9.408575083E0,3.904380311E-1,-1.850912726E0,-3.210461409E0,3.726309465E0
9.418655083E0,6.092996053E-1,-1.224183009E0,-4.277581481E0,4.490832148E0
9.428734083E0,7.713981642E-1,-9.290465534E-1,-5.051342359E0,5.193673291E0
9.438813083E0,9.198424512E-1,-1.231860988E0,-5.547662795E0,5.756748571E0
9.448893083E0,9.583808649E-1,-1.731899083E0,-6.005531355E0,6.323319949E0
9.458972083E0,6.827372718E-1,-2.682760429E0,-5.067013482E0,5.773903301E0
9.469052083E0,8.421519586E-1,-3.655192153E0,-3.856654460E0,5.379910150E0
9.479131083E0,9.978429924E-1,-4.163064932E0,-2.904054737E0,5.173039163E0
9.489211083E0,9.320903215E-1,-4.233148490E0,-1.701317561E0,4.656481498E0
9.499290083E0,9.136172131E-1,-4.308499219E0,-1.020035661E0,4.520877645E0
9.509369083E0,1.080019176E0,-4.487908167E0,-1.470527959E0,4.844606652E0
9.519449083E0,1.315706114E0,-4.479699846E0,-2.565460020E0,5.327323756E0
9.529528083E0,1.515815960E0,-4.442472378E0,-3.242123789E0,5.704789700E0
9.539608083E0,1.464266029E0,-4.464243316E0,-3.420530525E0,5.811503460E0
9.549687083E0,9.655328867E-1,-4.432264894E0,-3.005075912E0,5.441296452E0
9.559767083E0,3.481939445E-1,-4.349547257E0,-2.259919029E0,4.913963205E0
9.569846083E0,-6.580602676E-2,-4.267748803E0,-1.328513124E0,4.470230129E0
9.579925083E0,-1.274583377E-1,-4.211999695E0,-1.821758509E-1,4.217863808E0
9.590005083E0,-8.495361149E-2,-3.961917790E0,9.074136096E-1,4.065391636E0
9.600084083E0,5.018270507E-2,-3.494252220E0,1.513020260E0,3.808089703E0
9.610164083E0,2.449919039E-1,-2.934734493E0,1.726637466E0,3.413790345E0
9.620243083E0,4.101115729E-1,-2.126621808E0,1.770396566E0,2.797322973E0
9.630323083E0,4.928854886E-1,-8.331188875E-1,1.778915083E0,2.025231359E0
9.640402083E0,5.990022200E-1,9.602215683E-1,1.395414334E0,1.796666437E0
9.650482083E0,8.662705538E-1,2.730236312E0,3.022571951E-1,2.880273321E0
9.660561083E0,1.223797093E0,4.149103535E0,-1.529403573E-1,4.328525179E0
9.670640083E0,1.052547934E0,5.006016498E0,2.774796188E-3,5.115473197E0
9.680720083E0,-8.599061519E-2,4.909278408E0,7.453907722E-1,4.966287977E0
9.690799083E0,-1.431620586E0,4.027782581E0,2.038727924E0,4.735924574E0
9.700879083E0,-2.568054138E0,2.710052308E0,3.637227460E0,5.212361188E0
9.710958083E0,-3.286538362E0,8.688336807E-1,5.292730039E0,6.290405205E0
9.721038083E0,-3.365224928E0,-3.881048459E-1,6.120761265E0,6.995647407E0
9.731117083E0,-2.710045876E0,-7.135427427E-1,5.420869431E0,6.102402583E0
9.741196083E0,-1.788491068E0,-6.145599067E-1,3.849996528E0,4.289388936E0
9.751276083E0,-1.103290071E0,-5.012537313E-1,2.745712722E0,3.001240183E0
9.761355083E0,-8.114116842E-1,-5.850840926E-1,1.716227376E0,1.986491561E0
9.771435083E0,-9.422209150E-1,-1.050775643E0,9.000642443E-1,1.673925132E0
9.781514083E0,-1.297947681E0,-1.902363546E0,5.959827179E-1,2.378833883E0
9.791594083E0,-1.459969349E0,-2.510607290E0,6.619293702E-1,2.978726231E0
9.801673083E0,-8.600663656E-1,-2.204302652E0,-4.635812902E-1,2.411134992E0
9.811752083E0,1.136780584E0,-3.988777560E-1,-2.495648358E0,2.771215309E0
9.821832083E0,4.165990294E0,2.986550764E0,-3.632907829E0,6.282752573E0
9.831911083E0,6.944821061E0,6.664360532E0,-4.040998751E0,1.043905703E1
9.841991083E0,9.934710585E0,9.544648676E0,-2.560655363E0,1.401269955E1
9.852070083E0,1.089852936E1,9.539458687E0,9.658606231E-2,1.448407895E1
9.862150083E0,5.682297859E0,4.290435416E0,5.170195788E-2,7.120324297E0
9.872229083E0,5.610646078E-1,-1.204099578E-1,-1.274616121E0,1.397833434E0
9.882309083E0,-9.670356211E-1,-1.845484756E0,-2.971456469E0,3.629121853E0
9.892388083E0,-1.050605197E0,-3.297255431E0,-4.853160340E0,5.960606508E0
9.902467083E0,-4.781008038E-1,-3.740546883E0,-6.607236158E0,7.607617302E0
9.912547083E0,2.803798378E-1,-2.842996357E0,-7.324971355E0,7.862343575E0
9.922626083E0,1.095246057E0,-1.124947574E0,-7.117779361E0,7.288885649E0
9.932706083E0,1.790585833E0,7.283239192E-1,-6.620031036E0,6.896482021E0
9.942785083E0,2.256917945E0,1.858267938E0,-5.466731483E0,6.199354115E0
9.952865083E0,2.386317705E0,2.060637149E0,-3.985376527E0,5.081728417E0
9.962944083E0,2.091117807E0,1.572185311E0,-2.556593302E0,3.657965233E0
9.973024083E0,1.840355286E0,9.881449467E-1,-8.112843610E-1,2.240874902E0
9.983103083E0,1.777042512E0,4.790845978E-1,1.584713994E0,2.428728182E0
9.993182083E0,1.648025745E0,-8.917237759E-2,3.669132207E0,4.023241445E0
1.000326208E1,1.616089715E0,-4.296387881E-1,3.422883444E0,3.809523137E0
1.001334108E1,1.841967363E0,-6.307280427E-1,4.805481559E-1,2.005389778E0
1.002342108E1,1.846128242E0,-1.122811586E0,-1.669013595E0,2.730293340E0
1.003350008E1,1.456653393E0,-1.872583092E0,-2.185680586E0,3.225772182E0
1.004358008E1,9.765104493E-1,-2.488061596E0,-1.750337839E0,3.194950033E0
1.005365908E1,4.088069129E-1,-2.905945727E0,-9.865217596E-1,3.095943934E0
1.006373808E1,-2.396528113E-1,-3.103790946E0,-4.522632734E-1,3.145710377E0
1.007381808E1,-1.011102870E0,-2.832970136E0,-5.547078073E-2,3.008508902E0
1.008389708E1,-1.745997013E0,-1.963029578E0,1.365207911E-1,2.630708767E0
1.009397708E1,-2.404097626E0,-7.590387583E-1,1.497185415E-1,2.525517942E0
1.010405608E1,-2.837963366E0,3.361008793E-1,3.531104296E-1,2.879528928E0
1.011413608E1,-3.316376704E0,1.300788551E0,9.518436047E-1,3.687331222E0
1.012421508E1,-3.649165428E0,1.926748774E0,2.201146325E0,4.676944975E0
1.013429508E1,-3.333592076E0,1.657057647E0,3.568145823E0,5.156582278E0
1.014437408E1,-2.389998235E0,1.037546902E0,3.302083477E0,4.206227577E0
1.015445308E1,-1.823570561E0,1.067573524E0,2.079996110E0,2.965047493E0
1.016453308E1,-1.717475464E0,1.033678969E0,1.685823609E0,2.619201294E0
1.017461208E1,-1.747119678E0,6.837359762E-1,1.935139529E0,2.695308340E0
1.018469208E1,-1.714103960E0,1.187376541E-1,2.322485991E0,2.888977707E0
1.019477108E1,-1.721307144E0,-2.252978969E-1,2.430935469E0,2.987156621E0
1.020485108E1,-1.790889303E0,-3.547160751E-1,2.199562315E0,2.858528007E0
1.021493008E1,-1.857389687E0,-2.612910175E-1,1.927507743E0,2.689508420E0
1.022501008E1,-1.940839979E0,-3.341099024E-2,1.819407928E0,2.660492685E0
1.023508908E1,-1.920924947E0,2.398475236E-1,1.728822863E0,2.595439843E0
1.024516808E1,-1.855651309E0,3.802093506E-1,1.446908716E0,2.383599330E0
1.025524808E1,-1.768365536E0,3.718729752E-1,1.086941257E0,2.108754958E0
1.026532708E1,-1.519670298E0,1.629817808E-1,6.504372525E-1,1.661032659E0
1.027540708E1,-1.325749145E0,-1.223874861E-1,3.450838836E-1,1.375380812E0
1.028548608E1,-9.430433258E-1,-3.091417068E-1,3.086429393E-1,1.039307353E0
1.029556608E1,-4.313365272E-1,-3.177488083E-1,6.391346578E-1,8.339715916E-1
1.030564508E1,4.957795680E-2,-1.601382798E-1,1.080204095E0,1.093134543E0
1.031572508E1,4.045899010E-1,1.880388540E-1,1.322219181E0,1.395462347E0
1.032580408E1,5.776034573E-1,8.217536545E-1,1.372169605E0,1.700515877E0
1.033588308E1,5.255635303E-1,1.283867294E0,1.195482024E0,1.831313606E0
1.034596308E1,2.904238924E-1,1.293301776E0,8.087506163E-1,1.552756607E0
1.035604208E1,-9.354141712E-2,1.325619337E0,6.053422829E-1,1.460293088E0
1.036611863E1,-5.475139779E-1,1.511643240E0,8.647821450E-1,1.825564297E0
1.037619763E1,-1.097351055E0,1.939363557E0,1.798310004E0,2.863429625E0
1.038627763E1,-1.589890388E0,2.269578044E0,2.721787670E0,3.884181260E0
1.039635663E1,-1.855830234E0,2.357397376E0,3.075472881E0,4.296505753E0
1.040643662E1,-2.167259372E0,2.269212009E0,2.937682074E0,4.298408112E0
1.041651562E1,-2.798773865E0,2.136571430E0,2.732317336E0,4.456863319E0
1.042659462E1,-3.412596146E0,2.013274702E0,2.305033221E0,4.583913789E0
1.043667463E1,-3.764350021E0,1.928509955E0,1.607456886E0,4.524754067E0
1.044675363E1,-3.976591670E0,1.635257472E0,1.068976344E0,4.430582212E0
1.045683363E1,-4.345377023E0,1.165200391E0,1.190509552E0,4.653741121E0
1.046691263E1,-4.619675172E0,6.398801047E-1,1.777286925E0,4.990951218E0
1.047699263E1,-4.401739504E0,2.426916093E-1,2.222289273E0,4.936879530E0
1.048707163E1,-3.014420348E0,-2.742677432E-1,2.419568481E0,3.875082511E0
1.049715162E1,-1.496012756E0,-5.822815222E-1,2.175408636E0,2.703610303E0
1.050723062E1,-3.617453054E-1,-3.373048210E-1,1.720754290E0,1.790427194E0
1.051730962E1,1.901157850E-1,-1.465774173E-1,1.370323640E0,1.391192233E0
1.052738963E1,2.018242496E-1,-3.887527174E-1,8.303420448E-1,9.387915713E-1
1.053746862E1,4.012081638E-1,-5.002585351E-2,-6.212151345E-2,4.090594812E-1
1.054754863E1,8.050133684E-1,1.128423159E0,-9.376050498E-1,1.673466037E0
1.055762763E1,1.182784722E0,2.806794491E0,-1.616535273E0,3.448225819E0
1.056770763E1,1.758628168E0,4.840971234E0,-2.408154863E0,5.685682489E0
1.057778663E1,2.625652135E0,6.865300682E0,-2.955428959E0,7.922181702E0
1.058786662E1,3.398713686E0,8.079723519E0,-2.749721573E0,9.186629175E0
1.059794562E1,3.862453144E0,7.857294851E0,-1.705223062E0,8.919832529E0
1.060802462E1,3.983307197E0,6.191381596E0,7.195804314E-1,7.397143928E0
1.061810462E1,3.599836270E0,3.914524938E0,3.640764148E0,6.444958514E0
1.062818362E1,2.592190859E0,2.009286901E0,5.312802361E0,6.243601223E0
1.063826363E1,1.339626196E0,9.233309001E-1,5.022471147E0,5.279427499E0
1.064834263E1,4.437411028E-1,3.829540336E-1,3.772065715E0,3.817334111E0
1.065842263E1,-2.397655164E-1,8.832394660E-2,2.873871995E0,2.885208634E0
1.066850163E1,-9.311329861E-1,4.551706553E-2,1.756517031E0,1.988575500E0
1.067858162E1,-1.147792645E0,3.652977812E-1,-3.215132457E-1,1.246692100E0
1.068866063E1,-1.028072805E0,5.470304132E-1,-2.295631776E0,2.574121445E0
1.069874062E1,-5.485796329E-1,6.640320289E-1,-3.044116602E0,3.163625141E0
1.070881962E1,1.984375423E-1,2.662184662E-1,-3.054849751E0,3.072841801E0
1.071889862E1,9.793577510E-1,-6.137904131E-1,-3.327854788E0,3.522853640E0
1.072897863E1,1.512343737E0,-1.520119364E0,-4.138714203E0,4.661212472E0
1.073905763E1,2.124380570E0,-1.905064960E0,-4.845180353E0,5.622991904E0
1.074913763E1,2.678736083E0,-1.974690095E0,-5.191980175E0,6.166983550E0
1.075921663E1,3.105289003E0,-2.060113238E0,-5.479790654E0,6.626838760E0
1.076929663E1,3.451475744E0,-2.075960362E0,-5.121655712E0,6.515646819E0
1.077937563E1,3.577147904E0,-2.193520972E0,-3.929062285E0,5.748482567E0
1.078945562E1,3.073495352E0,-2.656746166E0,-2.579923108E0,4.812554116E0
1.079953462E1,2.221671368E0,-3.446352999E0,-2.051960758E0,4.585162550E0
1.080961463E1,1.456260753E0,-4.081351263E0,-1.670576994E0,4.644238474E0
1.081969363E1,9.392414662E-1,-4.650205824E0,-1.649474393E0,5.022683994E0
1.082977263E1,8.162877504E-1,-5.248177764E0,-1.659452081E0,5.564483511E0
1.083985263E1,9.351940966E-1,-5.798812986E0,-1.497486254E0,6.061623968E0
1.084993163E1,1.143313532E0,-6.108970939E0,-1.542829365E0,6.403671932E0
1.086001163E1,1.206693403E0,-6.150787886E0,-1.645072024E0,6.480321177E0
1.087009063E1,1.196356110E0,-6.009396365E0,-1.829986126E0,6.394760498E0
1.088017062E1,1.092720498E0,-5.391336315E0,-1.670460342E0,5.748998443E0
1.089024962E1,9.139572287E-1,-4.617722787E0,-1.445673784E0,4.924292258E0
1.090032963E1,7.818915774E-1,-4.135304691E0,-1.055581470E0,4.338934381E0
1.091040863E1,5.087678419E-1,-3.896545919E0,-2.729927579E-1,3.939091248E0
1.092048763E1,-3.968110576E-2,-3.899880586E0,5.631047013E-1,3.940524087E0
1.093056763E1,-8.071234824E-1,-3.761205096E0,1.226593232E0,4.037653161E0
1.094064663E1,-1.343064797E0,-3.138036919E0,2.063458138E0,3.988603545E0
1.095072663E1,-1.605541045E0,-1.759327787E0,2.995344099E0,3.826889413E0
1.096080563E1,-1.751322218E0,1.279897034E-1,3.831131071E0,4.214389180E0
1.097088562E1,-1.726319378E0,2.291462418E0,3.714384102E0,4.693359976E0
1.098096462E1,-1.366862380E0,5.463647661E0,3.740087877E0,6.760770360E0
1.099104462E1,-8.057395926E-1,8.056222975E0,4.941817578E0,9.485436515E0
1.100112362E1,-1.808909252E-1,7.973346879E0,5.445606662E0,9.657205284E0
1.101120363E1,4.182744321E-1,4.842680376E0,4.968758039E0,6.950903767E0
1.102128263E1,4.476911893E-1,1.323251799E0,4.141532561E0,4.370779642E0
1.103136163E1,5.617127717E-1,-9.655945748E-1,3.029972187E0,3.229338257E0
1.104144163E1,2.025928954E0,-5.238409406E-1,2.242656294E0,3.067295993E0
1.105152063E1,3.867347263E0,1.817014078E0,1.215504572E0,4.442450492E0
1.106160062E1,5.808225249E0,5.095661915E0,1.378907937E-1,7.727888765E0
1.107167962E1,8.318741323E0,9.216636835E0,-3.294242361E-1,1.241999888E1
1.108175962E1,9.419227654E0,1.062156780E1,-1.617890657E0,1.428835618E1
1.109183862E1,5.972891028E0,5.658696742E0,-2.403585117E0,8.571668301E0
1.110191863E1,6.065272942E-1,2.247985446E-1,-2.758107065E0,2.832942697E0
1.111199763E1,-1.234583452E0,-1.313930753E0,-2.776887737E0,3.310848203E0
1.112207763E1,-9.710228375E-1,-2.610030422E0,-2.746172021E0,3.911087434E0
1.113215663E1,-6.890829626E-1,-4.227553289E0,-3.940343319E0,5.820081409E0
1.114223663E1,-4.928884122E-1,-5.107984922E0,-5.300962919E0,7.377984604E0
1.115231563E1,-1.636536258E-1,-4.716793916E0,-6.557902615E0,8.079666705E0
1.116239463E1,2.016181353E-1,-3.179529930E0,-7.318032464E0,7.981457235E0
1.117247462E1,4.083274412E-1,-1.269962030E0,-7.143367946E0,7.266859051E0
1.118255362E1,6.179974848E-1,5.168044013E-1,-6.145337697E0,6.197917641E0
1.119263363E1,9.713514510E-1,1.630831130E0,-5.764151276E0,6.068655020E0
1.120271263E1,1.713228924E0,1.433952456E0,-5.264468692E0,5.718916296E0
1.121279263E1,1.695759490E0,1.128326679E0,-3.526974993E0,4.072870479E0
1.122287163E1,8.755135399E-1,1.283974298E0,-1.350228221E0,2.058696239E0
1.123295163E1,-5.536094078E-1,1.367632166E0,4.330393533E0,4.574845273E0
1.124303063E1,-1.675050991E0,2.637608814E-1,1.253952704E1,1.265365971E1
1.125311062E1,-9.056606144E-2,-5.053193003E-1,7.006002817E0,7.024786494E0
1.126318962E1,1.486765969E0,-2.556589794E-1,-2.917427319E-1,1.536537791E0
1.127326862E1,1.123095760E0,-8.142779893E-1,-1.943137935E0,2.387504506E0
1.128334863E1,6.126858741E-2,-1.660416872E0,-1.995029050E0,2.596320269E0
1.129342763E1,-7.498878658E-1,-2.034346313E0,-1.525551574E0,2.651076071E0
1.130350763E1,-1.384466300E0,-1.836947236E0,-1.067282917E0,2.535786842E0
1.131358663E1,-1.801175140E0,-1.549097580E0,-1.210097067E0,2.666133926E0
1.132366663E1,-2.203799500E0,-1.220949499E0,-1.552504899E0,2.959344754E0
1.133374563E1,-2.521124969E0,-8.131401211E-1,-1.261112854E0,2.933883706E0
1.134382562E1,-2.567125892E0,-4.911275232E-1,-2.075644612E-2,2.613765946E0
1.135390462E1,-2.197767220E0,-2.698343843E-1,1.791872805E0,2.848473187E0
1.136399071E1,-1.995190726E0,2.468519032E-2,2.985511129E0,3.590915216E0
1.137406971E1,-1.838288003E0,3.596177959E-1,2.646978393E0,3.242702939E0
1.138414971E1,-1.667180639E0,3.486443263E-1,1.602383841E0,2.338520499E0
1.139422871E1,-1.804526472E0,2.271625739E-1,1.181587797E0,2.168886430E0
1.140430771E1,-1.960676073E0,8.982258797E-2,1.175437696E0,2.287787695E0
1.141438771E1,-1.949290667E0,-6.153200448E-2,1.241801255E0,2.312053341E0
1.142446671E1,-1.857856879E0,-2.036006337E-1,1.408517067E0,2.340300351E0
1.143454671E1,-1.686502470E0,-2.851640296E-1,1.585453813E0,2.332224882E0
1.144462571E1,-1.425973637E0,-2.423629957E-1,1.909341613E0,2.395355095E0
1.145470571E1,-1.159123380E0,-7.832053006E-2,2.115811476E0,2.413785267E0
1.146478471E1,-9.452295998E-1,6.746575892E-2,2.086894655E0,2.291972933E0
1.147486471E1,-7.876181942E-1,1.234423238E-1,1.766736209E0,1.938282038E0
1.148494371E1,-6.672722635E-1,1.930598581E-1,1.210220297E0,1.395405873E0
1.149502371E1,-4.942902821E-1,2.402147287E-1,9.727896468E-1,1.117293916E0
1.150510271E1,-2.695867547E-1,2.901616448E-1,1.142855841E0,1.209541348E0
1.151518271E1,-2.357790309E-1,4.454432273E-1,1.603062118E0,1.680422440E0
1.152526171E1,-4.518661013E-1,7.592176831E-1,2.181461820E0,2.353586654E0
1.153534071E1,-9.803810138E-1,1.401493977E0,2.335901842E0,2.895128618E0
1.154542071E1,-1.603937154E0,2.129420285E0,2.137420592E0,3.416959457E0
1.155549971E1,-2.220393605E0,2.534066904E0,1.714458593E0,3.780345368E0
1.156557971E1,-2.834939771E0,2.678493716E0,1.486907033E0,4.173979470E0
1.157565871E1,-3.370850827E0,2.774918395E0,1.766905925E0,4.710070481E0
1.158573871E1,-3.850116103E0,2.961393703E0,2.147102265E0,5.310677434E0
1.159581771E1,-4.116077877E0,3.253428796E0,2.432858179E0,5.783225306E0
1.160589771E1,-4.133895220E0,3.445391132E0,2.604492524E0,5.978560951E0
1.161597671E1,-4.271232282E0,3.583471375E0,2.626493257E0,6.163047877E0
1.162605671E1,-4.420350607E0,3.716568621E0,2.476392893E0,6.283701422E0
1.163613571E1,-4.662587011E0,3.555709965E0,2.483528835E0,6.367943660E0
1.164621571E1,-4.812922726E0,3.314429873E0,2.553791317E0,6.377422727E0
1.165629471E1,-4.140399955E0,2.776082575E0,2.346579881E0,5.509626429E0
1.166637471E1,-3.443850683E0,2.110829648E0,1.845036128E0,4.440705759E0
1.167645371E1,-2.640497923E0,1.602445237E0,1.329965572E0,3.362866106E0
1.168653271E1,-2.005766292E0,1.755091479E0,1.494464121E0,3.055628827E0
1.169661271E1,-1.314393560E0,1.592578061E0,2.193462499E0,3.012509427E0
1.170669171E1,-4.137609664E-1,1.111375017E0,2.255984437E0,2.548689535E0
1.171677171E1,4.298030949E-1,1.147932978E0,1.358204116E0,1.829535253E0
1.172685071E1,1.258357938E0,2.169209418E0,2.305943048E-1,2.518354211E0
1.173693071E1,2.112605155E0,3.899923856E0,-7.424466991E-1,4.497080578E0
1.174700971E1,2.978826007E0,5.910326405E0,-1.708454087E0,6.835508611E0
1.175708971E1,4.019376332E0,7.692352499E0,-2.709831868E0,9.092351831E0
1.176716871E1,5.133273545E0,8.514494408E0,-3.314441568E0,1.048010664E1
1.177724871E1,6.307903740E0,8.143095642E0,-3.609846995E0,1.091469888E1
1.178732771E1,7.546181463E0,6.268799901E0,-3.256412045E0,1.033667869E1
1.179740771E1,8.535923284E0,3.436451324E0,-1.494789811E0,9.322316268E0
1.180748671E1,8.366920626E0,6.055990487E-1,1.971094058E0,8.617268868E0
1.181756671E1,6.806092946E0,-1.438436100E0,4.687972405E0,8.388628307E0
1.182764571E1,3.662649984E0,-1.896617487E0,4.665131426E0,6.227006827E0
1.183772571E1,4.000818439E-1,-1.595416299E0,2.918901987E0,3.350433921E0
1.184780471E1,-1.748879836E0,-1.497546773E0,6.831563710E-1,2.401651441E0
1.185788371E1,-2.426786138E0,-1.001653769E0,-2.014647920E-1,2.633095003E0
1.186796371E1,-2.509455974E0,-6.128876030E-1,-7.527737591E-1,2.690663269E0
1.187804271E1,-2.402855677E0,-7.991886646E-1,-1.676560450E0,3.036984173E0
1.188812271E1,-1.968419103E0,-1.170433064E0,-2.535129343E0,3.416353042E0
1.189820171E1,-1.878715359E0,-1.729293564E0,-3.691165393E0,4.488288047E0
1.190828171E1,-1.924690847E0,-1.940661054E0,-6.057054681E0,6.645187099E0
1.191836071E1,-1.827474308E0,-2.018441302E0,-8.460456780E0,8.887806060E0
1.192844071E1,-1.233497039E0,-1.983729306E0,-9.274314355E0,9.563974260E0
1.193851971E1,-1.785119855E-1,-2.567901818E0,-8.307642138E0,8.697292922E0
1.194859971E1,9.103649186E-1,-3.836351758E0,-6.592209399E0,7.681379033E0
1.195867871E1,1.974768448E0,-5.103261541E0,-5.355606903E0,7.656729986E0
1.196875871E1,3.027998167E0,-6.255557712E0,-4.477196068E0,8.267167581E0
1.197883771E1,3.937179683E0,-7.487635632E0,-3.447171609E0,9.135045884E0
1.198891771E1,4.741049336E0,-8.988300725E0,-2.344945731E0,1.042908765E1
1.199899671E1,4.976644764E0,-9.871055456E0,-2.190013227E0,1.126946702E1
1.200907671E1,4.451795763E0,-1.024672503E1,-2.690836018E0,1.149149502E1
1.201915571E1,3.265725490E0,-9.882013139E0,-2.826883770E0,1.078473080E1
1.202923471E1,2.080439768E0,-8.863040501E0,-2.689520980E0,9.492904701E0
1.203931471E1,1.415715136E0,-7.684923611E0,-2.176757881E0,8.111755367E0
1.204939371E1,8.948146141E-1,-6.733167642E0,-1.544374492E0,6.965725537E0
1.205947371E1,5.480171308E-1,-5.946803091E0,-6.966287944E-1,6.012493780E0
1.206955271E1,2.937380943E-1,-4.649627534E0,7.199729258E-1,4.714199751E0
1.207963271E1,-1.769009314E-1,-2.126605436E0,2.850377882E0,3.560673909E0
1.208971171E1,-9.906386380E-1,2.347480499E0,4.769565914E0,5.407475253E0
1.209979171E1,-2.041318094E0,9.138334431E0,7.595213875E0,1.205667490E1
1.210987071E1,-3.313361587E0,1.688069173E1,1.245153697E1,2.123621650E1
1.211995071E1,-3.721985774E0,1.904830837E1,1.241649695E1,2.304041289E1
1.213002971E1,-3.567514031E0,1.332797613E1,9.506052375E0,1.675491378E1
1.214010971E1,-3.743449734E0,8.446247461E0,7.126108720E0,1.166764490E1
1.215018871E1,-2.806082885E0,5.481567623E0,3.155384146E0,6.919402710E0
1.216026871E1,-1.090116295E0,2.050067722E0,-2.507081419E-2,2.322016310E0
1.217034771E1,1.002260710E0,-7.676634014E-1,-8.058793411E-1,1.497756703E0
1.218042771E1,3.078508170E0,-4.322908512E0,-4.832311508E-1,5.329002055E0
1.219050671E1,4.233060197E0,-7.339040340E0,-6.833471364E-1,8.499839707E0
1.220058671E1,4.669310139E0,-8.088930545E0,-1.229693425E0,9.420477719E0
1.221066571E1,5.576368530E0,-6.223644778E0,-1.836098513E0,8.555752337E0
1.222074471E1,7.299968076E0,-1.993898199E0,-2.592908605E0,7.999271152E0
1.223082471E1,9.828709921E0,4.218734518E0,-3.476424352E0,1.124663443E1
1.224090371E1,1.232596217E1,1.051532390E1,-3.799146217E0,1.664136088E1
1.225098371E1,1.134841647E1,1.180018872E1,-3.029895004E0,1.664966288E1
1.226106271E1,4.880988701E0,6.195698011E0,-3.533464525E0,8.642690327E0
1.227114271E1,7.159883407E-1,1.416096813E0,-2.216129231E0,2.725655564E0
1.228122171E1,3.089978653E-1,-4.582357657E-1,-3.216545437E0,3.263682620E0
1.229130171E1,1.635100767E-1,-1.450152166E0,-4.877412544E0,5.091053916E0
1.230138071E1,1.549374738E-1,-1.829266918E0,-6.181900336E0,6.448729708E0
1.231146071E1,2.888632706E-1,-1.613807546E0,-7.307737271E0,7.489381871E0
1.232153971E1,1.095850074E-1,-1.635329393E0,-7.801178538E0,7.971492813E0
1.233161971E1,-1.504874504E-1,-1.558196433E0,-7.462556924E0,7.624983832E0
1.234169871E1,-6.976196051E-2,-1.112925698E0,-6.818922907E0,6.909499254E0
1.235177871E1,3.154681018E-1,-1.872237521E-1,-6.716822920E0,6.726833058E0
1.236185771E1,5.839865702E-1,6.444701689E-1,-6.234201341E0,6.294572938E0
1.237193571E1,1.974853233E-1,9.999960834E-1,-4.596568730E0,4.708230741E0
1.238201471E1,-1.139796578E0,1.714146937E0,-5.055789167E-1,2.119680636E0
1.239209471E1,-4.439467202E0,2.889158955E0,1.191063210E1,1.303530842E1
1.240217371E1,-3.210731550E0,1.349825640E0,1.465896964E1,1.506705735E1
1.241225371E1,1.044417673E0,-2.147933739E-1,3.443024763E0,3.604353478E0
1.242233271E1,8.764102104E-1,-1.456764198E0,-6.761645629E-1,1.829605231E0
1.243241271E1,-8.974210104E-1,-2.781992356E0,-1.635411254E0,3.349539656E0
1.244249171E1,-2.200386772E0,-2.963785214E0,-1.378806780E0,3.940410243E0
1.245257071E1,-2.962232194E0,-2.964262932E0,-8.779091442E-1,4.281635058E0
1.246265071E1,-3.461169843E0,-3.059614647E0,-1.112480140E0,4.751689229E0
1.247272971E1,-3.946256608E0,-3.124435710E0,-9.838788182E-1,5.128650627E0
1.248280971E1,-4.279056149E0,-2.872947550E0,1.692558066E-1,5.156820404E0
1.249288871E1,-4.242174836E0,-1.840618118E0,1.851379334E0,4.981117127E0
1.250296871E1,-3.814741910E0,4.845002890E-3,2.826751038E0,4.747925942E0
1.251304771E1,-3.260559475E0,9.238080329E-1,2.528523159E0,4.228250080E0
1.252312771E1,-2.913026412E0,1.028563825E0,1.493856010E0,3.431511650E0
1.253320671E1,-2.535819899E0,9.053641605E-1,8.155661309E-1,2.813399179E0
1.254328671E1,-2.298560938E0,7.701087070E-1,8.672496700E-1,2.574601289E0
1.255336571E1,-1.574849010E0,9.035819292E-2,1.067108670E0,1.904477599E0
1.256344571E1,-7.569220662E-1,-5.368936801E-1,9.014265724E-1,1.293737108E0
1.257352471E1,-1.402033675E-1,-8.742172122E-1,9.020089551E-1,1.263935470E0
1.258360471E1,5.108899426E-1,-1.060089088E0,1.363394104E0,1.801011075E0
1.259368371E1,1.064982623E0,-1.068172279E0,1.460815734E0,2.099800613E0
1.260376371E1,1.363639687E0,-9.196418917E-1,1.219294079E0,2.047420928E0
1.261384271E1,1.380350737E0,-7.355575097E-1,1.148327665E0,1.940378683E0
1.262392271E1,1.099559840E0,-3.079488748E-1,8.265425241E-1,1.409622962E0
1.263400171E1,5.629585209E-1,2.070826507E-1,6.422698617E-2,6.032666295E-1
1.264408171E1,-2.378618091E-2,6.883237016E-1,-4.123655283E-1,8.027456818E-1
1.265416071E1,-8.307156819E-1,1.238388820E0,-1.959320104E-1,1.504022861E0
1.266424071E1,-1.909559422E0,1.614831979E0,5.962675504E-1,2.570920943E0
1.267431971E1,-3.026999170E0,1.684086401E0,1.631823403E0,3.829062366E0
1.268439971E1,-3.947455872E0,2.023844714E0,2.348086562E0,5.019149907E0
1.269447871E1,-4.818551840E0,2.941987964E0,2.384998573E0,6.128780728E0
1.270455771E1,-5.638176523E0,3.761896237E0,2.251052896E0,7.141998106E0
1.271463771E1,-6.181016822E0,4.246201814E0,2.375918870E0,7.866396206E0
1.272471671E1,-6.737191111E0,4.409356087E0,2.802071402E0,8.525477659E0
1.273479671E1,-7.045779671E0,4.356892530E0,3.019168872E0,8.817080263E0
1.274487571E1,-6.920353972E0,4.413484806E0,2.667189878E0,8.630414189E0
1.275495571E1,-6.358219031E0,4.551330577E0,2.684171362E0,8.267184234E0
1.276503471E1,-5.284964937E0,4.357674302E0,2.806962891E0,7.402649551E0
1.277511471E1,-3.942457672E0,3.431886987E0,1.642544857E0,5.478939167E0
1.278519371E1,-3.142567341E0,2.897487144E0,9.567784354E-2,4.275548561E0
1.279527371E1,-2.157829860E0,2.672192171E0,-2.466694701E-1,3.443499169E0
1.280535271E1,-7.734477594E-1,2.392934414E0,3.738989624E-1,2.542470645E0
1.281543271E1,7.217346919E-1,2.202714549E0,7.599906850E-1,2.439352002E0
1.282551171E1,1.984693804E0,2.418632342E0,5.098655105E-1,3.169977088E0
1.283559171E1,2.921085630E0,2.784442340E0,9.531253874E-2,4.036699751E0
1.284567071E1,3.494347529E0,2.760031384E0,-4.622264904E-1,4.476817086E0
1.285575071E1,4.210116892E0,3.352131550E0,-6.399093407E-1,5.419534495E0
1.286582971E1,5.314324976E0,4.576188844E0,-4.644402462E-1,7.028460645E0
1.287590971E1,6.473171198E0,5.759072385E0,-3.839451367E-1,8.672731632E0
1.288598871E1,7.627722639E0,6.429939224E0,-8.008293933E-1,1.000837643E1
1.289606871E1,8.738289571E0,6.095084971E0,-9.597700171E-1,1.069714560E1
1.290614771E1,9.476446753E0,4.662804235E0,-8.856803861E-1,1.059854783E1
1.291622771E1,9.469921260E0,2.311003813E0,-9.041479397E-1,9.789669596E0
1.292630671E1,8.323743616E0,-3.366119260E-1,-5.830954546E-1,8.350929031E0
1.293638671E1,5.549695287E0,-2.262207044E0,8.119477277E-1,6.047806015E0
1.294646571E1,2.003636005E0,-2.831713570E0,1.952881004E0,3.980816901E0
1.295654571E1,-5.985639712E-1,-2.933073299E0,3.077782531E0,4.293476809E0
1.296662471E1,-2.104628968E0,-3.058795452E0,2.637103615E0,4.554119913E0
1.297670471E1,-2.803541100E0,-2.860705234E0,4.052656929E-1,4.025880950E0
1.298678371E1,-2.935494046E0,-1.818011613E0,-1.493540407E0,3.762041263E0
1.299686271E1,-2.649644138E0,-9.710365784E-1,-2.562215985E0,3.811623912E0
1.300694271E1,-2.372661533E0,-3.094802606E-1,-4.132182863E0,4.774959266E0
1.301702171E1,-2.307478381E0,-1.796861064E-1,-5.382759619E0,5.859252912E0
1.302710171E1,-2.081664028E0,-5.691159314E-1,-5.872489657E0,6.256464884E0
1.303718071E1,-1.792915802E0,-9.479307210E-1,-6.400255834E0,6.713895625E0
1.304726071E1,-1.222714116E0,-1.265476046E0,-7.399160242E0,7.605526393E0
1.305733971E1,-1.672775108E-1,-2.062177305E0,-6.811172422E0,7.118470817E0
1.306741971E1,9.745020770E-1,-3.191638929E0,-5.141753177E0,6.129750328E0
1.307749871E1,2.095040704E0,-4.229886328E0,-3.615376123E0,5.945761381E0
1.308757871E1,3.063746874E0,-5.356374643E0,-2.876509674E0,6.808201093E0
1.309765771E1,3.974532866E0,-6.729806662E0,-2.584211456E0,8.231971699E0
1.310773771E1,4.774914070E0,-8.274324703E0,-1.795395167E0,9.720478253E0
1.311781671E1,5.106735372E0,-9.459741842E0,-1.638276390E0,1.087425452E1
1.312789671E1,4.410435191E0,-9.873575606E0,-1.712757638E0,1.094865163E1
1.313797571E1,2.744368739E0,-9.187942793E0,-1.795591634E0,9.755716369E0
1.314805571E1,1.408088174E0,-8.209826991E0,-1.507347583E0,8.464990742E0
1.315813471E1,7.244961856E-1,-7.602241058E0,-1.108216058E0,7.716677178E0
1.316821471E1,1.923369960E-1,-7.027590153E0,-9.038918316E-1,7.088091232E0
1.317829371E1,-1.223820774E-1,-6.500933193E0,-5.579328391E-1,6.525978762E0
1.318837371E1,-2.351859771E-1,-5.870909155E0,2.910936910E-1,5.882824346E0
1.319845271E1,-2.522168697E-1,-4.372836133E0,2.111768711E0,4.862599745E0
1.320853271E1,-1.789401479E-1,-9.559495926E-1,4.432732671E0,4.538169029E0
1.321861171E1,-7.038369495E-1,4.948769917E0,5.482186843E0,7.418900372E0
1.322869171E1,-1.802401886E0,1.195064928E1,6.050528018E0,1.351575229E1
1.323877071E1,-2.052143337E0,1.835718853E1,9.284330635E0,2.067356908E1
1.324885071E1,-2.298030888E0,1.861119041E1,1.173593718E1,2.212215125E1
1.325892971E1,-3.524462444E0,1.231190196E1,1.217679151E1,1.767141808E1
1.326900971E1,-4.372606922E0,7.682260205E0,9.102132565E0,1.268801129E1
1.327908871E1,-3.206825025E0,3.042608020E0,4.169074993E0,6.076378576E0
1.328916871E1,-1.365769682E0,-1.050876215E0,8.906256688E-1,1.939814869E0
1.329924771E1,6.800922838E-1,-4.564941140E0,-1.083394920E0,4.740776063E0
1.330932771E1,2.640573353E0,-6.694173730E0,-2.720435793E0,7.693202224E0
1.331940671E1,4.238049626E0,-6.892779087E0,-4.390132197E0,9.205690027E0
1.332948671E1,5.942971410E0,-5.095866567E0,-4.727373283E0,9.145207675E0
1.333956571E1,8.789237530E0,-5.302541667E-1,-4.553861836E0,9.913098581E0
1.334964571E1,1.198248386E1,5.511293113E0,-6.740381936E0,1.481171900E1
1.335972471E1,1.540615960E1,1.139587130E1,-5.212653590E0,1.985918916E1
1.336980421E1,1.176491832E1,1.138417336E1,1.251849110E0,1.641888646E1
1.337988321E1,2.086985433E0,4.085895719E0,2.840166597E0,5.395979830E0
1.338996321E1,-1.694463162E-1,-5.128224474E-1,1.409725687E-1,5.581865116E-1
1.340004221E1,2.519078444E-1,-2.405380213E0,-2.466381582E0,3.454323326E0
1.341012221E1,6.435151725E-1,-3.144374131E0,-5.111437118E0,6.035560443E0
1.342020121E1,9.781792447E-1,-3.081951011E0,-6.877359980E0,7.599561629E0
1.343028121E1,7.971567571E-1,-2.904928896E0,-7.510866619E0,8.092415471E0
1.344036021E1,5.814497557E-1,-2.572160345E0,-7.897344185E0,8.325991703E0
1.345043921E1,4.655260742E-1,-2.197542686E0,-7.803652495E0,8.120523422E0
1.346051921E1,5.741442445E-1,-1.452419717E0,-7.043091706E0,7.214173925E0
1.347059821E1,1.052880348E0,-6.029982072E-1,-6.312181563E0,6.427736768E0
1.348067821E1,1.604059069E0,-2.617856920E-2,-5.942608298E0,6.155345985E0
1.349075721E1,1.764554906E0,2.194927812E-2,-4.734413331E0,5.052603821E0
1.350083721E1,1.358678910E0,3.119811147E-1,-2.876433075E0,3.196436740E0
1.351091621E1,6.046254873E-2,1.063669338E0,9.892272663E-1,1.453829001E0
1.352099621E1,-1.809095778E0,4.718387282E-1,9.561595661E0,9.742667546E0
1.353107521E1,-2.240044343E0,-1.001261421E0,1.441222650E1,1.461959629E1
1.354115521E1,-6.965349466E-2,-1.654742149E0,5.344501871E0,5.595241143E0
1.355123421E1,7.521507382E-1,-1.668759094E0,-8.422616670E-1,2.014917458E0
1.356131421E1,-1.470121577E-1,-2.088429549E0,-3.205898534E0,3.828960168E0
1.357139321E1,-1.048322151E0,-1.991680350E0,-3.634546804E0,4.275008821E0
1.358147321E1,-1.815285933E0,-1.331380599E0,-3.018885866E0,3.765834462E0
1.359155221E1,-2.379379984E0,-6.695289963E-1,-2.152009833E0,3.277325816E0
1.360163221E1,-2.702367020E0,-2.973607367E-1,-1.565453997E0,3.137173431E0
1.361171121E1,-2.874818074E0,4.855177045E-2,-6.957765627E-1,2.958215891E0
1.362179121E1,-2.975639275E0,3.795445222E-1,1.040434915E0,3.175057157E0
1.363187021E1,-2.767204163E0,4.458063394E-1,2.988934089E0,4.097546725E0
1.364195021E1,-2.461868409E0,5.556749368E-1,3.407586544E0,4.240426482E0
1.365202921E1,-2.191417436E0,5.379637206E-1,2.692936338E0,3.513349038E0
1.366210921E1,-2.202718057E0,3.839620936E-1,2.316651639E0,3.219669011E0
1.367218821E1,-2.282636923E0,1.868822747E-1,1.998002944E0,3.039304538E0
1.368226821E1,-2.372931382E0,-1.267992103E-1,1.492727498E0,2.806263845E0
1.369234721E1,-2.380012068E0,-5.803332299E-1,1.343078538E0,2.793761632E0
1.370242721E1,-2.260592336E0,-9.054097688E-1,1.610424932E0,2.919505612E0
1.371250621E1,-1.989839939E0,-1.020937302E0,1.997342209E0,2.998524946E0
1.372258621E1,-1.561441930E0,-8.609463716E-1,2.150987009E0,2.793935337E0
1.373266521E1,-1.052788839E0,-3.370001811E-1,2.054702225E0,2.333181239E0
1.374274521E1,-6.325207990E-1,6.298766881E-1,1.830578449E0,2.036625803E0
1.375282421E1,-3.269897479E-1,1.344991162E0,1.686618830E0,2.181881436E0
1.376290421E1,-2.374484110E-1,1.793197199E0,1.868973606E0,2.600961415E0
1.377298321E1,-6.079443669E-1,2.298056324E0,2.390069278E0,3.370918328E0
1.378306321E1,-1.425287174E0,2.795837393E0,2.918934731E0,4.285829001E0
1.379314221E1,-2.425306354E0,3.035739296E0,3.463242681E0,5.204985481E0
1.380322221E1,-3.151629649E0,2.901362094E0,3.792423381E0,5.721288888E0
1.381330121E1,-3.777222374E0,2.709451799E0,3.780109144E0,5.991474197E0
1.382338121E1,-4.651329366E0,2.718655901E0,3.749777298E0,6.564052450E0
1.383346021E1,-5.475567210E0,2.812586158E0,3.852876574E0,7.262033810E0
1.384354021E1,-5.993265066E0,2.942893698E0,3.716052897E0,7.641262893E0
1.385361921E1,-5.957373102E0,3.143190655E0,3.270765206E0,7.487846606E0
1.386369921E1,-5.259548260E0,3.397019455E0,2.790555604E0,6.854909894E0
1.387377821E1,-4.271403021E0,3.528346165E0,2.686665784E0,6.157295142E0
1.388385821E1,-3.520562351E0,3.560184254E0,3.211242889E0,5.948222599E0
1.389393721E1,-2.880943325E0,2.898073620E0,3.086027105E0,5.120764439E0
1.390401721E1,-2.259526973E0,1.879482806E0,1.496571457E0,3.298127331E0
1.391409621E1,-1.497710495E0,1.635715309E0,5.406916659E-2,2.218473524E0
1.392417621E1,-6.593066016E-1,2.290499382E0,3.063005904E-2,2.383696880E0
1.393425521E1,-1.612512973E-1,2.528264712E0,1.302064413E0,2.848419943E0
1.394433521E1,5.722760591E-1,2.616106263E0,1.944067642E0,3.309216050E0
1.395441421E1,1.808337395E0,3.778387724E0,7.706582721E-1,4.259132787E0
1.396449421E1,2.920382794E0,5.805741352E0,-1.133498030E0,6.596975526E0
1.397457321E1,3.908528326E0,7.595310354E0,-2.703218082E0,8.959504509E0
1.398465321E1,5.052276160E0,8.675926092E0,-3.911991339E0,1.077501110E1
1.399473221E1,6.020067533E0,8.837118040E0,-5.031774652E0,1.181755578E1
1.400481221E1,6.656416504E0,8.085839122E0,-5.054800987E0,1.162925999E1
1.401489121E1,6.541604671E0,6.503548068E0,-3.702571557E0,9.939706498E0
1.402497121E1,5.699573457E0,4.186494725E0,-6.478393346E-1,7.101518956E0
1.403505021E1,4.077809897E0,1.583205559E0,4.498320304E0,6.274548506E0
1.404513021E1,1.435626952E0,8.843562841E-1,7.239251758E0,7.433026086E0
1.405520921E1,-5.568088581E-1,1.525036873E0,6.611633264E0,6.808044359E0
1.406528921E1,-1.503466202E0,2.349193733E0,3.855037705E0,4.758196877E0
1.407536821E1,-1.523576238E0,3.135318548E0,3.487542540E-1,3.503303652E0
1.408544821E1,-9.704903023E-1,3.260581110E0,-1.926687671E0,3.909650366E0
1.409552721E1,-1.869574846E-1,2.812798997E0,-3.629031710E0,4.595286982E0
1.410560721E1,3.652373356E-1,1.859905159E0,-4.798785328E0,5.159552900E0
1.411568621E1,5.815445537E-1,6.618872702E-1,-6.677810297E0,6.735684018E0
1.412576621E1,8.638709296E-1,4.336879849E-3,-9.314340300E0,9.354315957E0
1.413584521E1,1.365452032E0,-8.161976302E-1,-1.028487226E1,1.040717230E1
1.414592521E1,2.076627529E0,-2.041423198E0,-1.036298405E1,1.076434991E1
1.415600421E1,3.070364168E0,-3.486466067E0,-9.672010388E0,1.072988195E1
1.416608421E1,4.191418958E0,-4.959345192E0,-7.500443373E0,9.920672780E0
1.417616321E1,5.027460576E0,-6.237213242E0,-5.341657786E0,9.628680947E0
1.418624321E1,5.465840367E0,-7.303013890E0,-3.609796125E0,9.810201367E0
1.419632221E1,5.174430926E0,-8.022542428E0,-2.289305381E0,9.817170750E0
1.420640221E1,4.103079224E0,-8.036987389E0,-1.631418775E0,9.170057395E0
1.421648121E1,2.814370436E0,-7.805499630E0,-1.857158722E0,8.502678633E0
1.422656121E1,1.799408258E0,-6.979166436E0,-2.427276866E0,7.605150045E0
1.423664021E1,1.016351550E0,-6.263876545E0,-2.796429132E0,6.934633064E0
1.424672021E1,3.698602905E-1,-5.719025390E0,-3.028841920E0,6.482123990E0
1.425679921E1,-9.439693786E-2,-5.571055750E0,-2.820914932E0,6.245248915E0
1.426687921E1,-4.806786219E-1,-5.285887628E0,-2.610155552E0,5.914775732E0
1.427695821E1,-5.863753040E-1,-4.991742859E0,-2.552403188E0,5.637028899E0
1.428703821E1,-3.118769612E-1,-4.736791978E0,-2.605315812E0,5.414991778E0
1.429711721E1,2.275999457E-1,-4.703696153E0,-2.537201596E0,5.349200984E0
1.430719721E1,6.437518385E-1,-4.991105513E0,-2.102756397E0,5.454093429E0
1.431727621E1,7.909674793E-1,-5.166196293E0,-1.450224087E0,5.423869798E0
1.432735621E1,6.557912555E-1,-5.156718541E0,-8.114023286E-1,5.261195873E0
1.433743521E1,2.864249817E-1,-5.024311266E0,2.445504391E-1,5.038407277E0
1.434751521E1,-5.419199467E-2,-4.724616321E0,1.467140667E0,4.947467826E0
1.435759421E1,-3.725940831E-1,-4.023842728E0,2.094994803E0,4.551828190E0
1.436767525E1,-6.272485109E-1,-2.416715040E0,2.967023402E0,3.877780312E0
1.437775425E1,-1.019837440E0,-1.502523923E-1,4.068313434E0,4.196881983E0
1.438783425E1,-1.155653203E0,2.109871874E0,3.930819374E0,4.608517614E0
1.439791325E1,-5.248957783E-1,4.903128891E0,2.781869272E0,5.661712210E0
1.440799325E1,4.878220922E-1,9.153323768E0,1.490022576E0,9.286628757E0
1.441807225E1,1.537907910E0,1.379327767E1,2.617771258E0,1.412346969E1
1.442815225E1,2.117253399E0,1.410859228E1,4.284637609E0,1.489608195E1
1.443823125E1,2.721661077E0,8.763216251E0,3.635495515E0,9.870067159E0
1.444831125E1,4.778114251E0,3.919988576E0,3.729382502E0,7.218377940E0
1.445839025E1,8.012227939E0,4.069923465E0,6.040483671E0,1.082808924E1
1.446847025E1,1.071387429E1,6.649931942E0,6.997907932E0,1.442149134E1
1.447854925E1,1.154187160E1,8.962369493E0,2.478941109E0,1.482174133E1
1.448862925E1,7.559239465E0,7.265013421E0,-2.287710553E0,1.073108293E1
1.449870825E1,3.826061243E-1,2.355463702E0,-4.482030254E0,5.077715224E0
1.450878825E1,-1.442687026E0,1.855613887E-1,-4.223574843E0,4.467030708E0
1.451886725E1,-1.476041006E0,-2.594280946E0,-5.356099239E0,6.131622113E0
1.452894725E1,-2.064788672E0,-4.993847857E0,-6.602877644E0,8.532283508E0
1.453902625E1,-2.300780834E0,-6.094344129E0,-7.927171417E0,1.026034451E1
1.454910625E1,-2.104498867E0,-5.346473553E0,-9.227445413E0,1.087011701E1
1.455918525E1,-1.727944904E0,-3.342545040E0,-9.462685915E0,1.018336023E1
1.456926525E1,-1.489642507E0,-1.370726513E0,-8.638177053E0,8.872205406E0
1.457934425E1,-8.920965359E-1,4.179344165E-1,-7.660731926E0,7.723815058E0
1.458942425E1,-8.492846847E-2,1.337743539E0,-6.630909196E0,6.765037131E0
1.459950325E1,9.144720760E-1,1.246339864E0,-5.267250212E0,5.489403158E0
1.460958325E1,1.712505038E0,6.382651037E-1,-3.297309811E0,3.769921463E0
1.461966225E1,1.928790329E0,8.694108009E-1,-1.064843313E0,2.368543552E0
1.462974225E1,1.391048803E0,1.776720330E0,5.066681360E0,5.546441373E0
1.463982125E1,-4.865482762E-1,7.147770900E-1,1.763307285E1,1.765425993E1
1.464990125E1,2.814054394E-1,-8.410787022E-1,1.004173919E1,1.008082975E1
1.465998025E1,2.255632435E0,-1.718063986E-1,-5.673706106E-1,2.332231663E0
1.467006025E1,1.776568887E0,-1.061251515E0,-3.354105570E0,3.941126231E0
1.468013925E1,8.724074990E-2,-2.120507959E0,-4.256206400E0,4.755991786E0
1.469021925E1,-1.240447040E0,-2.368854995E0,-4.092560375E0,4.888684207E0
1.470029825E1,-2.006484623E0,-2.276642650E0,-3.440362526E0,4.587502219E0
1.471037825E1,-2.553661509E0,-1.974616420E0,-2.623274365E0,4.159551118E0
1.472045725E1,-2.982802114E0,-1.109566473E0,-1.916586313E0,3.715043648E0
1.473053725E1,-3.002902210E0,-2.495655960E-1,-8.005826408E-1,3.117793648E0
1.474061625E1,-2.276030155E0,-1.850450796E-1,1.310042939E0,2.632635077E0
1.475069625E1,-1.358720132E0,-3.612000525E-1,3.390897421E0,3.670799803E0
1.476077525E1,-1.143277425E0,-2.246090949E-2,3.504370826E0,3.686217933E0
1.477085525E1,-1.302678663E0,5.588289249E-1,2.311400839E0,2.711426803E0
1.478093425E1,-1.687329267E0,7.608432090E-1,1.669840829E0,2.492855960E0
1.479101425E1,-2.079914249E0,6.981107712E-1,1.597432419E0,2.713888772E0
1.480109325E1,-2.171808213E0,5.352932972E-1,1.835981276E0,2.893806676E0
1.481117325E1,-2.115610039E0,2.872339439E-1,2.181630074E0,3.052510271E0
1.482125225E1,-1.765059520E0,2.979039431E-2,2.930316921E0,3.420976445E0
1.483133225E1,-1.210961285E0,-2.692876697E-1,3.638228796E0,3.843911010E0
1.484141125E1,-7.740833518E-1,-3.078447944E-1,3.265779870E0,3.370354820E0
1.485149125E1,-5.991975170E-1,3.368639410E-2,2.258237808E0,2.336623726E0
1.486157025E1,-9.142843804E-1,6.302614349E-1,1.239569957E0,1.664235285E0
1.487165025E1,-1.605667930E0,1.381319329E0,1.198350815E0,2.433568833E0
1.488172925E1,-2.296030556E0,2.420234479E0,1.615610243E0,3.706681495E0
1.489180925E1,-2.564534991E0,3.031583680E0,1.672073296E0,4.308499557E0
1.490188825E1,-2.724628247E0,3.041221061E0,1.870646055E0,4.491318436E0
1.491196825E1,-3.017164446E0,2.860090107E0,2.314043781E0,4.757961258E0
1.492204725E1,-3.651419237E0,2.853210858E0,2.604777868E0,5.315876446E0
1.493212725E1,-4.347678195E0,2.947444001E0,2.929163851E0,6.014127758E0
1.494220625E1,-5.020295398E0,3.155965067E0,3.049483176E0,6.668045368E0
1.495228625E1,-5.517157871E0,3.371874674E0,2.896462712E0,7.085059353E0
1.496236525E1,-5.692725198E0,3.621237956E0,2.879138582E0,7.335524759E0
1.497244525E1,-5.604819912E0,3.838012952E0,3.124217609E0,7.476970331E0
1.498252425E1,-5.124104526E0,3.674812485E0,3.039606060E0,6.999992785E0
1.499260425E1,-4.434758439E0,2.910118884E0,2.986932002E0,6.087498429E0
1.500268325E1,-3.142125877E0,1.504134246E0,2.336859616E0,4.194792929E0
1.501276325E1,-2.233111007E0,8.575111324E-1,1.318983332E0,2.731634518E0
1.502284225E1,-1.806554871E0,3.523801124E-1,5.406885231E-1,1.918373354E0
1.503292225E1,-1.160274404E0,-7.613776445E-2,-2.555585900E-2,1.163050624E0
1.504300125E1,-6.700932527E-1,-3.456102061E-1,9.640772223E-2,7.601090913E-1
1.505308125E1,-3.362748340E-1,-3.453312939E-1,4.358601890E-1,6.498527302E-1
1.506316025E1,1.764558122E-1,7.268708861E-1,4.863538198E-1,8.921983954E-1
1.507324025E1,8.209262735E-1,2.811150082E0,1.233615591E-1,2.931160658E0
1.508331925E1,1.650657284E0,5.195352264E0,-6.185746050E-1,5.486254566E0
1.509339925E1,2.626806668E0,7.594156113E0,-1.711958908E0,8.215967603E0
1.510347825E1,3.676134248E0,9.348633050E0,-2.518406891E0,1.035631576E1
1.511355825E1,4.745286520E0,1.011585148E1,-2.824349002E0,1.152497907E1
1.512363825E1,5.972634920E0,9.312928197E0,-2.756599068E0,1.140183485E1
1.513371725E1,7.232944951E0,6.416863680E0,-1.839691481E0,9.842565565E0
1.514379625E1,7.908510613E0,2.694416268E0,9.354811218E-1,8.407112707E0
1.515387625E1,7.243682778E0,-3.570017517E-1,4.649852067E0,8.615074851E0
1.516395625E1,4.815768566E0,-2.143325549E0,6.173092090E0,8.117421835E0
1.517403525E1,1.325422286E0,-2.056131869E0,4.797234061E0,5.384967701E0
1.518411525E1,-1.061020550E0,-1.057759557E0,2.602157730E0,3.002639629E0
1.519419425E1,-2.055901927E0,-3.737119246E-1,8.153215711E-1,2.243020865E0
1.520427425E1,-2.208280367E0,1.715339184E-2,-8.051950707E-1,2.350560682E0
1.521435325E1,-1.994552210E0,7.826965928E-2,-2.558912893E0,3.245365904E0
1.522443325E1,-1.529315280E0,-2.689543784E-1,-3.461745501E0,3.794051080E0
1.523451225E1,-9.681720275E-1,-8.708626646E-1,-3.852431601E0,4.066569573E0
1.524459225E1,-7.922165177E-1,-1.362921649E0,-5.509561168E0,5.730656742E0
1.525467125E1,-1.106595502E0,-1.375231792E0,-6.790564495E0,7.016237044E0
1.526475125E1,-7.612817502E-1,-1.359530849E0,-7.124923489E0,7.293312605E0
1.527483025E1,4.817056853E-2,-1.764134198E0,-7.459287161E0,7.665210683E0
1.528491025E1,9.852603690E-1,-3.098155984E0,-6.157021018E0,6.962629986E0
1.529498925E1,2.257464660E0,-4.580046837E0,-4.733277801E0,6.962535060E0
1.530506925E1,3.629797403E0,-6.130806781E0,-3.915567496E0,8.129814868E0
1.531514825E1,4.844427524E0,-7.827210342E0,-2.909744078E0,9.654030783E0
1.532522825E1,5.602020265E0,-9.146432240E0,-2.588702118E0,1.103364094E1
1.533530725E1,5.992092115E0,-1.001098284E1,-2.920593587E0,1.202725289E1
1.534538725E1,5.472784520E0,-1.038272542E1,-3.053475071E0,1.212749222E1
1.535546625E1,4.199580209E0,-1.003503594E1,-3.397081728E0,1.139642859E1
1.536554625E1,2.945884841E0,-8.856715568E0,-3.708464381E0,1.004352310E1
1.537562138E1,1.794157312E0,-7.023770167E0,-3.018275417E0,7.852536807E0
1.538570137E1,8.846015748E-1,-5.617689049E0,-2.093559312E0,6.060028118E0
1.539578037E1,3.114515032E-1,-4.842053554E0,-1.076663898E0,4.970079457E0
1.540586038E1,-1.956573375E-1,-4.442881098E0,3.061216199E-1,4.457710701E0
1.541593938E1,-8.023354898E-1,-3.845449440E0,1.840969243E0,4.338247502E0
1.542601938E1,-1.220166995E0,-2.419188997E0,3.894824791E0,4.744569849E0
1.543609838E1,-1.848964141E0,1.220039088E-1,5.569063604E0,5.869243799E0
1.544617838E1,-3.105822853E0,2.864522882E0,5.961491881E0,7.306915381E0
1.545625738E1,-3.843660777E0,6.118702460E0,6.731670170E0,9.875607892E0
1.546633737E1,-3.568425905E0,1.113872362E1,7.579071466E0,1.393725768E1
1.547641637E1,-2.867569281E0,1.533584800E1,8.555482221E0,1.779346688E1
1.548649638E1,-2.247131607E0,1.412192042E1,8.863378471E0,1.682372476E1
1.549657538E1,-1.359685508E0,7.681726938E0,6.592666651E0,1.021376165E1
1.550665538E1,-2.555414504E-1,1.952844898E0,3.350057251E0,3.886101930E0
1.551673438E1,2.386745721E-1,-2.764005151E0,6.658510977E-1,2.853076885E0
1.552681438E1,1.260689662E0,-5.369678228E0,-5.549338022E-1,5.543530844E0
1.553689338E1,2.020029552E0,-5.877456282E0,-2.689942271E0,6.772060334E0
1.554697337E1,2.971867821E0,-3.441420872E0,-5.172530581E0,6.886976737E0
1.555705237E1,5.772841993E0,2.958100551E-1,-4.960988844E0,7.617389223E0
1.556713237E1,1.108515728E1,5.383400474E0,-2.998258936E0,1.268271537E1
1.557721238E1,1.842514487E1,1.032150507E1,2.769360616E0,2.129997156E1
1.558729138E1,1.552592695E1,9.943337567E0,-2.352095706E0,1.858646615E1
1.559737138E1,6.039567413E0,5.918011401E0,-6.204236115E0,1.048769657E1
1.560745038E1,1.711718296E0,4.154870644E0,-4.590515692E0,6.423843391E0
1.561753037E1,1.636366689E-1,2.361450081E0,-5.772889355E0,6.239348921E0
1.562760937E1,-1.094900779E0,-3.658971208E-1,-6.683421870E0,6.782390162E0
1.563768937E1,-1.826390673E0,-2.409225342E0,-6.783528541E0,7.426730714E0
1.564776837E1,-2.177892534E0,-3.521666890E0,-6.852417512E0,8.006308721E0
1.565784838E1,-2.485399067E0,-3.908177785E0,-6.857043829E0,8.274666893E0
1.566792738E1,-2.393605382E0,-3.434241076E0,-6.412986977E0,7.658313160E0
1.567800738E1,-1.598470592E0,-2.084399064E0,-6.381302669E0,6.900786292E0
1.568808638E1,-6.124806368E-1,-7.472566187E-1,-6.419451658E0,6.491755123E0
1.569816637E1,-7.390471280E-2,7.890174329E-2,-5.545558966E0,5.546612628E0
1.570824538E1,5.324182212E-3,4.637438428E-1,-4.042202400E0,4.068720553E0
1.571832537E1,-3.359506059E-1,8.204883170E-1,-2.195695697E0,2.367940768E0
1.572840437E1,-8.553564334E-1,9.283951735E-1,5.523557063E0,5.665971661E0
1.573848438E1,-4.077549988E-1,-1.760941034E0,1.653947162E1,1.663794755E1
1.574856338E1,1.400376574E0,-2.433236348E0,7.672170834E0,8.169693934E0
1.575864338E1,2.639734862E0,-1.688634365E0,-2.774972335E-1,3.145900646E0
1.576872238E1,2.081428678E0,-2.333951211E0,-2.246222511E0,3.850349226E0
1.577880238E1,4.434294462E-2,-2.478145303E0,-1.956622199E0,3.157774670E0
1.578888138E1,-1.390995886E0,-2.128014615E0,-1.135944432E0,2.784544039E0
1.579896137E1,-2.125771623E0,-1.936097302E0,-7.322462314E-1,2.967079760E0
1.580904037E1,-2.132769570E0,-2.092950032E0,-1.140278973E0,3.198340509E0
1.581912038E1,-1.611645831E0,-2.058557294E0,-1.293496488E0,2.916880797E0
1.582919938E1,-1.032578523E0,-1.651212185E0,3.227195628E-1,1.974048632E0
1.583927938E1,-6.856056234E-1,-2.680427974E-1,2.577403543E0,2.680468436E0
1.584935838E1,-7.494458163E-1,1.170776880E0,3.880601732E0,4.122069545E0
1.585943838E1,-1.376263534E0,1.526113930E0,3.257092077E0,3.851204206E0
1.586951738E1,-2.254762954E0,1.444760449E0,2.482496216E0,3.651585436E0
1.587959737E1,-3.177474634E0,1.266184729E0,2.203192266E0,4.068614627E0
1.588967637E1,-3.995453034E0,7.628324318E-1,1.786013310E0,4.442454480E0
1.589975638E1,-4.370791361E0,1.567334461E-1,1.421356237E0,4.598764622E0
1.590983538E1,-4.232261759E0,-4.162796545E-1,1.593573257E0,4.541453960E0
1.591991538E1,-3.534074682E0,-1.066435071E0,2.116548517E0,4.255202139E0
1.592999538E1,-2.323044400E0,-1.179102731E0,2.380257651E0,3.528802207E0
1.594007438E1,-1.112397110E0,-3.957348776E-1,2.447777935E0,2.717655284E0
1.595015437E1,-2.609974873E-1,6.259362495E-1,1.910104236E0,2.026922315E0
1.596023337E1,7.023850858E-2,1.585206476E0,6.674843712E-1,1.721437889E0
1.597031338E1,-1.310945749E-1,2.315986226E0,8.226857007E-1,2.461257757E0
1.598039238E1,-5.002035713E-1,2.731859499E0,1.276239162E0,3.056476130E0
1.599047238E1,-1.260771376E0,2.857698011E0,9.566186602E-1,3.266665218E0
1.600055138E1,-2.338885384E0,2.920506463E0,1.214028296E0,3.933650664E0
1.601063138E1,-3.426314006E0,2.881259952E0,1.907980527E0,4.866382257E0
1.602071038E1,-4.277116628E0,2.763270741E0,2.544919921E0,5.692627622E0
1.603079037E1,-4.905762477E0,2.983005597E0,3.044018369E0,6.498528734E0
1.604086937E1,-5.238590085E0,3.629787755E0,3.534802076E0,7.287867379E0
1.605094937E1,-5.052732827E0,4.262107995E0,3.726417671E0,7.588271361E0
1.606102837E1,-4.188498274E0,4.208673214E0,3.609637080E0,6.948807658E0
1.607110838E1,-3.316689530E0,3.902510664E0,3.105484300E0,5.989495108E0
1.608118738E1,-2.738099647E0,3.431295834E0,2.380106792E0,4.993584796E0
1.609126738E1,-2.460931393E0,2.588566462E0,1.841792093E0,4.018589026E0
1.610134638E1,-2.198490520E0,1.812629836E0,1.537524186E0,3.237741205E0
1.611142637E1,-1.823810004E0,1.427723417E0,1.078640622E0,2.555023029E0
1.612150537E1,-1.267969591E0,9.546725607E-1,3.876445969E-1,1.633834421E0
1.613158537E1,-8.609077799E-1,5.643405104E-1,2.544825562E-1,1.060379078E0
1.614166437E1,-5.050354180E-1,3.978656030E-1,6.006645834E-1,8.798612125E-1
1.615174438E1,-2.550853676E-1,8.002312231E-1,8.294795805E-1,1.180455391E0
1.616182338E1,6.919975072E-2,2.120159465E0,2.735753964E-1,2.138856765E0
1.617190338E1,6.358747619E-1,4.061857231E0,-8.470644969E-1,4.197682591E0
1.618198238E1,1.338919121E0,6.017484818E0,-2.072911039E0,6.503828728E0
1.619206237E1,2.212106054E0,7.641075926E0,-2.973971064E0,8.492582551E0
1.620214237E1,3.345331531E0,8.599888315E0,-3.250256681E0,9.783327173E0
1.621222137E1,4.599354343E0,8.473287326E0,-2.659126568E0,1.000108057E1
1.622230138E1,6.094625380E0,7.350151219E0,-1.982587929E0,9.751914498E0
1.623238038E1,7.787865597E0,4.808250800E0,-7.991418868E-1,9.187423691E0
1.624246038E1,8.935649471E0,1.466204528E0,1.491584806E0,9.177167996E0
1.625253938E1,8.717763505E0,-1.249435964E0,3.927690821E0,9.642989471E0
1.626261938E1,6.727797559E0,-2.565924289E0,3.934956864E0,8.205553788E0
1.627269838E1,3.795831138E0,-2.574657691E0,2.508186251E0,5.227637566E0
1.628277837E1,1.478569927E0,-2.456297182E0,1.269580207E0,3.135506144E0
1.629285737E1,2.141737153E-1,-2.637140452E0,2.602192229E-1,2.658588759E0
1.630293738E1,-2.194331396E-1,-2.808213025E0,-4.924168342E-1,2.859490451E0
1.631301638E1,-5.132269286E-1,-2.763863649E0,-1.117705797E0,3.025162871E0
1.632309638E1,-9.105678901E-1,-2.485050865E0,-1.891906532E0,3.253294024E0
1.633317538E1,-1.105244357E0,-2.241060004E0,-3.531043193E0,4.325757860E0
1.634325538E1,-1.603178186E0,-1.836378887E0,-5.957971272E0,6.437382185E0
1.635333438E1,-2.293475615E0,-1.414810426E0,-7.279756590E0,7.762510866E0
1.636341437E1,-2.400578333E0,-1.010111766E0,-8.217237167E0,8.620097956E0
1.637349687E1,-2.300406319E0,-5.858600181E-1,-8.607107288E0,8.928459949E0
1.638357687E1,-1.953342642E0,-6.129074836E-1,-7.391579327E0,7.669853193E0
1.639365587E1,-1.037943928E0,-2.198284113E0,-5.500701467E0,6.013941908E0
1.640373588E1,4.567325927E-1,-4.253899673E0,-3.967453349E0,5.834805324E0
1.641381488E1,1.838912485E0,-5.905457429E0,-3.224664588E0,6.975276932E0
1.642389488E1,2.904682143E0,-7.732498897E0,-3.236660151E0,8.871566179E0
1.643397388E1,3.750061765E0,-9.432796703E0,-3.333577750E0,1.068425746E1
1.644405387E1,4.252702748E0,-1.070953916E1,-3.002209607E0,1.190768543E1
1.645413387E1,4.038678868E0,-1.116130089E1,-2.424250347E0,1.211455960E1
1.646421287E1,3.005771731E0,-1.060404721E1,-2.098510149E0,1.121981398E1
1.647429288E1,1.645126842E0,-9.306741843E0,-1.702247560E0,9.603100167E0
1.648437188E1,6.694086899E-1,-7.713988951E0,-7.910163036E-1,7.783279535E0
1.649445188E1,3.074012831E-2,-6.276006594E0,3.028255445E-1,6.283383407E0
1.650453088E1,-3.021848358E-1,-4.504015492E0,1.497267861E0,4.755973326E0
1.651461087E1,-9.768184514E-1,-2.011629295E0,3.072403092E0,3.800064140E0
1.652468988E1,-2.109173424E0,1.093698299E0,4.441060860E0,5.036646708E0
1.653476987E1,-3.005720860E0,6.143464249E0,6.229517137E0,9.251129370E0
1.654484887E1,-3.610978724E0,1.321744153E1,9.543687978E0,1.669796120E1
1.655492888E1,-4.401712607E0,1.880762879E1,1.345666633E1,2.354110964E1
1.656500788E1,-4.835143315E0,1.509492868E1,1.295552837E1,2.047147279E1
1.657508788E1,-4.694228926E0,8.041838239E0,7.971413205E0,1.225766601E1
1.658516688E1,-3.288371172E0,4.043892245E0,2.443327473E0,5.756413692E0
1.659524688E1,-1.363575660E0,1.351412575E0,-1.681926439E0,2.552357944E0
1.660532588E1,1.066996989E0,-8.809941351E-1,-3.330944457E0,3.606913392E0
1.661540587E1,2.637808204E0,-4.085509218E0,-2.650045550E0,5.538245129E0
1.662548487E1,2.800871846E0,-7.206282232E0,-1.601593298E0,7.895599268E0
1.663556488E1,2.786892323E0,-8.888263636E0,-6.698114169E-1,9.338985309E0
1.664564388E1,3.265567323E0,-7.878953522E0,-1.984407583E-1,8.531190848E0
1.665572388E1,4.702967589E0,-4.156132473E0,-7.511245519E-1,6.321038631E0
1.666580288E1,7.014736218E0,1.987771486E0,-1.963219028E0,7.550628361E0
1.667588288E1,1.095330023E1,9.763471366E0,-3.987682961E0,1.520532060E1
1.668596287E1,1.634311042E1,1.712672152E1,-2.669246344E0,2.382323916E1
1.669604187E1,1.297763085E1,1.506231525E1,-5.717275903E-1,1.989017636E1
1.670612188E1,2.682935261E0,5.597008032E0,-3.513515872E-1,6.216758678E0
1.671620088E1,3.092715150E-1,1.113858914E0,-1.617802949E0,1.988370421E0
1.672628088E1,3.251461208E-2,-1.820502527E0,-3.508200168E0,3.952563101E0
1.673635988E1,-7.898316577E-1,-4.565218298E0,-5.273226652E0,7.019399652E0
1.674643988E1,-1.163773378E0,-5.967618594E0,-6.409379829E0,8.834420748E0
1.675651888E1,-1.240726537E0,-5.948396457E0,-7.393318874E0,9.569952284E0
1.676659887E1,-1.119086617E0,-4.897792722E0,-8.580981928E0,9.943539574E0
1.677667787E1,-9.882832333E-1,-3.367047797E0,-8.538127100E0,9.231106596E0
1.678675788E1,-7.009411159E-1,-1.566545087E0,-7.628321394E0,7.818994133E0
1.679683688E1,-6.980493754E-2,1.555640030E-1,-7.536951633E0,7.538880077E0
1.680691688E1,8.380159307E-1,1.289501086E0,-7.149454898E0,7.312987699E0
1.681699588E1,1.415008354E0,1.173231542E0,-5.029890094E0,5.355232512E0
1.682707588E1,1.313765277E0,1.000020642E0,-2.982873450E0,3.409333440E0
1.683715488E1,7.234666371E-1,2.003299937E0,-9.074481082E-1,2.315183941E0
1.684723487E1,-1.662039474E0,3.306251373E0,8.553919260E0,9.320043351E0
1.685731387E1,-3.388377563E0,4.900411105E-1,1.575171601E1,1.611948511E1
1.686739387E1,-1.400524508E0,-2.333078806E0,5.542419596E0,6.174393946E0
1.687747287E1,4.732867911E-1,-2.267430362E0,-1.801651688E0,2.934482857E0
1.688755288E1,3.489910662E-1,-2.360012251E0,-2.336112342E0,3.338992882E0
1.689763288E1,-6.136588508E-1,-2.254951819E0,-2.478332414E0,3.406393466E0
1.690771188E1,-1.280298153E0,-1.863719882E0,-2.872931762E0,3.656002198E0
1.691779187E1,-2.170055218E0,-1.079942724E0,-3.784760605E0,4.494421962E0
1.692787087E1,-2.591154148E0,-6.321190953E-1,-2.986751323E0,4.004289929E0
1.693795087E1,-2.702134301E0,-4.334102422E-1,-9.500848353E-1,2.896901001E0
1.694802987E1,-1.925099567E0,-7.012542343E-1,1.432284830E0,2.499841130E0
1.695810988E1,-1.010982709E0,-9.814212334E-1,3.720768092E0,3.978616451E0
1.696818888E1,-4.506384784E-1,-4.890792435E-1,4.004497215E0,4.059343726E0
1.697826888E1,-5.299910420E-1,2.802126074E-1,2.624354346E0,2.691959387E0
1.698834788E1,-1.234798045E0,6.886546540E-1,1.947149709E0,2.406317401E0
1.699842787E1,-1.979630700E0,6.045143902E-1,1.762964755E0,2.718900529E0
1.700850687E1,-2.500576392E0,1.971073008E-1,1.525662525E0,2.935878015E0
1.701858687E1,-2.617629755E0,-1.642494571E-1,1.632589388E0,3.089386918E0
1.702866587E1,-2.421469411E0,-3.171582395E-1,2.334930035E0,3.378757423E0
1.703874588E1,-2.288861869E0,-2.616658241E-1,3.132408389E0,3.888359548E0
1.704882488E1,-2.262304985E0,-1.817858416E-1,3.690468990E0,4.332508661E0
1.705890488E1,-2.058109690E0,4.841494560E-3,3.497909653E0,4.058473959E0
1.706898388E1,-1.793281399E0,4.880261600E-1,2.462724441E0,3.085294051E0
1.707906388E1,-2.013851237E0,1.333928230E0,1.703393322E0,2.955758810E0
1.708914387E1,-2.489506151E0,2.249492274E0,1.767174604E0,3.792197575E0
1.709922287E1,-2.941959313E0,2.903709751E0,1.842414237E0,4.525609919E0
1.710930288E1,-3.285254898E0,3.012428201E0,1.535812122E0,4.714482187E0
1.711938188E1,-3.729612005E0,3.199796380E0,1.296686583E0,5.082332012E0
1.712946188E1,-4.562754574E0,3.664198619E0,1.502804589E0,6.041812845E0
1.713954088E1,-5.687447501E0,3.523243884E0,2.167185112E0,7.032566947E0
1.714962088E1,-6.330389793E0,3.440528002E0,2.834769909E0,7.742544046E0
1.715969988E1,-6.647760286E0,3.375288863E0,3.092843789E0,8.071615355E0
1.716977987E1,-6.765600393E0,3.760105235E0,2.856271291E0,8.250456093E0
1.717985887E1,-6.449626215E0,4.589876592E0,2.741742170E0,8.377457583E0
1.718993888E1,-5.230491107E0,4.520635618E0,3.161773106E0,7.602038725E0
1.720001788E1,-4.004841908E0,4.003770406E0,4.367522768E0,7.151516713E0
1.721009788E1,-3.180248846E0,2.682041221E0,4.011828454E0,5.779454591E0
1.722017688E1,-2.493239306E0,1.658175049E0,1.849897649E0,3.519646011E0
1.723025688E1,-1.690413088E0,1.168214630E0,5.722646570E-1,2.133004611E0
1.724033588E1,-9.647025821E-1,1.421508411E0,7.456316775E-1,1.872779708E0
1.725041587E1,-6.005432537E-1,1.100683967E0,1.335689412E0,1.831999891E0
1.726049487E1,-1.857923537E-1,1.043497614E0,1.375694892E0,1.736646914E0
1.727057488E1,8.778112033E-1,2.610285360E0,8.575609799E-1,2.884363535E0
1.728065488E1,2.345578399E0,5.034453261E0,1.417721754E-1,5.555857901E0
1.729073388E1,3.920397881E0,7.451221511E0,-7.502710046E-1,8.452995217E0
1.730081388E1,5.450100832E0,9.675935040E0,-1.689050102E0,1.123299640E1
1.731089288E1,7.003471557E0,1.107571871E1,-2.415208797E0,1.332491622E1
1.732097287E1,8.511139276E0,1.087787232E1,-2.476574156E0,1.403214230E1
1.733105187E1,9.621360637E0,8.722269369E0,-2.215974864E0,1.317418339E1
1.734113188E1,9.452832187E0,5.023723036E0,-1.081641048E0,1.075935764E1
1.735121088E1,7.621936235E0,1.427045724E0,1.776310440E0,7.955227856E0
1.736129088E1,4.233915060E0,-5.483191395E-1,4.454286970E0,6.169875446E0
1.737136633E1,8.544368125E-1,-1.956454968E-1,5.101523749E0,5.176280903E0
1.738144633E1,-1.151240529E0,8.933317602E-1,4.454330239E0,4.686625040E0
1.739152533E1,-1.894533832E0,1.943154892E0,1.644512445E0,3.173252362E0
1.740160533E1,-1.807812607E0,2.429174872E0,-9.226432675E-1,3.165493260E0
1.741168433E1,-1.505945421E0,2.330989012E0,-3.088047903E0,4.151797350E0
1.742176433E1,-1.015364759E0,1.844933948E0,-4.806364489E0,5.247464765E0
1.743184333E1,-3.000345954E-1,9.077989411E-1,-6.254961880E0,6.327611540E0
1.744192333E1,2.429791278E-1,8.915834427E-2,-7.575026947E0,7.579447296E0
1.745200333E1,1.051404803E0,-5.907529682E-1,-8.857813675E0,8.939536019E0
1.746208233E1,2.145996557E0,-1.758227341E0,-9.617180462E0,1.000933687E1
1.747216233E1,3.218049341E0,-3.455900332E0,-9.084664008E0,1.023866245E1
1.748224133E1,4.001159916E0,-5.382729798E0,-7.684338890E0,1.019961396E1
1.749232133E1,4.370424449E0,-7.203472645E0,-6.183982530E0,1.045142421E1
1.750240033E1,4.073147035E0,-8.297194918E0,-4.577362965E0,1.031436968E1
1.751248033E1,2.940555688E0,-8.675178818E0,-3.555125828E0,9.825706841E0
1.752255933E1,1.513606005E0,-8.628595805E0,-2.880330244E0,9.221711936E0
1.753263933E1,7.127779269E-1,-8.717413257E0,-3.225345789E0,9.322242312E0
1.754271833E1,8.887161143E-1,-9.015527115E0,-4.200119323E0,9.985516903E0
1.755279833E1,1.318292191E0,-9.091467828E0,-4.750261039E0,1.034203372E1
1.756287733E1,1.610879261E0,-8.959669833E0,-4.537299013E0,1.017141572E1
1.757295733E1,1.649477170E0,-8.326630971E0,-3.958845663E0,9.366216805E0
1.758303633E1,1.500199947E0,-7.775957742E0,-3.213828528E0,8.546625796E0
1.759311633E1,1.638629562E0,-7.124557453E0,-2.845134099E0,7.844693352E0
1.760319533E1,1.972022595E0,-6.613571616E0,-2.818964301E0,7.454848246E0
1.761327533E1,2.427726955E0,-6.173296743E0,-2.744328101E0,7.178773403E0
1.762335533E1,2.767273745E0,-5.736570545E0,-1.938369530E0,6.657576288E0
1.763343433E1,2.561785630E0,-5.210342771E0,-5.080022952E-1,5.828248771E0
1.764351433E1,1.885483804E0,-4.215460078E0,1.240469259E0,4.781622823E0
1.765359333E1,1.137054380E0,-2.664864441E0,3.197497547E0,4.314902747E0
1.766367333E1,3.250613362E-1,-1.929242027E-1,5.083649395E0,5.097683375E0
1.767375233E1,-5.762787706E-1,3.655424287E0,5.653949972E0,6.757320048E0
1.768383233E1,-1.043984833E0,9.224953914E0,5.580520054E0,1.083198427E1
1.769391133E1,-1.104728340E0,1.571548900E1,6.851496575E0,1.717963983E1
1.770399133E1,-1.631840944E0,1.833462997E1,8.282015546E0,2.018448272E1
1.771407033E1,-2.135441163E0,1.279005451E1,7.296705329E0,1.487909648E1
1.772415033E1,-1.045864567E0,5.786285326E0,5.695130743E0,8.185929681E0
1.773422933E1,1.960759981E0,2.209216068E0,3.576234569E0,4.638390780E0
1.774430933E1,5.127487140E0,3.746767151E0,1.320817019E0,6.486443252E0
1.775438833E1,7.966804429E0,6.788387577E0,1.178381769E0,1.053284208E1
1.776446833E1,1.268418248E1,1.013136765E1,4.332362875E0,1.680185894E1
1.777454833E1,1.354088261E1,1.041709535E1,3.646061433E0,1.746897654E1
1.778462733E1,5.804287149E0,4.990792687E0,-2.037369031E0,7.921403507E0
1.779470733E1,-6.245972371E-1,3.665058160E-1,-5.769791501E0,5.815061666E0
1.780478633E1,-1.322982243E0,-2.035913367E0,-6.923740094E0,7.337124924E0
1.781486633E1,-1.274613198E0,-4.714411760E0,-7.420548187E0,8.883403202E0
1.782494533E1,-1.492278432E0,-6.617417330E0,-7.625301307E0,1.020599466E1
1.783502533E1,-1.531460770E0,-6.946713220E0,-7.280700331E0,1.017893874E1
1.784510433E1,-1.232688808E0,-6.137062132E0,-6.884714023E0,9.304963218E0
1.785518433E1,-7.986078899E-1,-4.680121349E0,-6.863020853E0,8.345200155E0
1.786526333E1,-1.855374151E-1,-2.373320514E0,-6.718198185E0,7.127500351E0
1.787534333E1,5.217669332E-1,4.093366706E-1,-6.452617065E0,6.486606527E0
1.788542233E1,1.264135572E0,2.126911245E0,-6.598788686E0,7.047396846E0
1.789550233E1,2.188344724E0,2.432173324E0,-6.485426962E0,7.263957777E0
1.790558133E1,3.286891242E0,1.691983066E0,-5.281633193E0,6.446868226E0
1.791566133E1,4.233775896E0,1.166558114E0,-2.593641846E0,5.100264130E0
1.792574133E1,4.356186186E0,8.066011798E-1,1.930229183E0,4.832468132E0
1.793582033E1,2.617465741E0,-5.531787604E-1,1.108475265E1,1.140302044E1
1.794590033E1,1.807368511E-1,-8.723946351E-1,1.369415333E1,1.372310364E1
1.795597933E1,1.263758134E0,-6.470680869E-1,2.790303004E0,3.130746330E0
1.796605933E1,1.947689992E0,-1.305301432E0,-2.349683729E0,3.319385751E0
1.797613833E1,8.539858460E-1,-2.058510516E0,-3.847510584E0,4.446357505E0
1.798621833E1,-3.913117513E-1,-2.572027613E0,-3.472628047E0,4.339077838E0
1.799629733E1,-1.279106198E0,-2.534960359E0,-2.447736858E0,3.748806799E0
1.800637733E1,-2.024253142E0,-2.140054032E0,-1.628910905E0,3.366122810E0
1.801645633E1,-2.862501207E0,-1.788117138E0,-1.629302668E0,3.747786446E0
1.802653633E1,-3.421538000E0,-1.009662116E0,-2.394869258E0,4.296712538E0
1.803661533E1,-3.718246188E0,1.147001517E-1,-3.032799316E0,4.799623165E0
1.804669533E1,-4.015827364E0,8.679934359E-1,-2.554883577E0,4.838151725E0
1.805677433E1,-4.261682610E0,1.177263781E0,1.360227252E0,4.625808778E0
1.806685433E1,-3.426524506E0,7.600813168E-1,5.913048284E0,6.876258707E0
1.807693433E1,-2.369215476E0,5.616835356E-1,3.859769272E0,4.563604847E0
1.808701333E1,-2.026063147E0,1.156657024E0,2.034990091E0,3.095799092E0
1.809709333E1,-1.982774163E0,1.124404367E0,2.734296033E0,3.559782769E0
1.810717233E1,-1.807574333E0,6.777566135E-1,3.155928229E0,3.699535374E0
1.811725233E1,-1.716866477E0,3.642762727E-1,3.128826385E0,3.587461811E0
1.812733133E1,-1.662605485E0,9.489621699E-2,2.787028563E0,3.246658359E0
1.813741133E1,-1.498407191E0,-2.001472682E-1,2.245864077E0,2.707247401E0
1.814749033E1,-1.206836367E0,-2.948885339E-1,1.682479001E0,2.091446594E0
1.815757033E1,-8.177629298E-1,-3.564263856E-1,1.340638203E0,1.610306421E0
1.816764933E1,-5.785533375E-1,-2.841343349E-1,1.494624335E0,1.627684916E0
1.817772933E1,-7.645877659E-1,8.388590991E-2,2.141607198E0,2.275546679E0
1.818780833E1,-1.516346448E0,8.715935665E-1,2.738425337E0,3.249300728E0
1.819788833E1,-2.429556695E0,1.950147577E0,3.230521452E0,4.487994001E0
1.820796833E1,-2.995087699E0,2.648908558E0,3.353275266E0,5.218402235E0
1.821804733E1,-3.322151414E0,2.817337021E0,3.258467342E0,5.439824199E0
1.822812733E1,-3.773354441E0,2.637439245E0,3.247337751E0,5.633781322E0
1.823820633E1,-4.270899868E0,2.335151644E0,3.192130680E0,5.820929235E0
1.824828633E1,-4.717506691E0,2.514399794E0,3.170444527E0,6.215206690E0
1.825836533E1,-5.380247655E0,3.072176220E0,3.110776030E0,6.932694935E0
1.826844533E1,-5.519685622E0,2.863048214E0,2.842991095E0,6.837146539E0
1.827852433E1,-4.612167347E0,2.189689291E0,2.538552303E0,5.701848352E0
1.828860433E1,-3.951396895E0,2.256952736E0,2.493184927E0,5.188770968E0
1.829868333E1,-3.732121923E0,2.756435346E0,3.750770155E0,5.966150067E0
1.830876333E1,-3.512887296E0,2.850229363E0,4.452565842E0,6.347403182E0
1.831884233E1,-2.808609467E0,1.719513511E0,2.920411738E0,4.401570012E0
1.832892233E1,-1.746575302E0,9.631907845E-1,1.359099909E0,2.413589513E0
1.833900233E1,-8.325113618E-1,1.214036336E0,8.322587621E-1,1.691039337E0
1.834908133E1,-1.787324256E-1,1.726125543E0,7.353376544E-1,1.884721766E0
1.835916133E1,1.854508764E-1,2.048350979E0,7.055332267E-1,2.174375978E0
1.836923937E1,6.452428785E-1,2.866983390E0,1.446962218E-1,2.942255789E0
1.837931938E1,1.581086528E0,4.610679231E0,-1.039568358E0,4.983863958E0
1.838939838E1,2.531110260E0,6.336532878E0,-1.924495842E0,7.089559387E0
1.839947838E1,3.533841670E0,8.041794385E0,-2.945582247E0,9.264715250E0
1.840955738E1,4.518849878E0,9.173542855E0,-3.602998737E0,1.084230108E1
1.841963738E1,5.457175963E0,9.199951805E0,-3.802202849E0,1.135238430E1
1.842971638E1,6.261011410E0,8.063328511E0,-3.385943660E0,1.075556344E1
1.843979637E1,6.633210660E0,5.868136405E0,-1.909015485E0,9.059737780E0
1.844987537E1,6.562734169E0,3.291892365E0,1.538204071E0,7.501473648E0
1.845995538E1,5.496313716E0,5.408142382E-1,4.918248621E0,7.395344076E0
1.847003438E1,2.655128242E0,-9.481119847E-1,4.856750531E0,5.615749997E0
1.848011438E1,3.104447588E-2,-8.906864798E-1,4.010918627E0,4.108741218E0
1.849019438E1,-1.575628883E0,-4.047378355E-1,2.970755680E0,3.387005817E0
1.850027338E1,-2.272911396E0,4.034204578E-1,1.154857105E0,2.581195307E0
1.851035337E1,-2.413086551E0,1.205859590E0,-7.870961840E-1,2.810089759E0
1.852043237E1,-2.129206716E0,1.393141814E0,-2.196916450E0,3.361667330E0
1.853051238E1,-1.623529712E0,1.110162889E0,-2.887611197E0,3.493795757E0
1.854059138E1,-1.495282731E0,5.975737453E-1,-4.373251577E0,4.660289067E0
1.855067138E1,-1.655334034E0,2.149980265E-1,-7.042600540E0,7.237719066E0
1.856075038E1,-1.005383269E0,-2.316052884E-1,-1.017970541E1,1.023185412E1
1.857083038E1,-1.516617905E-2,-1.407582098E0,-1.094383826E1,1.103399807E1
1.858090938E1,1.309421526E0,-3.128120626E0,-9.502017796E0,1.008900717E1
1.859098937E1,2.686824536E0,-4.748019217E0,-7.885310031E0,9.588577937E0
1.860106837E1,3.987521578E0,-6.529394515E0,-6.602930853E0,1.010603864E1
1.861114837E1,5.161467649E0,-8.321657329E0,-5.163037042E0,1.107012559E1
1.862122838E1,5.748985353E0,-9.778406324E0,-3.763603624E0,1.195126667E1
1.863130738E1,5.813381324E0,-1.083712658E1,-2.525494301E0,1.255455441E1
1.864138738E1,4.997256199E0,-1.122557115E1,-1.984021082E0,1.244678098E1
1.865146638E1,3.478644832E0,-1.075944983E1,-2.178714652E0,1.151579472E1
1.866154637E1,2.133180922E0,-9.870789993E0,-2.705576849E0,1.045481239E1
1.867162537E1,1.500102737E0,-8.503849552E0,-3.095328271E0,9.173157719E0
1.868170537E1,1.341943886E0,-6.822564552E0,-3.027308196E0,7.583719099E0
1.869178437E1,1.282053487E0,-5.453702717E0,-2.808437558E0,6.266885669E0
1.870186438E1,1.208476803E0,-4.649466736E0,-2.606129744E0,5.465333417E0
1.871194338E1,1.117757399E0,-4.112494703E0,-1.707829605E0,4.591151952E0
1.872202338E1,8.777142857E-1,-3.696947705E0,-5.630254716E-2,3.800128244E0
1.873210337E1,3.996580669E-1,-3.320989280E0,2.096884038E0,3.947862591E0
1.874218238E1,-4.385980381E-1,-2.144500839E0,4.406181926E0,4.919927973E0
1.875226237E1,-1.546544101E0,4.741746908E-1,6.184203554E0,6.392262033E0
1.876234137E1,-2.484683660E0,4.466426082E0,7.041229953E0,8.700662853E0
1.877242138E1,-3.101605257E0,9.841586659E0,8.872320617E0,1.360863168E1
1.878250038E1,-3.133949423E0,1.547466090E1,1.030949489E1,1.885662891E1
1.879258038E1,-2.930910999E0,1.604455159E1,8.219173180E0,1.826397226E1
1.880265938E1,-2.839326060E0,1.039787555E1,5.043112403E0,1.190002400E1
1.881273938E1,-2.824581721E0,3.969222717E0,3.153230324E0,5.803089897E0
1.882281838E1,-1.577839423E0,-4.028614640E-2,3.572759861E-1,1.618285002E0
1.883289837E1,4.342171580E-1,-3.368896687E-1,-2.825200356E0,2.878158481E0
1.884297838E1,3.160959758E0,1.413044567E0,-2.870051424E0,4.497283259E0
1.885305738E1,6.860044620E0,3.206483840E0,-1.226848170E0,7.671173785E0
1.886313738E1,1.065539044E1,4.721251248E0,-6.196791440E-1,1.167097087E1
1.887321638E1,1.320095472E1,5.137358994E0,-3.097834387E-1,1.416875537E1
1.888329638E1,1.178358263E1,3.709146751E0,-3.991046280E-2,1.235363032E1
1.889337538E1,4.327696505E0,1.983459165E0,-3.561754816E0,5.945516350E0
1.890345537E1,8.932472679E-1,6.398403436E-1,-4.103832053E0,4.248378969E0
1.891353437E1,7.534537902E-1,-1.152786167E0,-3.644368957E0,3.895899595E0
1.892361438E1,7.295699608E-1,-2.339757496E0,-4.378742990E0,5.017980434E0
1.893369338E1,1.192748670E0,-2.187851511E0,-5.551690941E0,6.085278624E0
1.894377338E1,1.401543678E0,-2.024344651E0,-6.234102523E0,6.702710662E0
1.895385238E1,1.266495216E0,-1.880872105E0,-6.183042882E0,6.585720104E0
1.896393238E1,1.168763684E0,-1.532996687E0,-5.435446540E0,5.767162776E0
1.897401237E1,1.382518885E0,-1.298542635E0,-4.757997490E0,5.122119831E0
1.898409137E1,1.820858330E0,-1.139475566E0,-4.569087986E0,5.048811211E0
1.899417138E1,2.053092779E0,-1.124810164E0,-3.942910831E0,4.585513459E0
1.900425038E1,1.789740618E0,-1.137833083E0,-2.666623868E0,3.407156946E0
1.901433038E1,1.065370293E0,-1.113993984E0,-8.933283980E-1,1.781581344E0
1.902440938E1,2.926016879E-1,-1.181572010E0,1.633393234E0,2.037081643E0
1.903448938E1,-7.728665462E-1,-1.072150725E0,5.395579639E0,5.555097615E0
1.904456838E1,-1.590934993E0,-9.530698389E-1,7.238306263E0,7.472114415E0
1.905464837E1,-5.764626655E-1,-1.113240278E0,2.701727627E0,2.978413217E0
1.906472737E1,2.129114476E-1,-1.681501347E0,-1.274904243E0,2.120886346E0
1.907480738E1,-5.207524413E-1,-1.680402655E0,-3.104043546E0,3.567915711E0
1.908488738E1,-1.542744288E0,-1.162440505E0,-3.376979878E0,3.890413983E0
1.909496638E1,-2.318886737E0,-3.875955534E-1,-2.294338664E0,3.285035147E0
1.910504638E1,-2.901619079E0,4.285371727E-1,-1.096768672E0,3.131443582E0
1.911512538E1,-3.261643549E0,1.145401719E0,-6.470499605E-1,3.516950013E0
1.912520537E1,-3.676140095E0,1.376250962E0,1.028232872E-1,3.926658292E0
1.913528437E1,-3.508590177E0,7.788380152E-1,1.748532658E0,3.996768712E0
1.914536437E1,-3.115134837E0,1.016374719E-1,2.863169836E0,4.232273235E0
1.915544337E1,-2.782758926E0,-1.442022783E-1,2.718217360E0,3.892717194E0
1.916552338E1,-2.636815347E0,-2.460356319E-1,2.254001062E0,3.477621241E0
1.917560238E1,-2.720713536E0,-3.792673641E-1,2.105104054E0,3.460865348E0
1.918568238E1,-2.772325155E0,-4.832776362E-1,2.247764422E0,3.601636979E0
1.919576237E1,-2.669318849E0,-6.500682932E-1,2.329774106E0,3.602179797E0
1.920584137E1,-2.522244126E0,-5.353716499E-1,2.378952552E0,3.508240796E0
1.921592137E1,-2.325248800E0,-1.614767075E-1,2.268028532E0,3.252200814E0
1.922600037E1,-2.144773612E0,3.128529346E-1,1.922555151E0,2.897265799E0
1.923608038E1,-2.041536049E0,8.651154363E-1,1.550459397E0,2.705590231E0
1.924615938E1,-1.886810829E0,1.231870928E0,1.281698269E0,2.592356369E0
1.925623938E1,-1.713662787E0,1.223716986E0,1.218992290E0,2.433118495E0
1.926631838E1,-1.563855660E0,1.564898511E0,1.519887668E0,2.684140533E0
1.927639838E1,-1.365338303E0,2.497102561E0,2.275163159E0,3.643629685E0
1.928647738E1,-1.256598511E0,3.521519541E0,3.765043209E0,5.306193556E0
1.929655737E1,-1.252086215E0,4.628113874E0,4.900728024E0,6.855967699E0
1.930663738E1,-1.453806676E0,5.167656927E0,4.360961022E0,6.916372822E0
1.931671638E1,-2.014162017E0,4.819110834E0,2.762652690E0,5.908716252E0
1.932679638E1,-2.984923484E0,4.041359816E0,1.928004756E0,5.381408710E0
1.933687538E1,-4.150183809E0,3.725930598E0,2.135430053E0,5.972155891E0
1.934695538E1,-5.061374427E0,3.456357000E0,2.532769699E0,6.631654179E0
1.935703438E1,-5.597330214E0,3.066020856E0,2.338692280E0,6.797063410E0
1.936711437E1,-5.642581816E0,2.669059818E0,2.072429813E0,6.577049125E0
1.937719333E1,-5.944486424E0,2.602977510E0,3.572841722E0,7.407942274E0
1.938727333E1,-5.094718759E0,1.636291260E0,5.325277981E0,7.549317445E0
1.939735233E1,-3.060399051E0,7.724581182E-1,3.756862954E0,4.906806818E0
1.940743233E1,-2.028841159E0,4.874338371E-1,2.041462959E0,2.919136723E0
1.941751233E1,-1.072425836E0,1.297731042E-1,1.048990488E0,1.505762025E0
1.942759133E1,-2.514440140E-1,2.805938458E-1,6.004348244E-1,7.088575152E-1
1.943767133E1,2.623631045E-1,7.077294409E-1,2.865737202E-1,8.073659996E-1
1.944775033E1,8.503620341E-1,1.589598904E0,-6.865128920E-1,1.929051637E0
1.945783033E1,1.709907413E0,3.380252565E0,-1.967729716E0,4.268706009E0
1.946790933E1,2.563192178E0,5.459858081E0,-2.930682372E0,6.705885741E0
1.947798933E1,3.632855497E0,7.492936717E0,-3.739176296E0,9.128153104E0
1.948806833E1,4.752119577E0,9.029616566E0,-4.464373124E0,1.113764981E1
1.949814833E1,5.723616623E0,9.305433821E0,-4.577529611E0,1.184502694E1
1.950822733E1,6.056650053E0,7.745116603E0,-3.337438082E0,1.038307922E1
1.951830733E1,5.778265870E0,5.000457550E0,-5.605523917E-1,7.662059198E0
1.952838733E1,4.925289838E0,1.926369874E0,4.415751187E0,6.889719837E0
1.953846633E1,3.396157576E0,-1.214835066E-1,7.864138432E0,8.566990008E0
1.954854633E1,1.645968841E0,-3.862144411E-2,6.867360072E0,7.061964273E0
1.955862533E1,5.030612518E-1,1.706439722E-1,4.185340777E0,4.218917801E0
1.956870533E1,-1.551865652E-1,8.556639969E-2,1.198303233E0,1.211336087E0
1.957878433E1,-5.367665032E-1,-1.344385976E-1,-1.437050457E0,1.539904552E0
1.958886433E1,-7.109087183E-1,-7.288408130E-1,-3.295670251E0,3.449353931E0
1.959894333E1,-5.003826423E-1,-1.359236149E0,-4.346408764E0,4.581394422E0
1.960902333E1,-3.671459399E-1,-1.903903702E0,-4.827437269E0,5.202287577E0
1.961910233E1,-3.067314114E-1,-2.348631815E0,-5.319724295E0,5.823196900E0
1.962918233E1,-3.791371174E-2,-2.617079825E0,-6.439533920E0,6.951125187E0
1.963926233E1,6.522908199E-1,-3.147511747E0,-7.543724463E0,8.200005627E0
1.964934133E1,1.475957245E0,-3.979512647E0,-7.429855785E0,8.556735808E0
1.965942133E1,2.310161814E0,-4.859417446E0,-6.068452073E0,8.110295684E0
1.966950033E1,2.932713403E0,-5.576293101E0,-4.755839283E0,7.893912841E0
1.967958033E1,3.244045477E0,-6.414006731E0,-3.836188036E0,8.147370867E0
1.968965933E1,3.239481725E0,-7.143412385E0,-2.904477491E0,8.364124093E0
1.969973933E1,2.917495147E0,-7.698503185E0,-2.449312975E0,8.589404128E0
1.970981833E1,2.547478955E0,-7.862346845E0,-2.441253465E0,8.617764526E0
1.971989833E1,2.295734102E0,-7.685046403E0,-2.987665243E0,8.558999760E0
1.972997833E1,2.179535455E0,-7.523624659E0,-3.645529337E0,8.639744612E0
1.974005733E1,1.824024305E0,-6.994878489E0,-3.283938105E0,7.939750577E0
1.975013733E1,1.293190971E0,-6.234227654E0,-2.629820908E0,6.888678780E0
1.976021633E1,8.863012142E-1,-5.743756773E0,-2.254985148E0,6.233877584E0
1.977029633E1,6.922920607E-1,-5.431444121E0,-1.520834479E0,5.682674639E0
1.978037533E1,5.653571950E-1,-5.068298700E0,-4.425856930E-1,5.118902477E0
1.979045533E1,1.396721479E-1,-4.750883768E0,9.311486274E-1,4.843288413E0
1.980053433E1,-7.362825644E-1,-4.121054442E0,2.830002090E0,5.053129086E0
1.981061433E1,-1.494050138E0,-1.858773723E0,4.806678776E0,5.365760564E0
1.982069333E1,-1.914202550E0,1.948446037E0,6.974844174E0,7.490598415E0
1.983077333E1,-2.400110410E0,6.458412241E0,8.903940021E0,1.125840870E1
1.984085333E1,-2.583305430E0,1.116018524E1,9.847990530E0,1.510649261E1
1.985093233E1,-2.413154232E0,1.343407152E1,8.845331039E0,1.626460796E1
1.986101233E1,-2.380555420E0,1.154064602E1,5.506621773E0,1.300678431E1
1.987109133E1,-2.249084577E0,6.937749438E0,3.029852027E0,7.897515559E0
1.988117133E1,-1.799677668E0,2.509871711E0,1.775461132E0,3.562380938E0
1.989125033E1,-5.037335354E-1,-1.243717387E0,-1.936025089E0,2.355583486E0
1.990133033E1,1.721745978E0,-3.237164766E0,-6.521155788E0,7.481251082E0
1.991140933E1,3.734172834E0,-2.998745717E0,-8.142806205E0,9.446788635E0
1.992148933E1,6.569067873E0,-5.851916814E-1,-7.512657037E0,9.996755363E0
1.993156933E1,1.129855376E1,3.552551299E0,-4.789007906E0,1.277546611E1
1.994164833E1,1.859531990E1,8.600485316E0,4.766404909E0,2.103503947E1
1.995172833E1,1.514038260E1,1.060526343E1,5.414214715E-1,1.849313210E1
1.996180733E1,7.040280949E0,6.285107201E0,-1.440870296E0,9.546949020E0
1.997188733E1,3.003463835E0,3.215701391E0,-2.366026112E-1,4.406530522E0
1.998196633E1,1.580854539E0,5.659514183E-1,-2.018820494E0,2.625840488E0
1.999204633E1,7.153537716E-1,-1.840898784E0,-3.516141856E0,4.032851709E0
2.000212533E1,2.886948708E-1,-3.200814965E0,-4.705386875E0,5.698177499E0
2.001220533E1,1.329968204E-1,-3.720812531E0,-5.542959294E0,6.677314713E0
2.002228533E1,1.689108574E-1,-3.631726107E0,-5.851157845E0,6.888687359E0
2.003236433E1,4.357915208E-1,-3.199035657E0,-5.798995419E0,6.637174945E0
2.004244433E1,8.576336315E-1,-2.559054980E0,-5.644220790E0,6.256318899E0
2.005252333E1,1.395776277E0,-1.691258011E0,-5.135749256E0,5.584305283E0
2.006260333E1,1.860161267E0,-7.064208341E-1,-3.984234273E0,4.453465289E0
2.007268233E1,1.794012301E0,3.739101452E-1,-2.168242727E0,2.838937382E0
2.008276233E1,7.740286803E-1,1.433295813E0,1.136937874E0,1.986475526E0
2.009284133E1,-1.947884997E0,2.519843552E0,8.230733711E0,8.825465705E0
2.010292133E1,-3.336116611E0,2.039429297E0,9.274571047E0,1.006511868E1
2.011300033E1,-1.560569817E0,3.780382794E-1,1.492947207E0,2.192528782E0
2.012308033E1,-1.051794228E0,-9.316321921E-1,-2.954810323E0,3.271867003E0
2.013316033E1,-2.040373623E0,-1.918226457E0,-4.129578513E0,4.989602785E0
2.014323933E1,-2.902169302E0,-2.085704747E0,-3.789362363E0,5.208840377E0
2.015331933E1,-3.312702606E0,-1.600677624E0,-2.536430349E0,4.468741022E0
2.016339833E1,-3.429896595E0,-1.367763144E0,-1.071744343E0,3.844945072E0
2.017347833E1,-3.168273748E0,-1.642646599E0,6.523832059E-1,3.627926438E0
2.018355733E1,-2.441097052E0,-1.745327799E0,2.236862873E0,3.742817048E0
2.019363733E1,-1.898906380E0,-9.624183673E-1,2.452991166E0,3.247962471E0
2.020371633E1,-1.725323597E0,-1.291065216E-2,1.782384528E0,2.480685954E0
2.021379633E1,-1.826045102E0,4.114755821E-1,1.458182148E0,2.372772228E0
2.022387633E1,-1.983373210E0,4.425576264E-1,1.570790166E0,2.568464189E0
2.023395533E1,-1.967410896E0,3.145076966E-1,1.769289104E0,2.664583393E0
2.024403533E1,-1.762930257E0,2.522746110E-1,2.200329469E0,2.830726999E0
2.025411433E1,-1.309408809E0,-1.350882232E-2,3.130271816E0,3.393130643E0
2.026419433E1,-7.392766312E-1,-3.006603205E-1,4.063165838E0,4.140802240E0
2.027427333E1,-2.798486182E-1,-9.261814177E-2,4.305965620E0,4.316043708E0
2.028435333E1,-1.101694366E-1,3.943999583E-1,3.493725386E0,3.517642066E0
2.029443233E1,-7.084580040E-1,1.131128080E0,1.914530578E0,2.333836073E0
2.030451233E1,-1.950675581E0,1.507909793E0,1.364763376E0,2.818067820E0
2.031459233E1,-3.079550729E0,1.703191593E0,2.048255231E0,4.071835432E0
2.032467133E1,-3.694435741E0,1.982930576E0,2.891328857E0,5.093196606E0
2.033475133E1,-4.308201888E0,2.309342034E0,3.517535248E0,6.022185513E0
2.034483033E1,-4.673280691E0,2.477435451E0,4.057724419E0,6.666510803E0
2.035491033E1,-4.507263036E0,2.436379811E0,4.448714865E0,6.785457288E0
2.036498933E1,-4.540596258E0,2.448880574E0,4.005508783E0,6.531319243E0
2.037506983E1,-4.877217832E0,2.263846019E0,3.464802718E0,6.396648377E0
2.038514883E1,-4.840338566E0,2.583151941E0,3.316051891E0,6.410752805E0
2.039522883E1,-5.464812427E0,3.468059617E0,2.991386411E0,7.130217741E0
2.040530883E1,-5.830238847E0,3.497438952E0,2.436801395E0,7.222310245E0
2.041538783E1,-5.467979279E0,3.436214511E0,1.987383231E0,6.756926791E0
2.042546783E1,-4.681480241E0,3.798848886E0,2.218604357E0,6.424150948E0
2.043554683E1,-3.339239902E0,3.800970840E0,1.893543606E0,5.402167143E0
2.044562683E1,-1.741872094E0,3.171589411E0,6.097686251E-1,3.669457121E0
2.045570583E1,-5.123295271E-1,2.975486662E0,-3.500376813E-1,3.039494827E0
2.046578583E1,-4.733818084E-2,2.692914119E0,-1.889703155E-1,2.699951321E0
2.047586483E1,5.245186329E-2,2.118620478E0,4.311473697E-1,2.162681664E0
2.048594483E1,4.989367720E-1,2.430393432E0,4.166912985E-1,2.515826261E0
2.049602483E1,1.396500747E0,4.033174884E0,-3.635124801E-1,4.283556385E0
2.050610383E1,2.327935303E0,6.169186150E0,-1.635573222E0,6.793617615E0
2.051618383E1,3.319895850E0,8.142738377E0,-2.941916628E0,9.272581635E0
2.052626283E1,4.432820379E0,9.225360880E0,-3.781672690E0,1.091138067E1
2.053634283E1,5.567067364E0,9.020128289E0,-3.747769949E0,1.124280806E1
2.054642183E1,6.688731142E0,7.364024908E0,-3.508155144E0,1.054870322E1
2.055650183E1,7.289213877E0,4.520741453E0,-2.773597509E0,9.014576272E0
2.056658083E1,7.164554747E0,1.783879661E0,-1.419423294E-1,7.384661062E0
2.057666083E1,6.138311682E0,-4.300714821E-1,3.635334424E0,7.146991546E0
2.058674083E1,3.916030596E0,-1.720894623E0,5.724632285E0,7.146201000E0
2.059681983E1,1.052086589E0,-1.860315049E0,4.576366307E0,5.050820414E0
2.060689983E1,-5.795340617E-1,-1.484090576E0,2.647577147E0,3.089991799E0
2.061697883E1,-1.006257282E0,-1.021259483E0,9.158439790E-1,1.701262720E0
2.062705883E1,-9.934101451E-1,-5.176241809E-1,-1.033143949E0,1.523871690E0
2.063713783E1,-1.068049634E0,-2.405047506E-1,-3.105601829E0,3.292921996E0
2.064721783E1,-9.793921034E-1,-1.834534675E-1,-4.138120710E0,4.256396020E0
2.065729683E1,-7.634295056E-1,-1.236557472E-1,-4.897514979E0,4.958202126E0
2.066737683E1,-7.482515225E-1,-2.099659127E-1,-6.457505922E0,6.504102456E0
2.067745683E1,-7.134559116E-1,-3.416978341E-1,-8.351727805E0,8.389108062E0
2.068753583E1,-5.464012527E-1,-7.178322601E-1,-8.779501916E0,8.825728943E0
2.069761583E1,1.035063151E-1,-1.902315599E0,-8.302883089E0,8.518649294E0
2.070769483E1,8.745871948E-1,-3.156895359E0,-6.673972185E0,7.434567626E0
2.071777483E1,1.733945755E0,-4.690455717E0,-5.193475893E0,7.209655648E0
2.072785383E1,2.829757091E0,-6.324529713E0,-4.092563884E0,8.047128707E0
2.073793383E1,3.928810855E0,-8.196327524E0,-2.678925825E0,9.475863190E0
2.074801383E1,4.518441158E0,-9.683222424E0,-2.265894299E0,1.092315815E1
2.075809283E1,4.555415734E0,-1.044990057E1,-2.360817997E0,1.164155041E1
2.076817283E1,3.860490818E0,-1.041454012E1,-2.935136197E0,1.148830099E1
2.077825183E1,2.666720347E0,-9.671300536E0,-3.714760662E0,1.069789223E1
2.078833183E1,1.781741334E0,-8.611004457E0,-3.919720189E0,9.627471438E0
2.079841083E1,1.357280986E0,-7.156869167E0,-3.537785617E0,8.098080947E0
2.080849083E1,1.186628097E0,-5.825275730E0,-2.753498290E0,6.551616320E0
2.081856983E1,1.162656706E0,-4.597169239E0,-1.835838019E0,5.084883171E0
2.082864983E1,9.108671214E-1,-3.597787113E0,-8.865776414E-1,3.815726790E0
2.083872983E1,4.460957766E-1,-2.882786075E0,3.142425254E-1,2.933974328E0
2.084880883E1,-8.123288199E-2,-2.265832318E0,1.912296796E0,2.966053592E0
2.085888883E1,-7.485057302E-1,-8.939275914E-1,3.651800183E0,3.833407354E0
2.086896783E1,-1.740429294E0,2.024056383E0,5.228030598E0,5.870110928E0
2.087904783E1,-2.803953621E0,8.015157394E0,6.991536806E0,1.099938593E1
2.088912683E1,-3.705420028E0,1.482722795E1,1.001216163E1,1.827074730E1
2.089920683E1,-3.828343996E0,1.593116004E1,9.861454328E0,1.912345051E1
2.090928583E1,-3.021942498E0,9.949770674E0,5.715487239E0,1.186578557E1
2.091936583E1,-2.342249872E0,5.099024649E0,3.309430796E0,6.514485323E0
2.092944583E1,-1.814058018E0,1.574776797E0,1.280481756E0,2.722198005E0
2.093952483E1,-6.893031102E-1,-9.756225497E-1,-4.116945603E-1,1.263515156E0
2.094960483E1,1.339521531E0,-2.225211126E0,-1.555469291E0,3.027435747E0
2.095968383E1,3.543949460E0,-2.661160814E0,-2.605981225E0,5.141254010E0
2.096976383E1,5.997990786E0,-7.650105196E-1,-2.073786075E0,6.392317518E0
2.097984283E1,8.515100765E0,2.820447739E0,-2.533349158E0,9.320929376E0
2.098992283E1,1.284084342E1,6.387904760E0,-7.110173303E-1,1.435960071E1
2.100000283E1,1.566511875E1,8.000470943E0,5.545554873E-1,1.759860826E1
2.101008183E1,9.951462858E0,6.003999969E0,-5.851366591E0,1.301222962E1
2.102016183E1,4.235033632E0,3.208201168E0,-5.377574308E0,7.559521812E0
2.103024083E1,1.848162488E0,1.857951019E0,-4.058180501E0,4.830788295E0
2.104032083E1,3.623165783E-1,-1.146849489E-1,-3.969440233E0,3.987590965E0
2.105039983E1,-4.159042633E-1,-1.914631004E0,-4.498873451E0,4.907000159E0
2.106047983E1,-6.501358286E-1,-2.664118921E0,-5.022482257E0,5.722371382E0
2.107055883E1,-7.788485402E-1,-2.901808237E0,-5.110707386E0,5.928442129E0
2.108063883E1,-7.574237573E-1,-3.058725286E0,-4.753619680E0,5.703191315E0
2.109071883E1,-4.212158740E-1,-2.782026855E0,-4.833592048E0,5.592915905E0
2.110079783E1,-6.464067668E-2,-2.255455849E0,-5.006964331E0,5.491898699E0
2.111087783E1,-1.465899888E-1,-1.667073342E0,-4.136057813E0,4.461792956E0
2.112095683E1,-5.328821978E-1,-6.821946502E-1,-2.002486004E0,2.181582722E0
2.113103683E1,-1.077500342E0,4.830934489E-1,2.658053604E0,2.908545208E0
2.114111583E1,-1.946945934E0,2.042280400E-1,9.148836030E0,9.355934388E0
2.115119583E1,-1.280707458E0,-1.106669762E0,7.812990498E0,7.994232301E0
2.116127583E1,1.677075005E-1,-1.548799372E0,8.984977752E-1,1.798389155E0
2.117135483E1,-3.760894024E-1,-2.018575203E0,-2.174632126E0,2.990838339E0
2.118143483E1,-1.790280316E0,-2.190524274E0,-3.147442165E0,4.232008079E0
2.119151383E1,-2.724584393E0,-1.867925785E0,-3.050155606E0,4.496215750E0
2.120159383E1,-3.243721541E0,-1.403394907E0,-1.859063745E0,3.993415168E0
2.121167283E1,-3.280724768E0,-9.050308692E-1,-7.197209108E-1,3.478539071E0
2.122175283E1,-2.597722325E0,-7.684124297E-1,5.917978656E-1,2.772876422E0
2.123183183E1,-1.419192037E0,-5.851513356E-1,2.403130789E0,2.851586525E0
2.124191183E1,-7.676049292E-1,6.911584318E-2,2.928179179E0,3.027908128E0
2.125199183E1,-7.892270556E-1,6.379136860E-1,2.427766278E0,2.631323301E0
2.126207083E1,-1.194857176E0,1.035551248E0,2.353734680E0,2.835510008E0
2.127215083E1,-1.658551610E0,8.771741492E-1,2.332358429E0,2.993346584E0
2.128222983E1,-1.892470349E0,3.862933785E-1,2.025304763E0,2.798665036E0
2.129230983E1,-1.770870483E0,-3.123565060E-1,1.935640050E0,2.642016514E0
2.130238883E1,-1.551211349E0,-7.508777994E-1,2.042254672E0,2.672242179E0
2.131246883E1,-1.618225410E0,-6.050792313E-1,2.065666924E0,2.692908129E0
2.132254783E1,-1.765992444E0,-9.184689403E-2,1.688761250E0,2.445215680E0
2.133262783E1,-2.139299156E0,4.645074892E-1,1.264636971E0,2.528176172E0
2.134270783E1,-2.571824715E0,1.087708996E0,1.189507120E0,3.035180458E0
2.135278683E1,-2.856491731E0,1.649542805E0,1.495434905E0,3.621720866E0
2.136286683E1,-2.501947272E0,1.919482439E0,1.633954274E0,3.551613655E0
2.137294546E1,-2.122280835E0,2.271635680E0,1.789380137E0,3.586960535E0
2.138302546E1,-2.217793641E0,3.068484873E0,2.315642117E0,4.438063369E0
2.139310446E1,-2.602242515E0,3.771827733E0,3.819633983E0,5.965564040E0
2.140318446E1,-3.053681477E0,3.996825083E0,4.791089515E0,6.946518556E0
2.141326446E1,-3.425062409E0,4.005291851E0,3.697293860E0,6.437654636E0
2.142334346E1,-3.669567533E0,3.781979669E0,2.626388007E0,5.887869738E0
2.143342346E1,-4.237271361E0,3.797481222E0,2.035755053E0,6.043147430E0
2.144350246E1,-5.186092613E0,3.595640600E0,1.861276331E0,6.579402519E0
2.145358246E1,-6.287873518E0,3.141581501E0,2.030405874E0,7.316381327E0
2.146366146E1,-6.931702248E0,2.478513678E0,2.137857671E0,7.665635103E0
2.147374146E1,-6.883650999E0,2.146614023E0,2.575077521E0,7.656606760E0
2.148382146E1,-6.388886508E0,2.167157630E0,3.333932676E0,7.525260799E0
2.149390046E1,-5.584856349E0,1.924216345E0,4.104918466E0,7.193301369E0
2.150398046E1,-4.106714730E0,1.028476117E0,3.353987457E0,5.401120334E0
2.151405946E1,-2.495004288E0,4.026538879E-1,1.859306989E0,3.137546657E0
2.152413946E1,-1.272157952E0,8.579327166E-2,1.005855578E0,1.624035647E0
2.153421846E1,-1.967284012E-1,3.554925853E-1,5.364165473E-1,6.729188318E-1
2.154429846E1,5.192406437E-1,7.660712045E-1,3.494483185E-1,9.892371120E-1
2.155437846E1,1.025536721E0,1.997330514E0,1.135759514E-2,2.245258057E0
2.156445746E1,1.875298246E0,4.170249406E0,-6.516506229E-1,4.618698102E0
2.157453746E1,2.847195827E0,6.533827874E0,-1.442501670E0,7.271742696E0
2.158461646E1,3.887995828E0,8.811351700E0,-2.037031939E0,9.844080935E0
2.159469646E1,4.904848557E0,1.027425489E1,-2.314289364E0,1.161782201E1
2.160477546E1,5.943348556E0,1.072912149E1,-2.524082783E0,1.252231743E1
2.161485546E1,6.812892673E0,9.582840350E0,-2.770894341E0,1.207990858E1
2.162493446E1,7.258763332E0,6.644701023E0,-2.328393725E0,1.011252264E1
2.163501446E1,7.165928258E0,3.361143864E0,-3.921385476E-1,7.924745328E0
2.164509446E1,6.139785765E0,1.266313952E-1,2.575703173E0,6.659373213E0
2.165517346E1,3.807302790E0,-2.005104972E0,4.285726068E0,6.073174492E0
2.166525346E1,9.213941561E-1,-2.390386198E0,3.027007064E0,3.965562398E0
2.167533246E1,-7.129811177E-1,-1.631305924E0,2.065514311E0,2.726875586E0
2.168541246E1,-1.366409660E0,-6.439012349E-1,1.469537879E0,2.107421585E0
2.169549146E1,-1.652779239E0,-1.544542015E-2,-1.666643572E-1,1.661232910E0
2.170557146E1,-1.594879232E0,4.074673158E-1,-2.090329017E0,2.660666229E0
2.171565146E1,-1.535115426E0,5.698070723E-1,-3.745631622E0,4.087910924E0
2.172573046E1,-1.693669549E0,6.658399880E-1,-4.853469950E0,5.183438047E0
2.173581046E1,-1.877969108E0,9.222403944E-1,-6.657292417E0,6.978311948E0
2.174588946E1,-1.888324820E0,8.985094696E-1,-9.051145429E0,9.289581447E0
2.175596946E1,-1.717796915E0,4.551788414E-1,-1.021589500E1,1.036930686E1
2.176604846E1,-1.071858948E0,-1.049682214E0,-1.010597436E1,1.021672316E1
2.177612846E1,2.186363102E-1,-2.679000084E0,-9.244851404E0,9.627674734E0
2.178620846E1,1.773229542E0,-4.240103168E0,-8.541829557E0,9.699776805E0
2.179628746E1,3.219758774E0,-6.074053706E0,-7.565155678E0,1.022216002E1
2.180636746E1,4.592502284E0,-8.066076702E0,-6.327827543E0,1.123361349E1
2.181644646E1,5.495813195E0,-9.817687919E0,-4.764569176E0,1.221851375E1
2.182652646E1,5.799284272E0,-1.126199696E1,-3.366357826E0,1.310712168E1
2.183660546E1,5.242666179E0,-1.199417361E1,-2.719653436E0,1.336945265E1
2.184668546E1,3.789621687E0,-1.131586619E1,-2.450568080E0,1.218258364E1
2.185676546E1,1.918181726E0,-9.891618944E0,-2.733852814E0,1.044018667E1
2.186684446E1,9.465670042E-1,-8.019328213E0,-2.152181449E0,8.356883335E0
2.187692446E1,6.689505605E-1,-6.602126276E0,-9.344505501E-1,6.701400156E0
2.188700346E1,5.090559635E-1,-5.468705503E0,3.972218245E-1,5.506692567E0
2.189708346E1,3.452561572E-1,-4.275274755E0,1.818253688E0,4.658671754E0
2.190716246E1,-4.793738888E-1,-3.113151169E0,3.271998968E0,4.541749308E0
2.191724246E1,-1.440272419E0,-1.485161785E0,5.065549924E0,5.471735209E0
2.192732246E1,-2.033811877E0,1.123369410E0,6.899195822E0,7.279921193E0
2.193740146E1,-2.370658277E0,5.294377785E0,9.237570451E0,1.090794044E1
2.194748146E1,-2.218424409E0,1.020251423E1,1.097394558E1,1.514728309E1
2.195756046E1,-1.224103779E0,1.288876486E1,7.149836721E0,1.478982268E1
2.196764046E1,-4.427191557E-1,1.195977795E1,2.314582309E0,1.218973257E1
2.197771946E1,1.578393008E-1,7.675261672E0,5.915435117E-1,7.699641466E0
2.198779946E1,4.988122264E-1,2.580476255E0,2.530534601E-1,2.640399097E0
2.199787946E1,1.129273198E0,-8.598769158E-1,-2.214652517E0,2.630462323E0
2.200795846E1,2.575539158E0,-1.923963745E0,-4.120142276E0,5.225955494E0
2.201803846E1,5.117445717E0,-7.531915426E-1,-3.132109011E0,6.046954194E0
2.202811746E1,7.919116877E0,2.402102264E0,-2.801591054E0,8.736785440E0
2.203819746E1,1.274774873E1,6.664309076E0,-1.102008947E0,1.442679926E1
2.204827646E1,1.586464914E1,1.003618433E1,1.132694550E0,1.880678296E1
2.205835646E1,9.642618774E0,8.034145058E0,-5.322034530E0,1.363274129E1
2.206843646E1,3.322838462E0,3.382105547E0,-4.667550420E0,6.653263883E0
2.207851546E1,9.692379749E-1,9.317432892E-1,-3.378687850E0,3.636357985E0
2.208859546E1,-2.490928486E-1,-1.330689458E0,-4.118060668E0,4.334882391E0
2.209867446E1,-8.084193715E-1,-2.857720231E0,-5.116977355E0,5.916380992E0
2.210875446E1,-9.615193579E-1,-3.439121162E0,-5.948505215E0,6.938068041E0
2.211883346E1,-9.116478708E-1,-3.242706757E0,-6.735010099E0,7.530379140E0
2.212891346E1,-7.208883074E-1,-2.814394117E0,-7.190363773E0,7.755116078E0
2.213899346E1,-3.356977138E-1,-2.108020645E0,-7.078541036E0,7.393388072E0
2.214907246E1,2.696221304E-1,-1.289053774E0,-6.623148771E0,6.752810923E0
2.215915246E1,8.821132922E-1,-6.123204231E-1,-5.963322060E0,6.059230161E0
2.216923146E1,1.486359003E0,2.458052516E-2,-4.679757652E0,4.910193374E0
2.217931146E1,1.697135632E0,1.007579337E0,-2.822189040E0,3.443869401E0
2.218939046E1,1.200224043E0,1.757474805E0,-1.033138686E-1,2.130710961E0
2.219947046E1,-1.466364741E-2,1.773063481E0,6.654523176E0,6.886700794E0
2.220955046E1,-1.561170911E0,4.761340928E-1,1.354694032E1,1.364490932E1
2.221962946E1,-8.351534262E-1,-3.549400234E-1,6.085056996E0,6.152347708E0
2.222970946E1,-3.328439802E-2,-9.066236508E-1,-6.100891256E-1,1.093290006E0
2.223978846E1,-8.864764845E-1,-1.764597298E0,-3.048112004E0,3.631890826E0
2.224986846E1,-2.290905764E0,-1.973776760E0,-3.493190950E0,4.620219360E0
2.225994746E1,-3.299148760E0,-1.412055218E0,-2.680171866E0,4.479018164E0
2.227002746E1,-3.845624565E0,-1.162949213E0,-1.555761067E0,4.308325854E0
2.228010746E1,-4.012993511E0,-1.377149094E0,-5.685189307E-1,4.280639009E0
2.229018646E1,-3.626535534E0,-1.800944175E0,3.800175985E-1,4.066887418E0
2.230026646E1,-2.737999367E0,-1.847580982E0,1.831593525E0,3.776894341E0
2.231034546E1,-1.966160762E0,-7.903511828E-1,3.191046606E0,3.830564133E0
2.232042546E1,-1.529478710E0,2.077176583E-1,3.516210269E0,3.840076354E0
2.233050446E1,-1.438554507E0,5.080920500E-1,2.838661816E0,3.222669314E0
2.234058446E1,-1.491367435E0,7.576517987E-1,2.064324403E0,2.656999871E0
2.235066446E1,-1.642464458E0,6.889937925E-1,1.792562191E0,2.526990533E0
2.236074346E1,-1.839018027E0,3.843702292E-1,2.154818105E0,2.858840472E0
2.237082346E1,-1.885636708E0,5.230334401E-2,2.784618341E0,3.363400175E0
2.238090346E1,-1.781265371E0,-1.709620607E-1,3.254947318E0,3.714406600E0
2.239098346E1,-1.890737235E0,-2.153172845E-1,3.294730604E0,3.804799413E0
2.240106246E1,-2.310381085E0,-4.164270043E-2,2.967109941E0,3.760762725E0
2.241114246E1,-2.696172187E0,2.845325303E-1,2.623525211E0,3.772689724E0
2.242122246E1,-2.999016443E0,9.392125225E-1,2.422595000E0,3.968020454E0
2.243130146E1,-2.987222024E0,1.502434461E0,1.962751104E0,3.877266644E0
2.244138146E1,-3.201588259E0,2.592532629E0,1.548901699E0,4.401191803E0
2.245146046E1,-3.315264271E0,3.566141982E0,1.332308113E0,5.048107639E0
2.246154046E1,-3.563892558E0,3.879344580E0,1.532469853E0,5.486265432E0
2.247161946E1,-4.108032400E0,3.707013686E0,2.140773239E0,5.933025428E0
2.248169946E1,-4.911954094E0,3.503275058E0,2.785164471E0,6.645101224E0
2.249177946E1,-5.329513704E0,3.522672611E0,3.005056032E0,7.059978782E0
2.250185846E1,-5.591977673E0,4.034529684E0,3.002039161E0,7.520630504E0
2.251193846E1,-5.809863054E0,4.534467207E0,3.292015157E0,8.071757265E0
2.252201746E1,-5.816826503E0,4.817274808E0,3.527601814E0,8.335801204E0
2.253209746E1,-5.778979815E0,5.116463969E0,3.686912713E0,8.553837537E0
2.254217646E1,-5.460770246E0,4.937935027E0,3.797544372E0,8.283994041E0
2.255225646E1,-4.523888716E0,3.567627175E0,3.205727795E0,6.593195240E0
2.256233646E1,-3.574111445E0,2.121330078E0,1.638255340E0,4.467459510E0
2.257241546E1,-2.905972331E0,1.897637826E0,5.009285530E-1,3.506655661E0
2.258249546E1,-2.396267327E0,2.024566260E0,7.680130649E-1,3.229676410E0
2.259257446E1,-1.370779722E0,1.612135828E0,1.706381249E0,2.718410554E0
2.260265446E1,-8.778600276E-2,1.462483360E0,1.744723197E0,2.278293877E0
2.261273346E1,8.487596047E-1,2.235161918E0,8.610755219E-1,2.541218747E0
2.262281346E1,1.738699103E0,3.751244364E0,-4.057605135E-1,4.154461511E0
2.263289346E1,2.816326037E0,5.709710190E0,-1.722189635E0,6.595333194E0
2.264297246E1,4.041388760E0,7.643863294E0,-2.754517459E0,9.074625920E0
2.265305246E1,5.476704494E0,9.211128758E0,-3.373327707E0,1.123470182E1
2.266313146E1,7.198529409E0,9.485656702E0,-4.061364895E0,1.258138281E1
2.267321146E1,9.043521245E0,7.798590560E0,-4.277300230E0,1.268458074E1
2.268329046E1,1.038276050E1,4.802870193E0,-2.944530333E0,1.181268541E1
2.269337046E1,1.040213116E1,1.405218653E0,-3.365297726E-1,1.050201049E1
2.270345046E1,8.693358396E0,-1.570432316E0,2.321244334E0,9.133942912E0
2.271352946E1,5.662855282E0,-2.935262496E0,3.642900721E0,7.345367351E0
2.272360946E1,2.044038950E0,-2.787392260E0,2.920841509E0,4.525369151E0
2.273368846E1,-4.928350563E-1,-2.246743498E0,1.651605995E0,2.831703569E0
2.274376846E1,-1.774052099E0,-1.785796378E0,4.979918620E-1,2.565994047E0
2.275384846E1,-2.477366454E0,-9.498275578E-1,-8.018988490E-2,2.654420342E0
2.276392746E1,-2.734683119E0,-3.105929857E-1,-9.512823451E-1,2.912026419E0
2.277400746E1,-2.762685727E0,4.412484348E-2,-2.349639291E0,3.627007613E0
2.278408646E1,-2.485627693E0,1.763169408E-1,-3.822172260E0,4.562722156E0
2.279416646E1,-2.272111935E0,6.525492668E-4,-5.945148329E0,6.364533111E0
2.280424546E1,-2.232708426E0,-1.418341559E-1,-8.023468627E0,8.329534960E0
2.281432546E1,-1.823814828E0,-5.635581529E-1,-9.048105462E0,9.247275856E0
2.282440546E1,-1.244172008E0,-1.585609349E0,-8.537783868E0,8.772449736E0
2.283448446E1,-4.201814284E-1,-2.934680699E0,-7.089188815E0,7.684107059E0
2.284456446E1,6.683560449E-1,-4.197510880E0,-5.953951312E0,7.315417528E0
2.285464346E1,1.695328550E0,-5.259361734E0,-5.251900102E0,7.623482106E0
2.286472346E1,2.767238369E0,-6.264301053E0,-4.924442577E0,8.434999145E0
2.287480246E1,3.928495106E0,-7.640421622E0,-4.761628319E0,9.822536363E0
2.288488246E1,4.935717763E0,-9.034598978E0,-4.329269114E0,1.116816277E1
2.289496246E1,5.400296588E0,-1.022524587E1,-4.057152269E0,1.225476808E1
2.290504146E1,5.092182237E0,-1.077104603E1,-3.852749397E0,1.252155862E1
2.291512146E1,3.650130218E0,-1.048346593E1,-3.319212896E0,1.158635761E1
2.292520046E1,1.916926183E0,-9.545172002E0,-2.488565626E0,1.004877472E1
2.293528046E1,8.375180402E-1,-8.286702089E0,-7.977116579E-1,8.367031246E0
2.294536046E1,2.823718379E-1,-7.021997291E0,1.276520559E0,7.142666487E0
2.295543946E1,-1.548458187E-1,-5.761212466E0,3.230026485E0,6.606710028E0
2.296551946E1,-7.822130281E-1,-3.152012933E0,5.626492032E0,6.496495620E0
2.297559846E1,-1.958483075E0,1.820925865E0,7.908396007E0,8.348302484E0
2.298567846E1,-3.655718987E0,7.954593104E0,1.142316260E1,1.439195875E1
2.299575746E1,-4.690335850E0,1.137991659E1,1.437733850E1,1.892642635E1
2.300583746E1,-3.748318710E0,1.216364229E1,9.498623487E0,1.588168553E1
2.301591746E1,-2.864451545E0,1.180158504E1,6.306497485E0,1.368409305E1
2.302599646E1,-2.042254380E0,9.726620459E0,5.050169992E0,1.114819113E1
2.303607646E1,-6.960709700E-1,5.620077637E0,2.560068303E0,6.214799848E0
2.304615546E1,7.315796489E-1,2.378278953E-1,-1.944207975E0,2.090864783E0
2.305623546E1,2.817591082E0,-2.702564363E0,-5.292609002E0,6.576806497E0
2.306631446E1,4.551369168E0,-3.540352837E0,-6.948476740E0,9.029417951E0
2.307639446E1,6.633867302E0,-8.464061004E-1,-5.596023946E0,8.720096483E0
2.308647446E1,1.077825915E1,3.710387530E0,-1.766295329E0,1.153506156E1
2.309655346E1,1.431992118E1,6.839806237E0,3.413840433E0,1.623260295E1
2.310663346E1,1.206368882E1,6.498601908E0,3.255108701E0,1.408403875E1
2.311671246E1,4.871423826E0,1.963394444E0,-4.175017226E0,6.709430428E0
2.312679246E1,4.178253660E-1,-9.217977601E-1,-5.618088414E0,5.708520524E0
2.313687246E1,-8.194011734E-1,-2.187876070E0,-6.540473819E0,6.945215458E0
2.314695146E1,-1.851355653E-1,-1.964700712E0,-7.528547430E0,7.782888312E0
2.315703146E1,8.001857610E-1,-1.605789260E0,-7.610052938E0,7.818680331E0
2.316711046E1,1.099373899E0,-1.559572282E0,-6.858196315E0,7.118689863E0
2.317719046E1,9.264503896E-1,-1.571260282E0,-6.032629691E0,6.302363857E0
2.318726946E1,7.538104704E-1,-1.469766067E0,-5.299112860E0,5.550589124E0
2.319734946E1,6.930792421E-1,-9.161762470E-1,-4.659701410E0,4.799224414E0
2.320742946E1,8.440046489E-1,1.052732706E-2,-4.077744700E0,4.164187377E0
2.321750846E1,9.844872209E-1,9.419437569E-1,-3.579116369E0,3.829692822E0
2.322758846E1,1.049039605E0,1.685054115E0,-2.870289990E0,3.489764475E0
2.323766746E1,1.005581051E0,2.160138048E0,-1.691905444E0,2.922316490E0
2.324774746E1,1.079525525E0,2.215356229E0,-2.356210099E-1,2.475620294E0
2.325782746E1,1.300468708E0,1.966974109E0,1.456168951E0,2.771395681E0
2.326790646E1,6.799785554E-1,1.919818654E0,4.090320307E0,4.569331977E0
2.327798646E1,-9.450249472E-1,1.331141447E0,6.637877322E0,6.835672977E0
2.328806546E1,-1.349230394E0,-2.127269679E-1,4.244065826E0,4.458449299E0
2.329814546E1,-1.444633272E0,-1.246443359E0,7.595900776E-1,2.053670720E0
2.330822446E1,-2.010722685E0,-1.993029887E0,-9.326864451E-1,2.980784771E0
2.331830446E1,-2.890656135E0,-2.067401208E0,-1.444473497E0,3.836214844E0
2.332838446E1,-3.637437375E0,-1.504590914E0,-1.606815446E0,4.251658541E0
2.333846346E1,-4.263358714E0,-1.257538451E0,-1.588296145E0,4.720202869E0
2.334854346E1,-4.780670361E0,-1.678256727E0,-1.213426471E0,5.209967231E0
2.335862246E1,-5.070332361E0,-1.598976084E0,-9.654372847E-1,5.403430755E0
2.336870246E1,-4.903475339E0,-1.120466852E0,-3.281667924E-1,5.040556498E0
2.337878683E1,-3.873566069E0,-1.226271635E0,9.038813066E-1,4.162362026E0
2.338886583E1,-2.609743616E0,-1.176196665E0,1.916898555E0,3.445098025E0
2.339894583E1,-1.882439159E0,-6.166882932E-1,1.835759082E0,2.700720838E0
2.340902483E1,-1.535386737E0,-7.143777251E-2,1.202366463E0,1.951461221E0
2.341910483E1,-1.148067757E0,9.015763342E-2,1.300841761E0,1.737347766E0
2.342918383E1,-7.647634748E-1,-1.188393956E-1,2.189305275E0,2.322077424E0
2.343926383E1,-4.650390011E-1,-5.989647979E-1,3.122105595E0,3.212874639E0
2.344934383E1,-2.646107742E-1,-1.127357211E0,3.401642264E0,3.593344297E0
2.345942283E1,-4.545040727E-3,-1.081076499E0,3.074052007E0,3.258610562E0
2.346950283E1,2.281864214E-1,-2.972373605E-1,2.634266838E0,2.660785761E0
2.347958183E1,2.854961514E-1,7.112190592E-1,2.455602533E0,2.572416063E0
2.348966183E1,2.840305468E-1,1.123888058E0,2.395666087E0,2.661393191E0
2.349974183E1,-1.757813358E-1,1.119476919E0,2.230455494E0,2.501811216E0
2.350982083E1,-1.236573259E0,1.627384197E0,2.528250679E0,3.251083549E0
2.351990083E1,-2.442295147E0,2.650764465E0,3.183095562E0,4.808685391E0
2.352997983E1,-3.298447679E0,3.315930853E0,3.620053310E0,5.914384202E0
2.354005983E1,-3.541322598E0,3.293105662E0,3.490581923E0,5.964031590E0
2.355013883E1,-3.594572606E0,3.170359742E0,2.817045829E0,5.559485617E0
2.356021883E1,-4.234651516E0,3.302438988E0,2.504058409E0,5.925258243E0
2.357029883E1,-5.300248389E0,3.407035736E0,2.627978450E0,6.826917037E0
2.358037783E1,-5.768358933E0,3.470934693E0,2.078782374E0,7.045756778E0
2.359045783E1,-5.296365838E0,3.757283369E0,1.293266108E0,6.621269261E0
2.360053683E1,-4.561650912E0,4.510324638E0,1.667563924E0,6.628156367E0
2.361061683E1,-3.979619651E0,4.327643003E0,1.913663875E0,6.182877643E0
2.362069683E1,-3.620034307E0,3.539122583E0,1.153759729E0,5.192417409E0
2.363077583E1,-3.139511879E0,3.608866417E0,7.220163815E-1,4.837536492E0
2.364085583E1,-2.628764608E0,4.288474259E0,1.355039603E0,5.209371091E0
2.365093483E1,-1.496641332E0,4.759656345E0,2.572546846E0,5.613578277E0
2.366101483E1,3.183955103E-2,4.887412745E0,3.113482121E0,5.794962296E0
2.367109383E1,1.120425337E0,4.823366438E0,1.793546863E0,5.266595397E0
2.368117383E1,1.852253200E0,5.017848338E0,-4.241377276E-1,5.365588195E0
2.369125383E1,2.429720125E0,5.923486149E0,-2.100868916E0,6.738314199E0
2.370133283E1,3.170340739E0,6.242486846E0,-3.070032046E0,7.644919829E0
2.371141283E1,4.424514994E0,7.064795986E0,-3.758429423E0,9.144039970E0
2.372149183E1,6.197569120E0,7.229944160E0,-4.060398935E0,1.035223623E1
2.373157183E1,8.177886575E0,6.116958820E0,-3.770108067E0,1.088617145E1
2.374165183E1,9.495912133E0,4.497925617E0,-2.542031397E0,1.081043966E1
2.375173083E1,1.015043542E1,2.631447018E0,-1.385130105E0,1.057707134E1
2.376181083E1,9.931935496E0,5.829603839E-1,-4.627889925E-1,9.959787104E0
2.377188983E1,8.314516125E0,-1.158850315E0,4.818798593E-1,8.408705051E0
2.378196983E1,5.277899162E0,-2.141300658E0,5.485167754E-1,5.722085172E0
2.379204983E1,1.909065771E0,-2.601074241E0,3.830756557E-1,3.249133159E0
2.380212883E1,-5.506384376E-1,-2.730140417E0,5.375462294E-1,2.836516408E0
2.381220883E1,-1.874793778E0,-2.441767436E0,3.173076358E-1,3.094796287E0
2.382228783E1,-2.508469548E0,-2.201492481E0,-8.677706569E-1,3.448480032E0
2.383236783E1,-2.882320637E0,-1.869720880E0,-1.521488782E0,3.757466771E0
2.384244683E1,-2.743577904E0,-1.471340137E0,-1.726719035E0,3.560002828E0
2.385252683E1,-2.347207872E0,-1.450674908E0,-2.302178026E0,3.593586808E0
2.386260683E1,-2.142471563E0,-2.140525902E0,-3.244345146E0,4.438221599E0
2.387268583E1,-2.205622077E0,-2.263722058E0,-4.736016052E0,5.693773296E0
2.388276583E1,-2.213863581E0,-2.168365665E0,-6.009806255E0,6.761713749E0
2.389284483E1,-2.003618464E0,-2.112350509E0,-6.701378084E0,7.306502573E0
2.390292483E1,-1.297722271E0,-2.640118439E0,-6.752399719E0,7.365406331E0
2.391300483E1,-2.226134402E-1,-4.006916792E0,-5.800763032E0,7.053636699E0
2.392308383E1,6.449837007E-1,-5.569930161E0,-4.796063449E0,7.378505986E0
2.393316383E1,1.179216459E0,-7.102680096E0,-4.381553746E0,8.428323038E0
2.394324283E1,1.437587816E0,-8.375995504E0,-4.102201265E0,9.436737499E0
2.395332283E1,1.784319372E0,-9.432221337E0,-4.162933955E0,1.046329843E1
2.396340283E1,2.198668568E0,-1.017452712E1,-4.190291322E0,1.122112681E1
2.397348183E1,2.463995626E0,-1.014058520E1,-3.739235353E0,1.108533372E1
2.398356183E1,2.753384269E0,-9.029554000E0,-3.117468168E0,9.941457547E0
2.399364083E1,3.430983300E0,-7.179768618E0,-2.178928953E0,8.250360913E0
2.400372083E1,3.536342817E0,-4.728837426E0,-7.643655717E-1,5.954148020E0
2.401379983E1,3.299864459E0,-2.607303865E0,5.758264884E-1,4.244845702E0
2.402387983E1,2.945913785E0,-1.691248655E-2,2.050650397E0,3.589409576E0
2.403395983E1,2.004779575E0,2.580695525E0,4.178327627E0,5.304484169E0
2.404403883E1,4.322410914E-1,7.252262982E0,7.697737200E0,1.058476777E1
2.405411883E1,-9.813037044E-1,1.118643807E1,1.086214915E1,1.562324032E1
2.406419783E1,-2.729901558E0,1.070015672E1,1.402515251E1,1.785078764E1
2.407427783E1,-4.782055859E0,8.288118285E0,1.537456125E1,1.810906117E1
2.408435783E1,-5.739557887E0,4.224393454E0,1.089205766E1,1.301633377E1
2.409443683E1,-5.715840411E0,-3.805601835E-1,6.975944036E0,9.026596969E0
2.410451683E1,-4.546129771E0,-3.397131137E0,3.552024465E0,6.695123124E0
2.411459583E1,-3.309814374E0,-3.468212814E0,1.321523362E-1,4.795918635E0
2.412467583E1,-2.075531907E0,-2.051348262E0,-3.049602460E0,4.220892980E0
2.413475583E1,-3.748632413E-1,7.602649194E-1,-5.360165977E0,5.426776622E0
2.414483483E1,2.281692598E0,4.153724590E0,-5.642546148E0,7.368709257E0
2.415491483E1,4.555955139E0,6.808499075E0,-5.384921919E0,9.803559097E0
2.416499383E1,6.050980593E0,7.265443776E0,-5.502576084E0,1.093980726E1
2.417507383E1,6.641893190E0,5.491678044E0,-4.858523114E0,9.893357354E0
2.418515383E1,5.587208683E0,2.204690323E0,-4.480484542E0,7.493483971E0
2.419523283E1,3.304512703E0,-4.215591055E-1,-3.105902668E0,4.554574367E0
2.420531283E1,1.946591593E0,-1.837768185E0,-2.324662324E0,3.545513454E0
2.421539183E1,1.282698435E0,-2.076577828E0,-2.086692926E0,3.211195746E0
2.422547183E1,6.454633185E-1,-1.252459559E0,-2.184802773E0,2.599738641E0
2.423555183E1,5.994723362E-1,-1.301683760E-1,-3.380436752E0,3.435646012E0
2.424563083E1,7.718181404E-1,2.813627547E-1,-4.642828684E0,4.714947129E0
2.425571083E1,7.882806838E-1,4.076772308E-1,-5.126479665E0,5.202728219E0
2.426578983E1,6.319647288E-1,-1.603481948E-1,-4.505163885E0,4.552097604E0
2.427586983E1,3.865638122E-1,-8.882651478E-1,-3.099614280E0,3.247469051E0
2.428594983E1,4.415843573E-1,-1.192463034E0,-1.463094978E0,1.938456021E0
2.429602883E1,1.901546690E-1,-1.746273293E0,-5.488787180E-1,1.840352428E0
2.430610883E1,-1.075894697E0,-3.588041559E0,-4.727041161E-1,3.775584830E0
2.431618783E1,-3.640789291E-1,-2.777047951E0,-1.636261439E0,3.243747876E0
2.432626783E1,5.506279126E-1,-1.502624495E0,-2.715798951E0,3.152242918E0
2.433634783E1,1.385352738E0,-7.330461305E-1,-3.539304432E0,3.870818350E0
2.434642683E1,2.007714877E0,-1.251108268E0,-3.936902817E0,4.592972318E0
2.435650683E1,1.931535305E0,-1.813143806E0,-4.210191736E0,4.974337499E0
2.436658583E1,1.942583911E0,-3.673372900E-1,-4.051715235E0,4.508321781E0
2.437666038E1,2.533668124E0,2.266900020E0,-3.364988993E0,4.783456991E0
2.438674038E1,3.230546595E0,1.882103528E0,-2.036858277E0,4.257644493E0
2.439681938E1,3.110136929E0,8.610861200E-1,-7.370532274E-2,3.227979786E0
2.440689937E1,2.386764140E0,3.627635980E-1,1.305762777E0,2.744677926E0
2.441697837E1,1.485524898E0,-1.923248631E-1,1.828551219E0,2.363762390E0
2.442705838E1,8.367014766E-2,-7.536523032E-1,1.845145617E0,1.994882161E0
2.443713838E1,-1.790248741E0,-9.670715815E-1,1.678766604E0,2.637892209E0
2.444721738E1,-3.661412713E0,-1.295636569E0,1.492368479E0,4.160742825E0
2.445729738E1,-4.697165982E0,-1.474896414E0,1.700829903E0,5.208791612E0
2.446737737E1,-4.577372029E0,-9.375016272E-1,1.770074970E0,4.996439671E0
2.447745637E1,-3.584967093E0,-8.767853093E-1,2.676036131E0,4.558718121E0
2.448753638E1,-2.370124426E0,-4.214556098E-1,4.450493588E0,5.059842666E0
2.449761538E1,-1.468402496E0,-2.185876322E-1,5.157284551E0,5.366709456E0
2.450769538E1,-1.122690841E0,-2.817299598E-1,4.601784446E0,4.745126614E0
2.451777538E1,-1.182786769E0,3.113437682E-1,3.791734579E0,3.984114782E0
2.452785438E1,-1.134332355E0,2.732205069E-1,2.588168267E0,2.839009390E0
2.453793437E1,-1.193414083E0,-9.159137070E-2,2.100840265E0,2.417882539E0
2.454801337E1,-1.753775271E0,-9.039678454E-2,2.009015590E0,2.668340855E0
2.455809338E1,-2.163764491E0,4.632444906E-1,1.721661193E0,2.803674285E0
2.456817338E1,-2.583461258E0,1.289916823E0,1.244175224E0,3.144221600E0
2.457825238E1,-2.713909131E0,1.449259881E0,8.701077890E-1,3.197302698E0
2.458833238E1,-3.221486626E0,2.154800125E0,1.609738469E0,4.196712714E0
2.459841138E1,-3.292216886E0,3.114090816E0,2.062795941E0,4.979094368E0
2.460849137E1,-3.418199825E0,3.642186776E0,2.474124173E0,5.574128181E0
2.461857138E1,-3.873686230E0,4.125238709E0,2.762190760E0,6.297041941E0
2.462865038E1,-4.604792839E0,4.195812848E0,3.111374785E0,6.963448542E0
2.463873038E1,-5.253455461E0,4.006139113E0,3.141735867E0,7.315630467E0
2.464880938E1,-5.123208148E0,3.787839164E0,3.573620571E0,7.305186599E0
2.465888938E1,-3.560033981E0,3.130689307E0,4.775271335E0,6.728913271E0
2.466896937E1,-2.410278718E0,3.400810790E0,4.066895192E0,5.823623788E0
2.467904837E1,1.821545085E-1,1.234852424E0,1.997097795E0,2.355088189E0
2.468912838E1,6.547583449E-1,1.503985727E-1,1.937600622E0,2.050761905E0
2.469920838E1,1.027865667E0,-1.615048910E0,9.393405765E-1,2.132428553E0
2.470928738E1,3.297358050E0,-1.207590950E0,-2.638381378E-1,3.521428201E0
2.471936738E1,3.625528643E0,1.689315566E0,-1.851878247E0,4.407686249E0
2.472944638E1,3.659631067E0,4.077927133E0,-3.041763682E0,6.266954248E0
2.473952637E1,4.469659007E0,4.499745855E0,-3.183505452E0,7.096497120E0
2.474960638E1,5.238988280E0,3.735949218E0,-2.551676964E0,6.922092898E0
2.475968538E1,5.959766368E0,3.149585754E0,-1.580913450E0,6.923726808E0
2.476976538E1,6.888462088E0,2.581242825E0,-1.056953811E0,7.431747831E0
2.477984438E1,7.629679703E0,1.555806676E0,-1.382685823E0,7.908499659E0
2.478992438E1,8.385359235E0,5.806285143E-1,-1.728312109E0,8.581284387E0
2.480000437E1,8.551044184E0,4.290903193E-1,-1.618016080E0,8.713349022E0
2.481008337E1,7.092682527E0,6.852544981E-1,-8.459128878E-1,7.175743011E0
2.482016337E1,5.065150559E0,4.462349403E-1,-2.621075812E-1,5.091520028E0
2.483024338E1,2.715982846E0,2.908902079E-1,-5.312166184E-1,2.782691329E0
2.484032238E1,7.047301117E-1,6.212497061E-1,-6.495940840E-1,1.142176957E0
2.485040238E1,-1.245194979E0,1.103677742E0,-6.535900712E-1,1.787678683E0
2.486048138E1,-2.962193895E0,1.170776296E0,-3.439782482E-1,3.203690191E0
2.487056137E1,-4.048593699E0,5.566806579E-1,6.132647485E-2,4.087146343E0
2.488064137E1,-3.960689290E0,-7.264218199E-1,8.186423510E-2,4.027586134E0
2.489072037E1,-3.767435305E0,-1.469903476E0,6.179279029E-2,4.044502856E0
2.490080038E1,-4.098715447E0,-1.746017770E0,-4.727818841E-1,4.480130476E0
2.491087938E1,-3.452641971E0,-1.796765755E0,-1.765759724E0,4.273992415E0
2.492095938E1,-1.163252976E0,-2.099738064E0,-2.029824661E0,3.143603916E0
2.493103937E1,6.728940690E-1,-3.282159090E0,-2.409714754E0,4.126994053E0
2.494111837E1,7.057367098E-1,-4.208661520E0,-3.082469659E0,5.264267783E0
2.495119837E1,5.463398570E-1,-4.958769826E0,-3.973685312E0,6.377935432E0
2.496127838E1,2.623318219E-1,-5.042566858E0,-4.681582568E0,6.885747152E0
2.497135738E1,1.173302293E-1,-4.954035335E0,-4.791031920E0,6.892765725E0
2.498143738E1,8.628443778E-2,-5.214526454E0,-4.392602938E0,6.818628286E0
2.499151638E1,1.382734939E-1,-5.244199904E0,-4.130199487E0,6.676773172E0
2.500159637E1,2.152441943E-1,-4.503889192E0,-4.560632620E0,6.413323461E0
2.501167637E1,4.948501530E-1,-3.978990490E0,-4.900431863E0,6.331782880E0
2.502175537E1,4.569999567E-1,-3.389623897E0,-4.210029184E0,5.424273670E0
2.503183538E1,-6.549963266E-2,-2.486011562E0,-3.106293554E0,3.979146056E0
2.504191538E1,-9.424276140E-1,-1.407698457E0,-2.003559261E0,2.623744360E0
2.505199438E1,-2.292457030E0,3.169366300E-2,-4.889903659E-1,2.344243012E0
2.506207438E1,-3.922900197E0,1.091203292E0,9.022668904E-1,4.170606206E0
2.507215338E1,-3.406909144E0,7.854646647E-1,2.210646297E0,4.136537405E0
2.508223337E1,1.234113043E0,-1.093456809E0,3.156756195E0,3.561431239E0
2.509231338E1,2.768272449E0,-1.076558940E0,3.603137608E0,4.669573013E0
2.510239238E1,3.009728250E0,4.497508711E-1,4.584110652E0,5.502255034E0
2.511247238E1,1.246617022E0,2.843400400E0,7.831333798E0,8.424296344E0
2.512255138E1,-1.838880326E0,3.748559323E0,1.032614425E1,1.113833169E1
2.513263138E1,-3.929058485E0,3.932849527E0,9.638406440E0,1.112671042E1
2.514271137E1,-4.145113103E0,3.508251039E0,6.353483956E0,8.358022874E0
2.515279037E1,-3.510648982E0,4.670410293E0,3.558229530E0,6.840934583E0
2.516287038E1,-1.921417575E0,3.946722046E0,6.495813371E0,7.839901259E0
2.517295038E1,-7.601093835E-1,1.516242660E0,6.758114787E0,6.967702172E0
2.518302938E1,-6.247182745E-1,-9.617851138E-2,4.025269448E0,4.074594134E0
2.519310938E1,-2.141604128E-1,-1.594528692E0,2.685567092E0,3.130600108E0
2.520318838E1,1.414801362E0,-2.114459599E0,1.470889902E0,2.938727513E0
2.521326837E1,2.361357695E0,-8.110579276E-1,3.997370043E-1,2.528559827E0
2.522334838E1,3.497452693E0,9.796050882E-1,-4.556162131E-1,3.660517396E0
2.523342738E1,4.101803361E0,3.579882939E0,-1.155239659E0,5.565512676E0
2.524350738E1,5.632809364E0,5.911563091E0,-2.717330922E0,8.605754287E0
2.525358738E1,8.485460059E0,6.741350235E0,-5.299285938E0,1.206363407E1
2.526366638E1,6.268282422E0,4.707445972E0,-5.595916357E0,9.631494795E0
2.527374637E1,5.258056635E0,1.234405696E-1,-1.626740710E0,5.505332187E0
2.528382537E1,6.473719667E0,-1.524661481E0,2.675905153E-1,6.656218419E0
2.529390538E1,6.317096733E0,-1.614299882E0,-4.428499871E-1,6.535119842E0
2.530398538E1,4.870965404E0,-2.414261549E0,-2.140445503E0,5.842642360E0
2.531406438E1,4.256178333E0,-2.665829816E0,-3.093544870E0,5.898450854E0
2.532414438E1,3.257719190E0,-1.116630494E0,-5.473711889E0,6.466925067E0
2.533422437E1,1.553150870E0,-5.749824429E-1,-9.414349322E0,9.558914980E0
2.534430337E1,1.891406156E0,-2.564582938E-1,-9.634727372E0,9.821973307E0
2.535438338E1,1.810152955E0,6.559634560E-1,-8.883992829E0,9.090229390E0
2.536446338E1,1.679177371E0,9.228748173E-1,-6.598238463E0,6.870814026E0
2.537454238E1,1.316180469E0,9.667412138E-1,-4.454842455E0,4.744738233E0
2.538462258E1,1.106982296E0,2.751793242E-1,-2.126071439E0,2.412739776E0
2.539470158E1,7.419990948E-1,1.610393357E-1,-8.163473189E-2,7.636494967E-1
2.540478158E1,4.086405596E-1,8.491630626E-1,9.806131482E-1,1.360024691E0
2.541486158E1,6.369643906E-1,7.881584769E-1,8.121794236E-1,1.298673491E0
2.542494058E1,8.715847957E-1,1.328678015E0,1.623140434E0,2.271481937E0
2.543502058E1,6.140219629E-2,1.733726923E0,1.348397166E0,2.197215098E0
2.544510058E1,-7.187602133E-1,1.260960242E0,1.128613778E0,1.838588055E0
2.545517958E1,-1.860946548E0,7.060705858E-1,4.734579684E-1,2.045927705E0
2.546525958E1,-2.465518826E0,6.946492195E-4,-6.934469589E-1,2.561181807E0
2.547533858E1,-2.469426228E0,-1.411983297E0,-1.504528348E0,3.217975804E0
2.548541858E1,-2.074840035E0,-1.650962509E0,-7.193554598E-1,2.747382510E0
2.549549858E1,-1.239924591E0,-2.890120822E0,-8.354846710E-1,3.253958511E0
2.550557758E1,2.971233398E-2,-2.810578809E0,5.623541381E-1,2.866439994E0
2.551565758E1,-6.828080231E-1,-1.930734821E0,3.120185004E-1,2.071549973E0
2.552573758E1,-5.517418072E-1,-1.152661037E0,2.345561442E0,2.671086851E0
2.553581658E1,-1.241653613E0,-2.141867253E0,1.820663910E0,3.073128064E0
2.554589658E1,-2.502265945E0,-1.273427675E0,1.623237936E0,3.243124157E0
2.555597558E1,-3.749293733E0,-2.163359279E0,-8.736905973E-2,4.329545036E0
2.556605558E1,-2.864996506E0,-4.008149385E0,1.762880702E-2,4.926842523E0
2.557613558E1,-3.011036564E0,-2.205677918E0,-1.533181240E-1,3.735620794E0
2.558621458E1,-3.317355235E0,-1.429796255E0,3.467603534E-1,3.628967598E0
2.559629458E1,-2.589180420E0,-1.905954906E0,1.915176550E0,3.742248063E0
2.560637458E1,-2.641479379E0,-1.668712317E0,2.027053081E0,3.724373544E0
2.561645358E1,-2.848941514E0,-2.356758860E0,1.810443562E0,4.116853891E0
2.562653358E1,-2.980869609E0,-2.816397958E0,1.421564544E0,4.340337180E0
2.563661358E1,-2.830406717E0,-2.969573958E0,8.851064819E-1,4.196782715E0
2.564669258E1,-2.686029899E0,-2.623383123E0,6.088951242E-1,3.803636274E0
2.565677258E1,-2.632912038E0,-1.288674874E0,6.875004137E-1,3.010907762E0
2.566685158E1,-3.746958940E0,6.102627879E-1,1.721752995E0,4.168519563E0
2.567693158E1,-5.874547877E0,2.513921492E0,2.317859674E0,6.797248524E0
2.568701158E1,-6.493891976E0,3.305037491E0,3.364230609E0,8.025705788E0
2.569709058E1,-2.950421695E0,7.164420261E0,5.175831919E0,9.317893642E0
2.570717058E1,-1.962142555E0,5.286799793E0,4.099751866E-1,5.654054750E0
2.571725058E1,-2.417954065E0,-1.305427732E0,-3.412835004E0,4.381562072E0
2.572732958E1,-1.125256891E0,-2.946516632E0,7.409427953E-1,3.239932031E0
2.573740958E1,1.549632308E0,-1.738992925E0,1.832458913E0,2.963673793E0
2.574748858E1,-5.923016033E-1,2.899220259E0,1.029639713E0,3.133122602E0
2.575756858E1,-1.782169350E0,5.769473997E0,1.829449936E0,6.309504328E0
2.576764858E1,1.152614844E-1,4.811966121E0,2.719005564E0,5.528227059E0
2.577772758E1,8.547801903E-1,3.967767929E0,2.754450216E0,4.905183739E0
2.578780758E1,2.284890148E-1,3.675956200E0,1.552041653E0,3.996710461E0
2.579788758E1,-1.025739035E-1,2.879363115E0,2.157423588E-1,2.889255634E0
2.580796658E1,-2.128252012E-1,1.288933321E0,-3.636383414E-2,1.306891733E0
2.581804658E1,1.480760002E0,-6.637004918E-1,1.601201534E-1,1.630578728E0
2.582812658E1,3.862206683E0,-1.164115732E0,4.740255868E-1,4.061589118E0
2.583820558E1,3.974275003E0,1.409717501E0,5.247560298E-1,4.249415739E0
2.584828558E1,2.765628923E0,3.506785727E0,5.131533998E-1,4.495506188E0
2.585836458E1,6.817031917E-1,3.518640372E0,1.307507586E-1,3.586452992E0
2.586844458E1,-1.598054270E0,2.894155401E0,-7.440950292E-1,3.388744657E0
2.587852458E1,-2.245289003E0,1.856629549E0,6.931523323E-1,2.994804859E0
2.588860358E1,-1.632304921E0,1.550795027E0,1.553256120E0,2.735322494E0
2.589868358E1,-1.532419567E0,2.627758010E0,1.611534295E-1,3.046209500E0
2.590876358E1,-1.175000032E0,4.259719992E0,-8.012644261E-1,4.490864523E0
2.591884258E1,3.740460929E-1,4.660678772E0,-2.015997604E0,5.091766239E0
2.592892258E1,3.083883516E0,4.814708465E0,-1.694435388E0,5.963460944E0
2.593900258E1,1.384513809E0,5.906115240E0,-1.218871472E0,6.187465021E0
2.594908158E1,-3.028955649E-1,4.617416977E0,-1.353920445E0,4.821346890E0
2.595916158E1,-3.180626576E-1,2.820250103E0,-1.447623246E0,3.185998676E0
2.596924058E1,3.363952866E-1,3.098690420E0,-2.285531880E-1,3.125264895E0
2.597932058E1,2.118534524E0,3.034382157E0,8.034571320E-1,3.786978607E0
2.598940058E1,3.521072521E0,3.912974256E-1,1.707543091E0,3.932781303E0
2.599947958E1,2.958815666E0,-1.189289750E0,3.327691358E0,4.608961925E0
2.600955958E1,8.203500304E-1,1.241504801E0,4.438656485E0,4.681450602E0
2.601963958E1,-1.006669218E0,4.014925724E0,3.903639176E0,5.689587885E0
2.602971858E1,-8.457523086E-1,4.216843529E0,7.144987625E-1,4.359767746E0
2.603979858E1,-5.525113007E-1,3.636466445E0,-1.374789158E0,3.926729195E0
2.604987858E1,-8.830885347E-1,1.260328742E0,-3.405864246E0,3.737403532E0
2.605995758E1,-7.295972235E-1,-1.511144473E0,-3.656093501E0,4.022796219E0
2.607003758E1,-2.393454670E-1,-2.060188082E0,-2.855390992E0,3.529152718E0
2.608011658E1,1.509215769E0,-2.268240786E0,-2.391054534E0,3.624884865E0
2.609019658E1,4.077554666E0,-2.822980168E0,-2.196518254E0,5.424053975E0
2.610027658E1,5.702691193E0,-5.382014683E0,-7.133822367E-1,7.873733746E0
2.611035558E1,5.992747588E0,-6.052866320E0,6.513745612E-1,8.542511525E0
2.612043558E1,4.689867488E0,-5.427387908E0,-7.163725027E-1,7.208646621E0
2.613051558E1,2.807192979E0,-5.373983533E0,-3.981670269E0,7.253532213E0
2.614059458E1,1.222534241E0,-5.817387251E0,-4.528607712E0,7.472942674E0
2.615067458E1,1.472847842E-1,-7.023239824E0,-3.731090766E0,7.954157953E0
2.616075458E1,1.348680755E-1,-7.471939951E0,-2.254841014E0,7.805919806E0
2.617083358E1,1.273885512E0,-6.548149459E0,-6.339179912E-1,6.700962443E0
2.618091358E1,2.368024983E0,-5.819518561E0,5.520286131E-1,6.307065419E0
2.619099358E1,3.005605085E0,-5.668158706E0,4.062385234E-1,6.428585753E0
2.620107258E1,2.148248758E0,-4.630465624E0,2.942625895E-1,5.113000596E0
2.621115258E1,5.616885057E-1,-4.230687397E0,-6.288709670E-2,4.268274196E0
2.622123158E1,-2.040860988E-1,-3.240944406E0,-3.677299306E-1,3.268118278E0
2.623131158E1,-1.099261998E0,-1.960419965E0,3.245643228E-1,2.270895282E0
2.624139158E1,-1.922657477E0,-1.143749295E0,1.697791690E0,2.808428537E0
2.625147058E1,-2.493262110E0,-7.205330890E-1,2.657057238E0,3.714226305E0
2.626155058E1,-3.093734320E0,-8.918880826E-1,2.569487875E0,4.119335424E0
2.627163058E1,-2.692609479E0,-1.214516392E0,2.463067673E0,3.846023691E0
2.628170958E1,-2.648336701E0,5.162541783E-1,3.000220969E0,4.035037983E0
2.629178958E1,-3.945648790E0,1.031523101E0,2.238920508E0,4.652413279E0
2.630186958E1,-5.053340937E0,2.212892212E0,2.233710639E0,5.951689659E0
2.631194858E1,-5.252232808E0,2.547345346E0,1.970942322E0,6.161130694E0
2.632202858E1,-4.401472871E0,2.691417232E0,2.127811424E0,5.580705297E0
2.633210758E1,-2.942338212E0,1.766633298E0,2.828087127E0,4.447069165E0
2.634218758E1,-1.690433407E0,4.826689410E-1,3.896778638E0,4.274975809E0
2.635226758E1,-7.210331722E-1,-1.087540596E0,4.475321451E0,4.661666598E0
2.636234658E1,-2.044478953E-2,-1.712537198E0,3.428348252E0,3.832332629E0
2.637242658E1,4.331664133E-1,-1.990652994E0,1.761149195E0,2.692949864E0
2.638250675E1,1.480523774E0,-1.359506291E0,-1.643126070E-1,2.016731671E0
2.639258575E1,2.175056342E0,1.863648546E0,-1.963916893E0,3.472898725E0
2.640266575E1,2.364452773E0,5.298687183E0,-2.796258685E0,6.440946003E0
2.641274575E1,3.098706207E0,6.191970411E0,-3.187154992E0,7.622364113E0
2.642282475E1,5.005669173E0,4.320328136E0,-3.154649735E0,7.326238737E0
2.643290475E1,6.624686004E0,3.085624232E0,-5.591265482E-1,7.329404072E0
2.644298475E1,6.475994818E0,2.646567918E0,1.191448542E0,7.096645705E0
2.645306375E1,4.285510013E0,1.925688089E0,4.240886110E-1,4.717385064E0
2.646314375E1,2.296334903E0,2.334389167E0,-1.125954756E0,3.462701386E0
2.647322275E1,1.291377311E0,2.750063635E0,-2.871205957E0,4.180230736E0
2.648330275E1,2.043002092E0,2.739004211E0,-3.978144398E0,5.244200079E0
2.649338275E1,3.117944131E0,3.221901779E0,-3.410643760E0,5.633357572E0
2.650346175E1,3.074383544E0,4.033785918E0,-2.144490314E0,5.506550800E0
2.651354175E1,2.438521792E0,2.796268333E0,-1.627044473E0,4.051268794E0
2.652362175E1,1.415067703E0,2.092020324E0,-7.073142886E-2,2.526651653E0
2.653370075E1,-8.010955878E-2,1.749993292E0,9.465709510E-1,1.991203312E0
2.654378075E1,-6.291408891E-1,8.831400633E-1,9.755708018E-1,1.458592822E0
2.655386075E1,-1.956681548E-1,1.367903477E-1,1.862508924E0,1.877747885E0
2.656393975E1,-3.027648796E-1,1.045612552E0,2.719080994E0,2.928886073E0
2.657401975E1,-9.731016688E-1,1.579676764E0,1.374393594E0,2.308952855E0
2.658409975E1,-1.322031193E0,6.910666305E-1,-1.147596325E0,1.882104378E0
2.659417875E1,-1.276867299E0,-7.577500319E-1,-2.129944780E0,2.596389797E0
2.660425875E1,-9.433646303E-1,-1.674387624E0,-1.806607642E0,2.637677371E0
2.661433775E1,-5.884725541E-2,-2.237763344E0,-1.757611629E0,2.846093186E0
2.662441775E1,1.880045930E-1,-2.174505242E0,-1.682780133E0,2.756005760E0
2.663449775E1,-6.617483075E-2,-1.759017300E0,-1.218433442E0,2.140817840E0
2.664457675E1,-4.907398893E-1,-2.055060659E0,-5.350762193E-1,2.179542730E0
2.665465675E1,-6.174196337E-1,-2.571775013E0,-5.108338094E-1,2.693730666E0
2.666473675E1,-1.131258327E0,-2.636242320E0,-4.064101392E-1,2.897358827E0
2.667481575E1,-1.328843492E0,-3.019565313E0,-5.820306766E-1,3.349979017E0
2.668489575E1,-6.148491977E-1,-3.204077711E0,-1.195108899E0,3.474541523E0
2.669497575E1,1.571339073E-1,-3.111634401E0,-1.259116614E0,3.360406874E0
2.670505475E1,2.537766145E-1,-2.965652230E0,-7.317778695E-1,3.065125539E0
2.671513475E1,5.505679786E-2,-3.124379577E0,2.154389066E-1,3.132282381E0
2.672521475E1,-1.888057163E-1,-2.686751153E0,9.845331216E-1,2.867679345E0
2.673529375E1,-5.714996950E-1,-1.811995413E0,8.313413340E-1,2.073901562E0
2.674537375E1,-1.165009552E0,-6.667375356E-1,4.135063201E-1,1.404554618E0
2.675545375E1,-1.681980088E0,2.899441284E-1,4.909427512E-1,1.775992511E0
2.676553275E1,-2.014101206E0,7.801565623E-1,1.025578237E0,2.391037149E0
2.677561275E1,-2.135580619E0,9.432611346E-1,1.456343783E0,2.751614683E0
2.678569275E1,-1.837427292E0,5.350348502E-1,2.355654906E0,3.035047180E0
2.679577175E1,-9.490792604E-1,1.875313157E-1,3.370393574E0,3.506490023E0
2.680585175E1,-2.409649996E-1,5.651252067E-1,2.979073344E0,3.041760777E0
2.681593075E1,-3.380765073E-1,6.059241539E-1,1.703845897E0,1.839709391E0
2.682601075E1,-6.094653739E-1,4.072117925E-1,4.482943296E-1,8.592073626E-1
2.683609075E1,-1.120117262E0,1.154415786E-1,6.627585053E-2,1.127999081E0
2.684616975E1,-1.609401085E0,-5.821622390E-1,1.498968450E-1,1.718008669E0
2.685624975E1,-1.821354320E0,-4.636081874E-1,4.261333458E-1,1.927136149E0
2.686632975E1,-2.123490478E0,2.183946741E-1,6.049798286E-1,2.218762861E0
2.687640875E1,-2.261492076E0,8.542197347E-2,9.140379202E-1,2.440718878E0
2.688648875E1,-2.756431253E0,2.715797782E-2,1.469042766E0,3.123577669E0
2.689656875E1,-4.393822959E0,9.273596317E-1,2.197734475E0,4.999571272E0
2.690664775E1,-5.679772446E0,2.571110185E0,2.941944695E0,6.893871279E0
2.691672775E1,-6.795773195E0,3.271302565E0,3.098008050E0,8.153625431E0
2.692680775E1,-7.411397295E0,2.736813844E0,2.700430130E0,8.349328283E0
2.693688675E1,-6.882673929E0,2.372379697E0,2.052212480E0,7.563792826E0
2.694696675E1,-5.057379609E0,2.328216847E0,1.874188737E0,5.874543865E0
2.695704675E1,-2.825157964E0,2.618369136E0,1.753879352E0,4.232430417E0
2.696712575E1,-9.601798338E-1,2.750388156E0,1.543815206E0,3.296960071E0
2.697720575E1,3.962760008E-1,2.915433419E0,1.200011204E0,3.177548360E0
2.698728475E1,1.615240699E0,3.253425288E0,2.969515778E-2,3.632445515E0
2.699736475E1,1.642640605E0,4.280308623E0,-1.330088364E0,4.773724450E0
2.700744475E1,1.933270758E0,3.813027799E0,-1.817986470E0,4.645620693E0
2.701752375E1,1.685903277E0,2.735775379E0,-1.605638402E0,3.592326747E0
2.702760375E1,4.006718279E-1,5.869892324E0,-9.922185557E-1,5.966629825E0
2.703768375E1,9.171172102E-1,6.187213701E0,-1.542868541E0,6.442294676E0
2.704776275E1,1.676396728E-1,6.834458374E0,-1.054928482E0,6.917427154E0
2.705784275E1,7.035848614E-1,5.488371443E0,-7.740758966E-1,5.587167999E0
2.706792275E1,1.793678717E0,5.001472042E0,4.787233861E-1,5.334902249E0
2.707800175E1,2.067603083E0,5.613479639E0,1.335607551E0,6.129435838E0
2.708808175E1,3.279922530E0,5.289880691E0,1.412455752E0,6.382457268E0
2.709816175E1,2.081625437E0,3.370565482E0,2.884829969E0,4.900624458E0
2.710824075E1,-1.170755830E-1,9.396458012E-1,1.912718965E0,2.134276168E0
2.711832075E1,-1.445091255E0,-5.195765662E-1,1.212788540E-1,1.540440555E0
2.712840075E1,-1.550386160E0,-1.444761034E0,-6.734706044E-1,2.223644384E0
2.713847975E1,-1.103388597E0,-2.052799541E0,-1.197578763E0,2.620238013E0
2.714855975E1,-5.206302345E-1,-2.504377667E0,-1.915842255E0,3.195843376E0
2.715863975E1,2.893009347E-1,-2.984452198E0,-2.427329491E0,3.857794501E0
2.716871875E1,1.344194333E0,-3.667960133E0,-2.728479223E0,4.765017189E0
2.717879875E1,1.620126779E0,-3.125355477E0,-2.414950058E0,4.269032844E0
2.718887875E1,1.931942417E0,-3.277693571E0,-2.396980687E0,4.496798091E0
2.719895775E1,2.807928266E0,-3.359931736E0,-2.194515583E0,4.897907825E0
2.720903775E1,3.259364305E0,-3.891634843E0,-1.807258876E0,5.388363579E0
2.721911675E1,3.765839307E0,-4.414660681E0,-1.863644161E0,6.094583183E0
2.722919675E1,4.235111985E0,-4.872784181E0,-2.524277203E0,6.931967585E0
2.723927675E1,4.357704123E0,-5.230900996E0,-3.476275832E0,7.644370747E0
2.724935575E1,4.348577204E0,-5.459555195E0,-3.960765889E0,8.025243489E0
2.725943575E1,3.998031948E0,-5.843186336E0,-3.640772919E0,7.961300991E0
2.726951575E1,3.376342531E0,-5.896444530E0,-2.438774831E0,7.219097566E0
2.727959475E1,2.348917306E0,-5.604449784E0,-1.628054872E0,6.291091523E0
2.728967475E1,8.612030643E-1,-5.021233292E0,-1.391798124E0,5.281245734E0
2.729975475E1,-7.852196664E-2,-5.025671913E0,-7.155848828E-1,5.076968150E0
2.730983375E1,3.521145026E-1,-4.707624897E0,-4.596449447E-1,4.743099226E0
2.731991375E1,8.202988672E-1,-3.373144689E0,-1.162015997E0,3.660775396E0
2.732999375E1,-5.088004401E-1,-1.988888889E0,1.026641260E0,2.295332041E0
2.734007275E1,-4.297488035E0,-2.662925504E0,2.331208574E0,5.567235316E0
2.735015275E1,-2.061293499E0,-4.180957997E0,1.632491447E0,4.939065598E0
2.736023275E1,-4.142310533E0,-2.384270010E0,1.755966808E0,5.091846370E0
2.737031175E1,-4.415649153E0,-2.033758668E0,2.635529837E0,5.529932123E0
2.738039196E1,-5.066721706E0,2.254593970E0,3.566175019E0,6.593365383E0
2.739047196E1,-5.684854261E0,4.218383685E0,3.078970685E0,7.719610701E0
2.740055096E1,-5.634897405E0,2.247811784E0,2.758253245E0,6.664284474E0
2.741063096E1,-4.152323012E0,1.704599603E0,3.437874244E0,5.653885878E0
2.742070996E1,-2.551215034E0,2.373884770E0,3.043480425E0,4.626748334E0
2.743078996E1,-1.690703402E0,2.316230639E0,1.407557539E0,3.194467185E0
2.744086996E1,-6.508392486E-1,2.531746144E0,4.730654740E-1,2.656524272E0
2.745094896E1,7.422774222E-1,1.810331295E0,6.738389790E-2,1.957757840E0
2.746102896E1,1.136474921E0,1.412896047E0,-7.125808758E-1,1.948235609E0
2.747110896E1,1.598310232E0,2.237370411E0,-1.608040145E0,3.185312397E0
2.748118796E1,2.743950371E0,3.382329496E0,-1.447827021E0,4.589729789E0
2.749126796E1,3.741133944E0,4.486527055E0,-2.689166346E0,6.430911587E0
2.750134796E1,4.200333915E0,5.811740010E0,-4.002525533E0,8.212145736E0
2.751142696E1,4.104071789E0,6.519092891E0,-3.842180262E0,8.608386988E0
2.752150696E1,4.132353017E0,7.100881492E0,-2.265923827E0,8.522515486E0
2.753158696E1,5.299386510E0,7.952912614E0,-8.306189105E-1,9.592822536E0
2.754166596E1,5.679222808E0,7.123975655E0,2.423127097E-1,9.113907850E0
2.755174596E1,4.060502723E0,4.486299013E0,-6.523913920E-2,6.051348391E0
2.756182596E1,2.759608338E0,4.008030687E0,-1.495070185E0,5.090676087E0
2.757190496E1,1.515061815E0,2.991684619E0,-2.304725950E0,4.069072483E0
2.758198496E1,5.067735028E-1,1.962171206E0,-4.153778092E0,4.621775380E0
2.759206496E1,5.429092956E-1,1.049749457E0,-3.095335287E0,3.313280092E0
2.760214396E1,-4.489221744E-1,1.052516944E0,-3.720758736E-1,1.203230440E0
2.761222396E1,-7.530570567E-1,1.638274636E0,1.405518615E-1,1.808533533E0
2.762230396E1,4.978784260E-1,1.747643296E0,-1.171634082E0,2.162143945E0
2.763238296E1,6.143292341E-1,2.181324264E0,-9.969233716E-1,2.475769004E0
2.764246296E1,7.812830284E-2,1.970599968E0,3.311336696E-2,1.972426110E0
2.765254296E1,-2.210577884E-1,1.703009160E0,1.760152245E-1,1.726293169E0
2.766262196E1,-1.251165278E-1,1.178263071E0,4.748406887E-2,1.185838415E0
2.767270196E1,-1.972280458E-1,7.823516071E-2,-2.619961917E-2,2.137897623E-1
2.768278196E1,-5.430893898E-2,-8.091751242E-1,8.110672832E-3,8.110361431E-1
2.769286096E1,1.183187011E-1,-1.492569623E0,1.023367989E-1,1.500745220E0
2.770294096E1,-2.520930550E-1,-2.496250037E0,1.895024121E-2,2.509018586E0
2.771301996E1,-6.342718939E-1,-3.626129737E0,-7.136392218E-1,3.749719809E0
2.772309996E1,-7.796202265E-1,-3.944390761E0,-2.066018780E0,4.520449068E0
2.773317996E1,-7.472389309E-1,-3.643008310E0,-3.726563852E0,5.264708321E0
2.774325896E1,-7.738648121E-1,-2.569178265E0,-3.978394659E0,4.798663123E0
2.775333896E1,-4.068608133E-1,-2.356952988E0,-2.718633097E0,3.621012155E0
2.776341896E1,-1.155795729E-1,-1.913372099E0,-1.465739674E0,2.413036307E0
2.777349796E1,2.463116936E-1,-1.265557907E0,-5.496229224E-1,1.401567559E0
2.778357796E1,5.733869570E-1,-7.993588185E-1,-7.117070094E-2,9.863125224E-1
2.779365796E1,8.544678759E-1,-4.043197596E-1,-3.894026354E-2,9.461005037E-1
2.780373696E1,1.296914040E0,-2.378314036E-1,6.452212438E-2,1.320118520E0
2.781381696E1,1.480631801E0,-4.931307793E-2,2.359092776E-1,1.500118495E0
2.782389696E1,1.251867236E0,-1.136037987E-1,4.521387278E-1,1.335854345E0
2.783397596E1,7.293289094E-1,1.852491474E-1,8.229342073E-1,1.115104755E0
2.784405596E1,-4.147137702E-4,6.969822586E-1,1.309679242E0,1.483591641E0
2.785413596E1,-8.875933758E-1,1.087765714E0,1.868568978E0,2.337221914E0
2.786421496E1,-1.521849994E0,1.390675458E0,2.146319908E0,2.976019956E0
2.787429496E1,-1.954904287E0,1.698910262E0,2.178720499E0,3.384489602E0
2.788437496E1,-2.514039898E0,1.799650771E0,1.984832822E0,3.674057816E0
2.789445396E1,-2.972873249E0,1.466305684E0,8.302039775E-1,3.417201539E0
2.790453396E1,-3.190990473E0,1.532786188E0,-3.212606460E-3,3.540037290E0
2.791461396E1,-3.454184759E0,1.390731592E0,-1.383509696E-2,3.723669980E0
2.792469296E1,-3.741791756E0,1.176654502E0,2.203717639E-1,3.928623814E0
2.793477296E1,-4.071743118E0,7.907072783E-1,-3.320885199E-1,4.161080726E0
2.794485296E1,-4.908991894E0,-1.100498611E-1,-6.968863642E-1,4.959431721E0
2.795493196E1,-5.617560410E0,-9.064996898E-1,-9.259171236E-1,5.765071480E0
2.796501196E1,-6.343582281E0,-1.486763923E0,-2.651548576E-1,6.520874958E0
2.797509196E1,-6.589711468E0,-2.093777997E0,8.185657525E-1,6.962632651E0
2.798517096E1,-6.202267358E0,-2.655945683E0,1.074055747E0,6.831966305E0
2.799525096E1,-4.764808035E0,-2.745775287E0,1.698603868E0,5.755686982E0
2.800533096E1,-2.819856001E0,-2.101978133E0,1.870243621E0,3.983429570E0
2.801540996E1,-1.187992837E0,-1.548668979E0,8.191089588E-1,2.116752720E0
2.802548996E1,-4.668149467E-1,-1.122521564E0,-6.845914239E-1,1.395219077E0
2.803556996E1,-5.692279056E-2,-3.920634109E-1,-2.080622932E0,2.118005124E0
2.804564896E1,-5.220793207E-1,-5.703070092E-1,-2.183371375E0,2.316231306E0
2.805572896E1,2.671241999E-2,-3.628548145E-2,-3.260890428E0,3.261201707E0
2.806580896E1,1.303848107E0,1.077710842E0,-3.736612292E0,4.101676726E0
2.807588796E1,2.336467560E0,1.902965224E0,-2.438417566E0,3.876369117E0
2.808596796E1,3.061152172E0,2.862461738E0,-9.505341938E-1,4.297424238E0
2.809604696E1,3.912949990E0,3.921331682E0,2.471004099E-1,5.545185154E0
2.810612696E1,4.266252793E0,5.603891374E0,1.509641446E0,7.203022194E0
2.811620696E1,3.560881535E0,6.346178445E0,2.845376174E0,7.813451460E0
2.812628596E1,3.098467933E0,5.873916963E0,3.897633209E0,7.700321334E0
2.813636596E1,2.502876394E0,5.297980254E0,4.108535553E0,7.156329325E0
2.814644596E1,1.686231744E0,3.816931400E0,3.574645880E0,5.494582421E0
2.815652496E1,9.308235222E-1,2.073056635E0,2.967085968E0,3.737324629E0
2.816660496E1,3.413809150E-1,3.827745241E-1,1.955083212E0,2.021239132E0
2.817668496E1,-3.106994051E-1,-1.126509365E0,6.084589219E-1,1.317489935E0
2.818676396E1,-6.700344881E-1,-1.829752237E0,-4.035148904E-1,1.989915509E0
2.819684396E1,-5.181714803E-1,-2.059743109E0,-7.665249485E-1,2.258008826E0
2.820692396E1,-4.419340208E-1,-2.305996842E0,-1.054402671E0,2.573847724E0
2.821700296E1,-2.723340690E-3,-2.416063660E0,-1.333692880E0,2.759729647E0
2.822708296E1,5.844982016E-1,-2.599842233E0,-1.147042155E0,2.901124522E0
2.823716296E1,1.125905055E0,-2.910741028E0,-1.353267019E0,3.401677109E0
2.824724196E1,1.684433433E0,-3.051592852E0,-1.534416099E0,3.808407500E0
2.825732196E1,2.096665937E0,-2.889884595E0,-1.348135210E0,3.816400080E0
2.826740196E1,2.699959137E0,-2.838222690E0,-1.135269663E0,4.078495383E0
2.827748096E1,3.287754875E0,-2.798340002E0,-8.574669859E-1,4.401736989E0
2.828756096E1,3.816600156E0,-2.775890787E0,-4.769079718E-1,4.743358264E0
2.829764096E1,3.781010493E0,-2.915583107E0,-2.554970115E-1,4.781416519E0
2.830771996E1,3.111657498E0,-2.879839078E0,-4.327217326E-1,4.261822802E0
2.831779996E1,1.982344393E0,-2.780249301E0,-5.224569046E-1,3.454335925E0
2.832787996E1,1.116755332E0,-2.467197561E0,-1.988930404E-1,2.715467680E0
2.833795896E1,5.484410539E-1,-2.109706982E0,3.004913360E-1,2.200442270E0
2.834803896E1,6.413284600E-2,-2.176345945E0,3.623364589E-1,2.207234107E0
2.835811896E1,-2.396282530E-1,-2.499985238E0,1.233832669E-1,2.514472374E0
2.836819796E1,-5.306324816E-1,-2.688834516E0,-4.149026352E-1,2.771921010E0
2.837827763E1,-7.696143249E-1,-2.796040877E0,-4.070109406E-1,2.928448172E0
2.838835762E1,-9.864077389E-1,-2.779876834E0,-2.727036130E-1,2.962276607E0
2.839843662E1,-1.196088892E0,-2.406047965E0,-8.218080336E-1,2.809815633E0
2.840851663E1,-1.506698543E0,-2.190295063E0,-1.093520251E0,2.874599015E0
2.841859663E1,-1.945109324E0,-1.870645325E0,-9.182046461E-1,2.850590111E0
2.842867563E1,-2.359711704E0,-1.512689307E0,-5.299448490E-1,2.852597029E0
2.843875563E1,-2.956200499E0,-1.027416016E0,2.562577343E-1,3.140123100E0
2.844883562E1,-3.709109621E0,-1.014611784E0,9.031454346E-1,3.950013029E0
2.845891462E1,-4.461260359E0,-9.454327905E-1,1.078307258E0,4.686089382E0
2.846899463E1,-4.898984677E0,-6.649798626E-1,1.219952256E0,5.092203118E0
2.847907463E1,-4.719640633E0,-2.984793091E-1,1.587599741E0,4.988443699E0
2.848915363E1,-4.091783573E0,1.106141174E-1,2.070321600E0,4.587064401E0
2.849923363E1,-3.470766001E0,6.976570272E-1,2.612993206E0,4.400076756E0
2.850931362E1,-2.587121615E0,1.599906961E0,3.235811720E0,4.441100992E0
2.851939262E1,-1.264052249E0,2.553666186E0,3.562200959E0,4.561613174E0
2.852947262E1,2.018203028E0,3.625211139E0,1.412964167E0,4.383122974E0
2.853955263E1,3.001784222E0,5.001225289E0,-1.123226446E0,5.940084222E0
2.854963163E1,1.369545667E0,5.258465940E0,-4.494646499E-1,5.452443292E0
2.855971163E1,5.111097980E-1,4.989741358E0,7.090485728E-1,5.065718302E0
2.856979162E1,2.337396390E0,4.112858400E0,2.535903515E0,5.367479179E0
2.857987062E1,2.749240932E0,3.476429322E0,4.597335592E0,6.385873556E0
2.858995062E1,1.860156589E0,3.100404239E0,3.379327535E0,4.948994198E0
2.860003063E1,1.635882540E0,2.865755475E0,4.517105654E-1,3.330571807E0
2.861010963E1,1.574811004E0,2.559157891E0,-2.367610416E0,3.825558507E0
2.862018963E1,1.340328008E0,2.302641125E0,-3.597588015E0,4.476748245E0
2.863026962E1,1.139045210E0,2.192800010E0,-4.283288949E0,4.944932769E0
2.864034862E1,7.109363464E-1,1.869177089E0,-4.405378811E0,4.838038440E0
2.865042862E1,1.519673806E-1,1.742635741E0,-4.103915668E0,4.461165455E0
2.866050863E1,-2.563270238E-1,1.818183521E0,-3.629651223E0,4.067660612E0
2.867058763E1,-5.455841044E-1,1.689116176E0,-2.719859550E0,3.247831807E0
2.868066763E1,-9.713055503E-1,1.507308699E0,-1.170588892E0,2.141422971E0
2.869074762E1,-1.035422609E0,1.457310328E0,7.632353050E-1,1.943805932E0
2.870082662E1,-8.411351278E-1,1.409241537E0,2.498460284E0,2.989276469E0
2.871090662E1,-5.572531003E-1,9.157605100E-1,3.504734816E0,3.665012204E0
2.872098562E1,-1.344423983E-1,2.003706318E-1,3.099938508E0,3.109315343E0
2.873106563E1,2.173401287E-1,-6.575755334E-1,2.184218636E0,2.291386778E0
2.874114563E1,4.276840639E-1,-1.375849843E0,8.464379677E-1,1.671027732E0
2.875122463E1,4.540190461E-1,-2.000888545E0,-4.241041061E-1,2.095125905E0
2.876130463E1,1.948552456E-1,-2.362959833E0,-1.617393644E0,2.870106259E0
2.877138462E1,1.362094268E-1,-2.558262098E0,-2.354157726E0,3.479269546E0
2.878146463E1,4.173584658E-1,-2.514705604E0,-2.918565480E0,3.875042816E0
2.879154363E1,6.720728275E-1,-2.501329513E0,-3.010038444E0,3.970977544E0
2.880162363E1,8.720847327E-1,-2.241194490E0,-2.489049191E0,3.461047587E0
2.881170363E1,1.068507617E0,-1.647937744E0,-1.502699632E0,2.472956433E0
2.882178263E1,1.493498453E0,-1.367873656E0,-2.575564009E-1,2.041556090E0
2.883186262E1,1.541736228E0,-1.135740364E0,8.115403229E-1,2.079772696E0
2.884194162E1,1.195599773E0,-1.103058522E0,1.304254488E0,2.085012395E0
2.885202163E1,4.595759475E-1,-1.144991244E0,5.291174680E-1,1.342453089E0
2.886210163E1,-5.561997244E-1,-1.161037173E0,-4.092571485E-1,1.350872631E0
2.887218063E1,-1.533841318E0,-9.567951000E-1,-1.095338443E0,2.113738952E0
2.888226063E1,-2.522002052E0,-8.207929569E-1,-1.210684127E0,2.915467627E0
2.889234062E1,-2.865763661E0,-9.472419190E-1,-9.309644401E-1,3.158569835E0
2.890241962E1,-2.973038141E0,-6.155936944E-1,-1.775349158E-1,3.041287561E0
2.891249963E1,-2.015638146E0,-7.248752314E-1,-2.749085981E-1,2.159586992E0
2.892257963E1,4.394925159E-1,-1.644038236E-1,-1.095305699E0,1.191585860E0
2.893265863E1,2.751526901E0,9.444106972E-1,-2.171267346E0,3.630043214E0
2.894273863E1,3.462231113E0,2.003239126E0,-3.088322722E0,5.053488746E0
2.895281862E1,1.945670072E0,1.077389830E0,-2.790738329E0,3.568560115E0
2.896289762E1,-1.288095123E0,2.634207489E0,-1.639396132E0,3.359443081E0
2.897297763E1,-1.474389460E0,6.688808325E0,7.739015034E-1,6.892960512E0
2.898305763E1,-6.833830968E-1,6.090692543E0,3.423633057E0,7.020314197E0
2.899313663E1,-3.074881142E-1,4.568314399E0,5.197868321E0,6.926895443E0
2.900321663E1,1.994570044E-1,3.791593661E0,5.974428846E0,7.078825158E0
2.901329662E1,9.144656441E-1,3.357953623E0,5.585641630E0,6.581146736E0
2.902337562E1,1.899992500E0,3.220608374E0,4.406890901E0,5.779530882E0
2.903345563E1,2.226970261E0,3.475497860E0,4.001761595E0,5.749137134E0
2.904353563E1,1.655931473E0,3.316342497E0,3.430026111E0,5.050278777E0
2.905361463E1,7.619761071E-1,2.348657543E0,2.338398018E0,3.400721267E0
2.906369463E1,1.839756238E-1,8.815928900E-1,1.637363055E0,1.868692277E0
2.907377462E1,-4.101903641E-1,-2.622137082E-1,1.298439140E0,1.386707021E0
2.908385362E1,-1.000527303E0,1.575748605E-1,1.259437334E0,1.616189073E0
2.909393363E1,-1.447103136E0,8.933715212E-1,1.778517764E0,2.460761183E0
2.910401363E1,-1.592746460E0,6.835845333E-1,2.385340343E0,2.948555181E0
2.911409263E1,-1.000641616E0,4.654494756E-1,2.595124699E0,2.820035295E0
2.912417263E1,3.920233575E-1,5.879574144E-1,1.620074300E0,1.767488889E0
2.913425262E1,1.418491833E0,3.530782700E-1,1.022524236E0,1.783911196E0
2.914433162E1,2.286198755E0,-6.088588715E-2,1.163010901E0,2.565736969E0
2.915441163E1,2.893703704E0,-5.282281065E-1,1.004846641E0,3.108418059E0
2.916449163E1,3.090528876E0,-7.971684515E-1,7.731396112E-1,3.283990124E0
2.917457063E1,2.883043645E0,-1.105358816E0,8.101378682E-1,3.192190805E0
2.918465063E1,2.266409731E0,-1.246260926E0,5.746251780E-1,2.649523251E0
2.919473062E1,1.411131650E0,-1.374066442E0,4.226303154E-1,2.014439750E0
2.920480962E1,8.538589615E-1,-1.390459696E0,6.223443049E-1,1.746357846E0
2.921488963E1,8.476556504E-1,-1.148738140E0,3.551917461E-1,1.471149412E0
2.922496963E1,1.208811556E0,-1.034963018E0,-6.148259550E-1,1.705984989E0
2.923504863E1,1.600189966E0,-8.724858516E-1,-1.408146062E0,2.303196652E0
2.924512863E1,1.767602474E0,-6.068866056E-1,-8.755924773E-1,2.063829461E0
2.925520862E1,1.771949002E0,-3.778032213E-1,-1.937211782E-2,1.811881293E0
2.926528762E1,2.020109805E0,-3.890374768E-1,6.997237256E-1,2.172971945E0
2.927536762E1,2.614361454E0,-4.656114435E-1,1.244376661E0,2.932601764E0
2.928544763E1,2.799443664E0,-5.508679408E-1,-1.998201457E0,3.483267055E0
2.929552663E1,2.086677139E0,-7.587925905E-1,-1.997938625E0,2.986929263E0
2.930560663E1,1.201330629E0,2.384038460E-1,2.460910927E0,2.748838712E0
2.931568662E1,3.352705747E-2,1.821530467E-1,4.222838971E0,4.226898718E0
2.932576562E1,-9.833408743E-2,-4.148131728E-2,3.836407891E0,3.837892103E0
2.933584562E1,8.345920935E-1,1.982410759E-1,3.958463840E0,4.050343128E0
2.934592563E1,1.221406751E0,1.147510225E-1,3.645965539E0,3.846825569E0
2.935600563E1,8.334378532E-1,-4.663394219E-1,4.408794170E0,4.511048342E0
2.936608463E1,2.925139797E-1,-1.298965389E0,2.804057994E0,3.104128983E0
2.937616462E1,-2.906729838E-1,-1.834756284E0,2.273005682E0,2.935536789E0
2.938624496E1,-3.214916110E-1,-1.977651125E0,2.380737415E0,3.111650923E0
2.939632396E1,-1.523731774E-1,-1.886784225E0,2.845336120E0,3.417471278E0
2.940640396E1,-1.503134957E-1,-1.848989577E0,2.416337602E0,3.046316466E0
2.941648296E1,4.073690826E-1,-1.818374140E0,2.389375799E0,3.030107389E0
2.942656296E1,9.056673387E-1,-2.037748808E0,1.937888305E0,2.954329808E0
2.943664296E1,1.333037992E0,-1.987476786E0,1.483817218E0,2.815806776E0
2.944672296E1,1.419508956E0,-1.873225701E0,1.598154550E0,2.842196012E0
2.945680196E1,1.127270088E0,-2.010835828E0,1.342129535E0,2.667491381E0
2.946688196E1,5.857758182E-1,-1.832822610E0,8.651929119E-1,2.109722921E0
2.947696196E1,-2.539200175E-1,-1.270738540E0,9.306679863E-1,1.595429320E0
2.948704096E1,-9.763902891E-1,-6.919214934E-1,1.071080392E0,1.606021966E0
2.949712096E1,-1.474866008E0,-5.492289662E-2,6.884757292E-1,1.628571489E0
2.950719996E1,-1.751213898E0,4.016288710E-1,6.978271812E-1,1.927438363E0
2.951727996E1,-1.711639358E0,6.065936601E-1,9.409126005E-1,2.045233894E0
2.952735996E1,-1.401707108E0,5.842239672E-1,7.608046174E-1,1.698506440E0
2.953743996E1,-8.645731071E-1,6.407758981E-1,7.741327608E-1,1.325655287E0
2.954751896E1,-2.700972167E-1,7.469519788E-1,9.149880928E-1,1.211648866E0
2.955759896E1,1.725440249E-1,8.425106853E-1,5.400084919E-1,1.015482578E0
2.956767896E1,8.982200325E-2,9.502298462E-1,-9.819229245E-2,9.595032461E-1
2.957775796E1,-5.915698242E-1,1.092749296E0,-5.157057095E-1,1.345365474E0
2.958783796E1,-1.347561891E0,1.156083412E0,-3.420147532E-1,1.808155413E0
2.959791796E1,-1.718117781E0,1.001131028E0,-2.519530141E-1,2.004413222E0
2.960799696E1,-1.778383863E0,1.065726973E0,-3.248110753E-1,2.098553164E0
2.961807696E1,-1.791258262E0,8.343994278E-1,4.148014784E-2,1.976499221E0
2.962815696E1,-1.498840469E0,6.323828048E-1,2.606220961E-2,1.626994162E0
2.963823596E1,-9.855441052E-1,4.258597326E-1,-7.102378964E-2,1.075963788E0
2.964831596E1,-3.596461549E-1,1.866858083E-1,3.276428819E-1,5.211015312E-1
2.965839596E1,5.110457709E-1,1.224705166E-1,4.966449559E-1,7.230650176E-1
2.966847496E1,1.369876620E0,-8.228611171E-2,-4.545075810E-1,1.445652136E0
2.967855496E1,1.821559996E0,-1.157912421E-1,-1.197843642E0,2.183189827E0
2.968863496E1,2.077369249E0,1.018099648E-1,-1.342735891E0,2.475634855E0
2.969871396E1,1.790626763E0,-3.543178797E-2,-1.768030783E0,2.516651042E0
2.970879396E1,1.301582310E0,-3.502891481E-1,-2.548147584E0,2.882685399E0
2.971887396E1,7.027689555E-1,-3.759005374E-1,-2.888294152E0,2.996235726E0
2.972895296E1,-1.708421928E-1,-4.132747704E-1,-3.301177744E0,3.331329702E0
2.973903296E1,-9.230619282E-1,-3.222137421E-1,-2.562424146E0,2.742605061E0
2.974911296E1,-1.020525365E0,-1.339825147E-1,-1.618133317E0,1.917753573E0
2.975919196E1,4.013762712E-2,-3.941385877E-1,-1.408753295E0,1.463400868E0
2.976927196E1,1.012199222E0,-6.945778835E-1,-1.466281711E0,1.912319994E0
2.977935196E1,1.393449377E0,-1.030311558E0,-1.115586181E0,2.061013246E0
2.978943096E1,1.241859435E0,-1.252427984E0,-5.813711107E-1,1.857089949E0
2.979951096E1,9.475372034E-1,-1.270581835E0,-4.800148898E-1,1.656085519E0
2.980959096E1,6.234970835E-1,-1.018154027E0,-4.576089442E-1,1.278589919E0
2.981966996E1,4.033634475E-1,-7.627587569E-1,-2.902084225E-1,9.103427489E-1
2.982974996E1,2.751898491E-1,-3.715782756E-1,9.004712105E-4,4.623858549E-1
2.983982996E1,3.323387808E-1,-2.178573149E-1,4.535153085E-1,6.029817658E-1
2.984990896E1,-2.914486170E-1,-1.885972631E-1,5.626851636E-1,6.611549118E-1
2.985998896E1,-1.054461143E0,-1.971891618E-1,2.166627288E-2,1.072959130E0
2.987006896E1,-1.254740851E0,-1.378937173E-1,7.330648416E-1,1.459716870E0
2.988014796E1,-1.128031687E0,-3.230615884E-1,-1.553207588E-1,1.183616837E0
2.989022796E1,-9.896280929E-1,-4.545613754E-1,-9.908691645E-2,1.093530074E0
2.990030796E1,-6.949161449E-1,-3.622759402E-2,5.194800872E-1,8.683780559E-1
2.991038696E1,-4.388490298E-1,2.855195403E-1,-4.657927072E-1,7.007658132E-1
2.992046696E1,-9.779263526E-2,5.762518734E-1,-1.208198476E-1,5.968475992E-1
2.993054696E1,-4.939397416E-1,9.434441525E-1,1.967912003E0,2.237574801E0
2.994062596E1,-2.037778044E-1,1.765187867E0,1.909965511E0,2.608712681E0
2.995070596E1,-3.020817786E-2,1.639140024E0,1.680672212E0,2.347839780E0
2.996078596E1,-2.428029987E-1,1.408220029E0,1.719920477E0,2.236104513E0
2.997086496E1,-5.236757568E-1,1.506138087E0,1.405190586E0,2.125382041E0
2.998094496E1,-6.321205571E-1,1.227705372E0,1.071542029E0,1.747867043E0